/*
SQLyog Job Agent v11.33 (32 bit) Copyright(c) Webyog Inc. All Rights Reserved.


MySQL - 5.6.35 : Database - devotional
*********************************************************************
*/

/*!40101 SET NAMES utf8 */;

/*!40101 SET SQL_MODE=''*/;

/*!40014 SET @OLD_UNIQUE_CHECKS=@@UNIQUE_CHECKS, UNIQUE_CHECKS=0 */;
/*!40014 SET @OLD_FOREIGN_KEY_CHECKS=@@FOREIGN_KEY_CHECKS, FOREIGN_KEY_CHECKS=0 */;
/*!40101 SET @OLD_SQL_MODE=@@SQL_MODE, SQL_MODE='NO_AUTO_VALUE_ON_ZERO' */;
/*!40111 SET @OLD_SQL_NOTES=@@SQL_NOTES, SQL_NOTES=0 */;
/*Database structure for database `devotional` */

CREATE DATABASE /*!32312 IF NOT EXISTS*/`devotional` /*!40100 DEFAULT CHARACTER SET latin1 */;

USE `devotional`;

/*Table structure for table `tbl_album` */

DROP TABLE IF EXISTS `tbl_album`;

CREATE TABLE `tbl_album` (
  `albumId` int(11) NOT NULL AUTO_INCREMENT,
  `albumImage` longtext,
  `albumName` varchar(255) CHARACTER SET utf8 COLLATE utf8_unicode_ci NOT NULL,
  `albumDesc` varchar(255) CHARACTER SET utf8 COLLATE utf8_unicode_ci NOT NULL,
  `singerName` varchar(255) CHARACTER SET utf8 COLLATE utf8_unicode_ci NOT NULL,
  `createdBy` int(11) DEFAULT NULL,
  `createdOn` datetime DEFAULT NULL,
  `updatedBy` int(11) DEFAULT NULL,
  `updatedOn` datetime DEFAULT NULL,
  `deleted` enum('Yes','No') DEFAULT NULL,
  PRIMARY KEY (`albumId`),
  UNIQUE KEY `albumId_UNIQUE` (`albumId`)
) ENGINE=InnoDB AUTO_INCREMENT=4 DEFAULT CHARSET=latin1;

/*Data for the table `tbl_album` */

insert  into `tbl_album` values (2,'images.jpg','mata ki choki','ffwfwfwwewfwecwcwecwcefwwf','Anup jalota',NULL,NULL,NULL,NULL,'No'),(3,'epic1.jpg','bhajan','aaddcdcwfwfefwfwffefe','Anuradha',NULL,NULL,NULL,NULL,'No');

/*Table structure for table `tbl_calendar` */

DROP TABLE IF EXISTS `tbl_calendar`;

CREATE TABLE `tbl_calendar` (
  `calendarId` int(11) NOT NULL,
  `year` varchar(4) NOT NULL,
  `eventDate` datetime NOT NULL,
  `eventTitle` varchar(255) CHARACTER SET utf8 COLLATE utf8_unicode_ci NOT NULL,
  `eventType` enum('chowki','jagran') NOT NULL,
  `eventAddress` varchar(255) CHARACTER SET utf8 COLLATE utf8_unicode_ci NOT NULL,
  `createdBy` int(11) DEFAULT NULL,
  `createdOn` datetime DEFAULT NULL,
  `updatedBy` int(11) DEFAULT NULL,
  `updatedOn` datetime DEFAULT NULL,
  `deleted` enum('Yes','No') DEFAULT 'No',
  `megaevents` enum('Yes','No') DEFAULT 'No',
  `eventImage` longtext,
  `payment` enum('U','P') DEFAULT NULL,
  PRIMARY KEY (`calendarId`),
  UNIQUE KEY `calendarId_UNIQUE` (`calendarId`)
) ENGINE=InnoDB DEFAULT CHARSET=latin1;

/*Data for the table `tbl_calendar` */

insert  into `tbl_calendar` values (0,'2018','2018-01-05 15:44:21','mata ka jagran','chowki','Sundeep Kukreja ji, No. 1, NIT, Faridabad, Haryana',NULL,'2018-01-05 15:44:59',NULL,NULL,'No','No','mata.jpg','U'),(1,'2015','2018-01-15 13:20:48','godblessings','jagran','Sundeep Kukreja ji, No. 1, NIT, Faridabad, Haryana',NULL,NULL,NULL,NULL,'No','Yes','mata.jpg','U'),(2,'2017','2018-03-09 13:21:20','heaven on earth','chowki','Sundeep Kukreja ji, No. 1, NIT, Faridabad, Haryana',NULL,NULL,NULL,NULL,'No','Yes',NULL,'P'),(3,'2017','2018-01-05 14:49:02','stay blessed','chowki','Sundeep Kukreja ji, No. 1, NIT, Faridabad, Haryana',NULL,NULL,NULL,NULL,'No','Yes','mata.jpg','P'),(4,'2017','2018-01-12 15:13:09','shanti namah','jagran','Sundeep Kukreja ji, No. 1, NIT, Faridabad, Haryana',NULL,NULL,NULL,NULL,'No','Yes','maagauri.jpg','U'),(5,'','2018-01-11 22:28:50','do good and achieve good','chowki','Sundeep Kukreja ji, No. 1, NIT, Faridabad, Haryana',NULL,NULL,NULL,NULL,'No','Yes','epic2.jpg','U'),(6,'','2018-02-11 22:28:50','','chowki','Sundeep Kukreja ji, No. 1, NIT, Faridabad, Haryana',NULL,NULL,NULL,NULL,'No','No',NULL,'U'),(7,'','2018-02-02 15:13:09','','chowki','Sundeep Kukreja ji, No. 1, NIT, Faridabad, Haryana',NULL,NULL,NULL,NULL,'No','No',NULL,'U'),(8,'','2018-02-25 15:13:09','hanuman chalisa','chowki','Sundeep Kukreja ji, No. 1, NIT, Faridabad, Haryana',NULL,NULL,NULL,NULL,'No','No',NULL,'U');

/*Table structure for table `tbl_comment` */

DROP TABLE IF EXISTS `tbl_comment`;

CREATE TABLE `tbl_comment` (
  `commentId` int(11) NOT NULL AUTO_INCREMENT,
  `comments` varchar(255) CHARACTER SET utf8 COLLATE utf8_unicode_ci NOT NULL,
  `deleted` enum('No','Yes') DEFAULT 'No',
  `contentId` int(11) DEFAULT NULL,
  `userId` int(11) DEFAULT NULL,
  `createdDate` timestamp NULL DEFAULT CURRENT_TIMESTAMP,
  `wallpaperId` int(11) DEFAULT NULL,
  `TextualId` int(11) DEFAULT NULL,
  `QuotesId` int(11) DEFAULT NULL,
  `translationId` int(11) DEFAULT NULL,
  PRIMARY KEY (`commentId`)
) ENGINE=InnoDB AUTO_INCREMENT=168 DEFAULT CHARSET=latin1;

/*Data for the table `tbl_comment` */

insert  into `tbl_comment` values (1,'nice','No',NULL,2,'2018-01-31 16:52:38',1,NULL,NULL,NULL),(2,'hgfh','No',4,1,'2018-01-31 17:24:21',NULL,NULL,NULL,NULL),(3,'great','No',NULL,2,'2018-01-31 17:28:27',2,NULL,NULL,NULL),(4,'Y','No',NULL,1,'2018-01-31 17:39:24',1,NULL,NULL,NULL),(5,'mindblowing','No',NULL,1,'2018-01-31 18:14:10',NULL,1,NULL,NULL),(6,'mindblowing','No',NULL,2,'2018-01-31 18:17:00',NULL,2,NULL,NULL),(7,'mindblowing','No',NULL,2,'2018-01-31 18:18:31',NULL,3,NULL,NULL),(8,'mindblowing','No',NULL,2,'2018-01-31 18:18:44',NULL,3,NULL,NULL),(9,'vikash','No',7,33,'2018-01-31 18:36:03',NULL,NULL,NULL,NULL),(10,'vikashkjk','No',7,33,'2018-01-31 18:36:13',NULL,NULL,NULL,NULL),(11,'sdfsadf','No',7,33,'2018-01-31 18:38:13',NULL,NULL,NULL,NULL),(12,'dfgdfg','No',7,33,'2018-01-31 18:38:56',NULL,NULL,NULL,NULL),(13,'nice','No',7,33,'2018-01-31 18:39:36',NULL,NULL,NULL,NULL),(14,'ety','No',1,33,'2018-01-31 18:42:02',NULL,NULL,NULL,NULL),(15,'yytyr','No',1,33,'2018-01-31 18:42:07',NULL,NULL,NULL,NULL),(16,'ytytry','No',1,33,'2018-01-31 18:42:16',NULL,NULL,NULL,NULL),(17,'yyy','No',7,33,'2018-01-31 18:42:45',NULL,NULL,NULL,NULL),(18,'jiui','No',7,33,'2018-01-31 18:43:15',NULL,NULL,NULL,NULL),(19,'fgggg','No',7,33,'2018-01-31 18:49:49',NULL,NULL,NULL,NULL),(20,'vikash','No',7,33,'2018-01-31 18:50:03',NULL,NULL,NULL,NULL),(21,'gaurav','No',7,33,'2018-01-31 18:50:14',NULL,NULL,NULL,NULL),(22,'hjhjyj','No',1,33,'2018-01-31 19:15:41',NULL,NULL,NULL,NULL),(23,'lk;l','No',1,33,'2018-01-31 19:36:39',NULL,NULL,NULL,NULL),(24,'vikash','No',1,33,'2018-01-31 19:36:45',NULL,NULL,NULL,NULL),(25,'nice','No',2,33,'2018-01-31 19:37:00',NULL,NULL,NULL,NULL),(26,'hjk','No',3,33,'2018-01-31 19:37:16',NULL,NULL,NULL,NULL),(27,'nice','No',16,33,'2018-01-31 20:02:59',NULL,NULL,NULL,NULL),(28,'kk','No',1,1,'2018-01-31 20:13:55',NULL,NULL,NULL,NULL),(29,'nice','No',1,1,'2018-01-31 20:16:41',NULL,NULL,NULL,NULL),(30,';pop','No',1,1,'2018-01-31 21:11:21',NULL,NULL,NULL,NULL),(31,'hello','No',1,3,'2018-01-31 21:32:07',NULL,NULL,NULL,NULL),(32,'great','No',NULL,1,'2018-02-01 00:03:03',NULL,NULL,1,NULL),(33,'vikash','No',1,1,'2018-02-01 10:31:39',NULL,NULL,NULL,NULL),(34,'hello','No',11,1,'2018-02-01 10:31:51',NULL,NULL,NULL,NULL),(35,'asnklfj','No',11,1,'2018-02-01 10:32:08',NULL,NULL,NULL,NULL),(36,'jkndfsjkasn','No',1,1,'2018-02-01 10:32:24',NULL,NULL,NULL,NULL),(37,'jjjjjjjjjjjjjjjjjjj','No',1,1,'2018-02-01 10:33:18',NULL,NULL,NULL,NULL),(38,'ffr','No',1,1,'2018-02-01 10:36:01',NULL,NULL,NULL,NULL),(39,'lllllllllllllll','No',1,1,'2018-02-01 10:37:18',NULL,NULL,NULL,NULL),(40,'kkkkkkkk','No',1,1,'2018-02-01 10:37:28',NULL,NULL,NULL,NULL),(41,'hello','No',3,1,'2018-02-01 11:13:11',NULL,NULL,NULL,NULL),(42,'hii','No',3,1,'2018-02-01 11:13:14',NULL,NULL,NULL,NULL),(43,'dfhgtrh','No',3,1,'2018-02-01 11:13:55',NULL,NULL,NULL,NULL),(44,'grty4y y ry y 4 y46y','No',3,1,'2018-02-01 11:27:34',NULL,NULL,NULL,NULL),(45,'hello','No',4,1,'2018-02-01 11:35:46',NULL,NULL,NULL,NULL),(46,'hello','No',11,1,'2018-02-01 11:38:20',NULL,NULL,NULL,NULL),(47,'tt','No',1,1,'2018-02-01 11:41:57',NULL,NULL,NULL,NULL),(48,'fgfdgfdg','No',NULL,1,'2018-02-01 11:58:10',2,NULL,NULL,NULL),(49,'hello','No',0,1,'2018-02-01 12:47:40',NULL,NULL,NULL,NULL),(50,'hello','No',0,1,'2018-02-01 13:04:36',NULL,NULL,NULL,NULL),(51,'vikash','No',NULL,1,'2018-02-01 13:12:32',1,NULL,NULL,NULL),(52,'hgfhgh','No',NULL,1,'2018-02-01 13:12:46',1,NULL,NULL,NULL),(53,'ytytyut','No',NULL,1,'2018-02-01 13:23:05',2,NULL,NULL,NULL),(54,'asd','No',4,1,'2018-02-01 13:28:29',NULL,NULL,NULL,NULL),(55,'asd','No',4,1,'2018-02-01 13:28:30',NULL,NULL,NULL,NULL),(56,'as','No',4,1,'2018-02-01 13:28:30',NULL,NULL,NULL,NULL),(57,'as','No',4,1,'2018-02-01 13:28:31',NULL,NULL,NULL,NULL),(58,'gggg','No',4,1,'2018-02-01 13:28:33',NULL,NULL,NULL,NULL),(59,'ggggggffffff','No',4,1,'2018-02-01 13:28:42',NULL,NULL,NULL,NULL),(60,'jkjkj','No',4,1,'2018-02-01 13:28:45',NULL,NULL,NULL,NULL),(61,'hjhjghjfhrdgvfgsreghstrhaersgfhfg','No',4,1,'2018-02-01 13:28:49',NULL,NULL,NULL,NULL),(62,'ppppppppppp','No',4,1,'2018-02-01 13:29:35',NULL,NULL,NULL,NULL),(63,'yyyyyyy','No',4,1,'2018-02-01 13:29:46',NULL,NULL,NULL,NULL),(64,'uuuuuuu','No',4,1,'2018-02-01 13:29:52',NULL,NULL,NULL,NULL),(65,'qqqqqqqqqqqqq','No',4,1,'2018-02-01 14:49:32',NULL,NULL,NULL,NULL),(66,'helo','No',NULL,1,'2018-02-01 14:50:09',NULL,2,NULL,NULL),(67,'','No',NULL,NULL,'2018-02-01 15:21:15',NULL,NULL,NULL,NULL),(68,'','No',NULL,NULL,'2018-02-01 15:36:38',NULL,1,NULL,NULL),(69,'dsfd','No',NULL,1,'2018-02-01 15:38:32',NULL,1,NULL,NULL),(70,'','No',NULL,NULL,'2018-02-01 15:39:07',NULL,1,NULL,NULL),(71,'hello','No',NULL,1,'2018-02-01 15:39:13',NULL,1,NULL,NULL),(72,'','No',NULL,NULL,'2018-02-01 15:39:19',NULL,1,NULL,NULL),(73,'','No',NULL,NULL,'2018-02-01 15:39:23',NULL,1,NULL,NULL),(74,'','No',NULL,NULL,'2018-02-01 15:39:31',NULL,1,NULL,NULL),(75,'fghfg','No',NULL,1,'2018-02-01 15:44:34',1,NULL,NULL,NULL),(76,'fghfg','No',2,1,'2018-02-01 15:46:27',NULL,NULL,NULL,NULL),(77,'htytuytu','No',NULL,1,'2018-02-01 15:48:51',1,NULL,NULL,NULL),(78,'vikash','No',NULL,1,'2018-02-01 15:49:10',2,NULL,NULL,NULL),(79,'vff','No',NULL,1,'2018-02-01 15:55:10',NULL,1,NULL,NULL),(80,'pria','No',NULL,1,'2018-02-01 16:05:08',NULL,1,NULL,NULL),(81,'priya','No',NULL,1,'2018-02-01 16:05:20',NULL,2,NULL,NULL),(82,'hello','No',2,6,'2018-02-01 16:28:50',NULL,NULL,NULL,NULL),(83,'hii','No',12,6,'2018-02-01 16:28:59',NULL,NULL,NULL,NULL),(84,'hgfh','No',1,6,'2018-02-01 16:31:18',NULL,NULL,NULL,NULL),(85,'11','No',NULL,1,'2018-02-01 16:38:28',NULL,1,NULL,NULL),(86,'hello','No',NULL,1,'2018-02-01 16:44:00',NULL,2,NULL,NULL),(87,'vikash','No',NULL,1,'2018-02-01 17:31:23',NULL,3,NULL,NULL),(88,'hello','No',NULL,1,'2018-02-01 18:13:37',NULL,NULL,1,NULL),(89,'hello','No',NULL,1,'2018-02-01 18:31:06',NULL,1,NULL,NULL),(90,'hello','No',NULL,1,'2018-02-01 18:31:22',NULL,2,NULL,NULL),(91,'hello','No',NULL,1,'2018-02-01 18:40:05',NULL,2,NULL,NULL),(92,'hello','No',NULL,1,'2018-02-01 18:41:03',NULL,2,NULL,NULL),(93,'hello','No',NULL,1,'2018-02-01 18:42:48',NULL,NULL,2,NULL),(94,'hello1','No',NULL,1,'2018-02-01 18:43:02',NULL,NULL,1,NULL),(95,'vikash','No',NULL,1,'2018-02-01 18:43:47',NULL,NULL,3,NULL),(96,'Vikash','No',4,1,'2018-02-01 19:36:37',NULL,NULL,NULL,NULL),(97,'Hello','No',NULL,1,'2018-02-01 19:38:40',NULL,1,NULL,NULL),(98,'Rachit','No',NULL,1,'2018-02-01 19:39:00',NULL,1,NULL,NULL),(99,'Prince','No',NULL,1,'2018-02-01 19:39:23',NULL,2,NULL,NULL),(100,'vfvf','No',NULL,2,'2018-02-01 23:01:24',NULL,NULL,NULL,1),(101,'hello','No',NULL,0,'2018-02-02 10:21:36',NULL,NULL,NULL,1),(102,'hello','No',NULL,1,'2018-02-02 10:21:48',NULL,NULL,NULL,1),(103,'hello','No',NULL,1,'2018-02-02 10:42:08',1,NULL,NULL,NULL),(104,'vikaash','No',NULL,1,'2018-02-02 10:44:25',NULL,NULL,NULL,NULL),(105,'vikash','No',NULL,1,'2018-02-02 10:48:18',NULL,NULL,NULL,NULL),(106,'hr','No',NULL,1,'2018-02-02 10:49:38',NULL,NULL,NULL,NULL),(107,'hr','No',NULL,1,'2018-02-02 10:50:36',NULL,NULL,NULL,1),(108,'nice','No',NULL,1,'2018-02-02 11:14:36',NULL,NULL,NULL,2),(109,'hello','No',NULL,1,'2018-02-02 11:25:24',NULL,NULL,NULL,2),(110,'Nice','No',NULL,42,'2018-02-02 11:44:46',NULL,NULL,1,NULL),(111,'Good','No',NULL,42,'2018-02-02 11:46:04',NULL,NULL,1,NULL),(112,'very good','No',NULL,42,'2018-02-02 12:09:24',NULL,NULL,1,NULL),(113,'asfd','No',NULL,42,'2018-02-02 12:46:04',NULL,NULL,1,NULL),(114,'sadfsfad','No',NULL,42,'2018-02-02 12:46:10',NULL,NULL,1,NULL),(115,'fghfdgh','No',NULL,42,'2018-02-02 12:46:12',NULL,NULL,1,NULL),(116,'fgghgfh','No',NULL,42,'2018-02-02 12:46:13',NULL,NULL,1,NULL),(117,'vcnxgh','No',NULL,42,'2018-02-02 12:46:14',NULL,NULL,1,NULL),(118,'sfsdgfj','No',NULL,42,'2018-02-02 12:46:17',NULL,NULL,1,NULL),(119,'Hello','No',5,42,'2018-02-02 15:00:50',NULL,NULL,NULL,NULL),(120,'Hajsjs','No',5,42,'2018-02-02 15:01:00',NULL,NULL,NULL,NULL),(121,'Bsjsjs','No',5,42,'2018-02-02 15:01:03',NULL,NULL,NULL,NULL),(122,'BzhsjsJ','No',5,42,'2018-02-02 15:01:05',NULL,NULL,NULL,NULL),(123,'Vahajka','No',5,42,'2018-02-02 15:01:08',NULL,NULL,NULL,NULL),(124,'Jajajsksj','No',5,42,'2018-02-02 15:01:10',NULL,NULL,NULL,NULL),(125,'Mmmm','No',5,42,'2018-02-02 15:01:16',NULL,NULL,NULL,NULL),(126,'Kkkkkkkk','No',5,42,'2018-02-02 15:01:31',NULL,NULL,NULL,NULL),(127,'Pppppp','No',5,42,'2018-02-02 15:01:49',NULL,NULL,NULL,NULL),(128,'Yy','No',20,42,'2018-02-02 15:02:55',NULL,NULL,NULL,NULL),(129,'Ghuuiiuuu','No',1,42,'2018-02-02 15:03:23',NULL,NULL,NULL,NULL),(130,'Gajajaj','No',5,101,'2018-02-02 15:53:33',NULL,NULL,NULL,NULL),(131,'Gyy','No',NULL,101,'2018-02-02 16:02:29',NULL,NULL,1,NULL),(132,'Hhj','No',NULL,101,'2018-02-02 16:02:34',NULL,NULL,1,NULL),(133,'ssssssss','No',5,42,'2018-02-02 17:44:10',NULL,NULL,NULL,NULL),(134,'kkkkkk','No',5,42,'2018-02-02 17:46:47',NULL,NULL,NULL,NULL),(135,'ppppp','No',1,42,'2018-02-02 17:46:59',NULL,NULL,NULL,NULL),(136,'llll','No',NULL,42,'2018-02-02 17:47:09',NULL,NULL,NULL,1),(137,'ttttttt','No',NULL,42,'2018-02-02 17:47:12',NULL,NULL,NULL,1),(138,'sfsafdsa','No',5,42,'2018-02-02 21:49:07',NULL,NULL,NULL,NULL),(139,'asdfasdfasdfasddfasdfasfdasdf','No',5,42,'2018-02-02 21:49:21',NULL,NULL,NULL,NULL),(140,'hello hello hello hello hello hello hello hello hello hello','No',5,42,'2018-02-03 10:12:58',NULL,NULL,NULL,NULL),(141,'lllllllllllllllllllllllllllllllllllllllllllllllllllllllllllllllllllllllllllllllllllllllllllll','No',5,42,'2018-02-03 10:13:47',NULL,NULL,NULL,NULL),(142,'drydhtrfhfghfggggggggfghfghftghfghfhfghdfhfdghdfgdfgdfgdf','No',5,42,'2018-02-03 10:29:52',NULL,NULL,NULL,NULL),(143,'ppppppppppppppppppppppppppppppppppppppppppppppppppppppppppppppp','No',5,42,'2018-02-03 10:30:53',NULL,NULL,NULL,NULL),(144,'oooooooooooooooooooooooooooooooooooooooooooo','No',5,42,'2018-02-03 10:31:00',NULL,NULL,NULL,NULL),(145,'llllllllllllllllllllllllllllllllllllllllllllllllllllllllllllllllllllllllllllllllllll','No',5,42,'2018-02-03 10:31:06',NULL,NULL,NULL,NULL),(146,'eeeeeeeeeeeeeeeeeeeeeeeeeeeeeeeeeeeeeeeeeeeeeeeeeeeeeeeeeeeeeeeeeeeeeeeeeeeeeeeeeeeeeeeee','No',5,42,'2018-02-03 10:32:08',NULL,NULL,NULL,NULL),(147,'Hhgggvhhhbbbbbbbbbbbbbbbbbbbbbbbbbbbbbbbbbbbbbbbbbbbbbbbbbbbbbbbbbbbbbbbbbvhvghvnbbb bn','No',NULL,42,'2018-02-03 10:45:39',NULL,1,NULL,NULL),(148,'Vvhhhh','No',NULL,42,'2018-02-03 10:45:43',NULL,1,NULL,NULL),(149,'fdfdfddf','No',5,42,'2018-02-03 11:18:18',NULL,NULL,NULL,NULL),(150,'hello hello hello hello hello hello hello hello hellohello hello hello hello hello hello hello hello hellohello hello hello hello hello hello hello hello hellohello hello hello hello hello hello hello hello hellohello hello hello hello hello hello hello h','No',5,42,'2018-02-03 11:22:36',NULL,NULL,NULL,NULL),(151,'hello hello hello hello hello hello hello hello hello hello hello hello hello helllo hello hello hello hello hello','No',5,42,'2018-02-03 11:43:15',NULL,NULL,NULL,NULL),(152,'sdfasdfsdaf','No',5,42,'2018-02-03 11:54:35',NULL,NULL,NULL,NULL),(153,'asdfsdfsafsdafsfsdfsadfsfsfsadfdsa','No',5,42,'2018-02-03 11:54:41',NULL,NULL,NULL,NULL),(154,'Hey','No',5,42,'2018-02-03 14:35:09',NULL,NULL,NULL,NULL),(155,'kk','No',5,42,'2018-02-03 15:36:02',NULL,NULL,NULL,NULL),(156,'my name is ','No',NULL,42,'2018-02-03 17:11:34',NULL,1,NULL,NULL),(157,'s','No',NULL,42,'2018-02-03 17:11:42',NULL,1,NULL,NULL),(158,'dfdfdffdfdfdfdfdfdfdfd','No',NULL,42,'2018-02-03 17:12:15',NULL,1,NULL,NULL),(159,'a','No',5,42,'2018-02-04 14:14:57',NULL,NULL,NULL,NULL),(160,'shri ram chandra kiripalubhajman haranbhayebhav darunam navkanj lochan kanj mukh kar kanj pad kanjarunam kandarap agunit amit chabinav nil nirad sundaram pathpitmanav ','No',5,42,'2018-02-04 14:36:27',NULL,NULL,NULL,NULL),(161,'Nice1020304050','No',5,114,'2018-02-05 13:03:39',NULL,NULL,NULL,NULL),(162,'Test','No',NULL,3,'2018-02-05 13:11:57',NULL,NULL,NULL,1),(163,'Bshsjs','No',NULL,114,'2018-02-05 15:11:29',NULL,NULL,NULL,3),(164,'Nice','No',NULL,42,'2018-02-05 21:53:33',NULL,NULL,2,NULL),(165,'Nice','No',4,114,'2018-02-06 12:42:24',NULL,NULL,NULL,NULL),(166,'Bell','No',4,2,'2018-02-09 15:50:49',NULL,NULL,NULL,NULL),(167,' Hello','No',NULL,108,'2018-02-20 04:49:43',NULL,NULL,NULL,3);

/*Table structure for table `tbl_content` */

DROP TABLE IF EXISTS `tbl_content`;

CREATE TABLE `tbl_content` (
  `contentId` int(11) NOT NULL AUTO_INCREMENT,
  `contentImage` longtext CHARACTER SET latin1 NOT NULL,
  `contentType` enum('audio','video','ringtone') CHARACTER SET latin1 NOT NULL,
  `albumId` int(11) DEFAULT NULL,
  `singerName` varchar(255) COLLATE utf8_unicode_ci NOT NULL,
  `createdBy` int(11) DEFAULT NULL,
  `createdOn` datetime DEFAULT NULL,
  `updatedBy` int(11) DEFAULT NULL,
  `updatedOn` datetime DEFAULT NULL,
  `deleted` enum('Yes','No') CHARACTER SET latin1 DEFAULT 'No',
  `contentName` varchar(255) CHARACTER SET latin1 DEFAULT NULL,
  `thumbnail` longtext CHARACTER SET latin1,
  `songName` varchar(255) CHARACTER SET latin1 DEFAULT NULL,
  `albumName` varchar(255) CHARACTER SET latin1 DEFAULT NULL,
  `newrelease` varchar(255) CHARACTER SET latin1 DEFAULT NULL,
  `Id` int(11) DEFAULT NULL,
  `payment` enum('P','U') CHARACTER SET latin1 DEFAULT NULL,
  `likes` int(11) DEFAULT '0',
  `comments` int(11) DEFAULT '0',
  PRIMARY KEY (`contentId`),
  UNIQUE KEY `contentId_UNIQUE` (`contentId`)
) ENGINE=InnoDB AUTO_INCREMENT=336 DEFAULT CHARSET=utf8 COLLATE=utf8_unicode_ci;

/*Data for the table `tbl_content` */

insert  into `tbl_content` values (1,'mata.jpg','audio',NULL,'Anup jalota',NULL,NULL,NULL,NULL,'Yes','r3.mp3','','jaikara','maa durga',NULL,1,'U',5,20),(2,'ganesh.jpg','audio',NULL,'Anuradha',NULL,NULL,NULL,NULL,'Yes','r2.mp3','t1.jpg','Hari om','jai mata di',NULL,2,'U',3,3),(3,'images.jpg','audio',NULL,'Falguni pathak',NULL,NULL,NULL,NULL,'Yes','anu.mp3','t2.jpg','Tanhayee','jaikar sherawaliye',NULL,3,'U',6,5),(4,'bakebihari.jpg\r\n','video',NULL,'Shreya ghoshal',NULL,NULL,NULL,NULL,'Yes','raj.mp4','t1.jpg','jai shree krishna','om ',NULL,4,'P',2,17),(5,'shiv.jpg','video',NULL,'Mahima Pahwa',NULL,NULL,NULL,NULL,'Yes','2.mp4','download.jpg','om namah shivay','',NULL,4,'U',4,31),(6,'maagauri.jpg','video',NULL,'sunidhi chauhan',NULL,NULL,NULL,NULL,'Yes','v1.mp4',NULL,'Jai maa gauri',NULL,NULL,5,'P',1,6),(7,'ganesh.jpg','video',NULL,'Abhijeet',NULL,NULL,NULL,NULL,'Yes','v2.mp4',NULL,'Jai ganesh deva',NULL,NULL,5,'U',5,10),(8,'images.jpg','video',NULL,'Isha Patnaik',NULL,NULL,NULL,NULL,'Yes','v3.mp4',NULL,'om shanti',NULL,NULL,6,'U',4,4),(9,'ganu.jpg','ringtone',NULL,'',NULL,NULL,NULL,NULL,'Yes','anu.mp3',NULL,NULL,NULL,NULL,10,'P',0,1),(10,'mata.jpg','ringtone',NULL,'',NULL,NULL,NULL,NULL,'Yes','r2.mp3',NULL,NULL,NULL,NULL,10,'U',0,2),(11,'bakebihari.jpg','ringtone',NULL,'',NULL,NULL,NULL,NULL,'Yes','r3.mp3',NULL,'om namah shivay',NULL,NULL,1,'P',1,3),(12,'ganu.jpg','audio',NULL,'',NULL,NULL,NULL,NULL,'Yes','anu.mp3',NULL,'hare krishna',NULL,NULL,2,'U',1,1),(13,'epic2.jpg','audio',NULL,'',NULL,NULL,NULL,NULL,'Yes','r3.mp3',NULL,'jai shivay',NULL,NULL,3,'P',1,0),(14,'maagauri.jpg','video',NULL,'',NULL,NULL,NULL,NULL,'Yes','v3.mp4',NULL,'jai kara',NULL,NULL,6,'P',1,0),(15,'bakebihari.jpg','video',NULL,'',NULL,NULL,NULL,NULL,'Yes','r1.mp3',NULL,'bhole bhandari',NULL,NULL,7,'P',1,0),(16,'images.jpg','video',NULL,'',NULL,NULL,NULL,NULL,'Yes','v2.mp4',NULL,'jai shri krishna',NULL,NULL,7,'U',2,1),(17,'maagauri.jpg','video',NULL,'',NULL,NULL,NULL,NULL,'Yes','v1.mp4',NULL,'bake bihari',NULL,NULL,8,'P',0,0),(18,'shiv.jpg','video',NULL,'',NULL,NULL,NULL,NULL,'Yes','raj.mp4',NULL,'om namah ',NULL,NULL,8,'U',2,0),(19,'mata.jpg','video',NULL,'',NULL,NULL,NULL,NULL,'Yes','v1.mp4',NULL,'jor se bolo jai mata di',NULL,NULL,9,'P',0,0),(20,'ganu.jpg','video',NULL,'',NULL,NULL,NULL,NULL,'Yes','raj.mp4',NULL,'jai ganesh',NULL,NULL,9,'U',2,1),(21,'epic2.jpg','audio',NULL,'',NULL,NULL,NULL,NULL,'Yes','r4.mp3',NULL,'welcome',NULL,NULL,3,'P',1,0),(22,'','audio',NULL,'',NULL,NULL,NULL,NULL,'Yes',NULL,NULL,NULL,NULL,NULL,NULL,'P',0,0),(23,'ganu.jpg','video',NULL,'',NULL,NULL,NULL,NULL,'Yes','MyVideo.mov',NULL,'Test Video',NULL,NULL,4,'U',0,0),(24,'mata.jpg','audio',NULL,'',NULL,NULL,NULL,NULL,'No','1Awahan.mp3',NULL,'1Awahan',NULL,NULL,1,'U',0,0),(25,'ganesh.jpg','audio',NULL,'',NULL,NULL,NULL,NULL,'No','Aaja Maa Do Ghariyaan.mp3',NULL,'Aaja Maa Do Ghariyaan',NULL,NULL,1,'U',0,0),(26,'images.jpg','audio',NULL,'',NULL,NULL,NULL,NULL,'No','Bateiya.mp3',NULL,'Bateiya',NULL,NULL,1,'U',0,0),(27,'bakebihari','audio',NULL,'',NULL,NULL,NULL,NULL,'No','Bhav Sagar To Paar Uttare.mp3',NULL,'Bhav Sagar To Paar Uttare',NULL,NULL,1,'U',0,0),(28,'shiv.jpg','audio',NULL,'',NULL,NULL,NULL,NULL,'No','Buaa Khola kay.mp3',NULL,'Buaa Khola kay',NULL,NULL,1,'U',0,0),(29,'maagauri.jpg','audio',NULL,'',NULL,NULL,NULL,NULL,'No','Chaade Singh Te Savaari Aaja.mp3',NULL,'Chaade Singh Te Savaari Aaja',NULL,NULL,1,'U',0,0),(30,'mata.jpg','audio',NULL,'',NULL,NULL,NULL,NULL,'No','Chadataa Suraj.mp3',NULL,'Chadataa Suraj',NULL,NULL,1,'U',0,0),(31,'ganesh.jpg','audio',NULL,'',NULL,NULL,NULL,NULL,'No','Chalo Chaliya Gulaabi Rutaa Aiyaa.mp3',NULL,'Chalo Chaliya Gulaabi Rutaa Aiyaa',NULL,NULL,1,'U',0,0),(32,'images.jpg','audio',NULL,'',NULL,NULL,NULL,NULL,'No','Chunni Mai Banai Pie Pie Jodd Kay.mp3',NULL,'Chunni Mai Banai Pie Pie Jodd Kay',NULL,NULL,1,'U',0,0),(33,'bakebihari','audio',NULL,'',NULL,NULL,NULL,NULL,'No','Dor Dor Ja Tu Deva.mp3',NULL,'Dor Dor Ja Tu Deva',NULL,NULL,1,'U',0,0),(34,'shiv.jpg','audio',NULL,'',NULL,NULL,NULL,NULL,'No','Ganesh Vandana Sunder Phoolo Kay.mp3',NULL,'Ganesh Vandana Sunder Phoolo Kay',NULL,NULL,1,'U',0,0),(35,'maagauri.jpg','audio',NULL,'',NULL,NULL,NULL,NULL,'No','Jaar Samane To Aao Jhandewaliye.mp3',NULL,'Jaar Samane To Aao Jhandewaliye',NULL,NULL,1,'U',0,0),(36,'mata.jpg','audio',NULL,'',NULL,NULL,NULL,NULL,'No','Jot Jagawa Saare Raat.mp3',NULL,'Jot Jagawa Saare Raat',NULL,NULL,1,'U',0,0),(37,'ganesh.jpg','audio',NULL,'',NULL,NULL,NULL,NULL,'No','Kewat Prasang.mp3',NULL,'Kewat Prasang',NULL,NULL,1,'U',0,0),(38,'images.jpg','audio',NULL,'',NULL,NULL,NULL,NULL,'No','Khol Buaye Mandira De Khol Sherawaliya.mp3',NULL,'Khol Buaye Mandira De Khol Sherawaliya',NULL,NULL,1,'U',0,0),(39,'bakebihari','audio',NULL,'',NULL,NULL,NULL,NULL,'No','Kholo Maa Buyae Mandira De Kholo.mp3',NULL,'Kholo Maa Buyae Mandira De Kholo',NULL,NULL,1,'U',0,0),(40,'shiv.jpg','audio',NULL,'',NULL,NULL,NULL,NULL,'No','Kisi Wi Nukade Bay Ja Gay.mp3',NULL,'Kisi Wi Nukade Bay Ja Gay',NULL,NULL,1,'U',0,0),(41,'maagauri.jpg','audio',NULL,'',NULL,NULL,NULL,NULL,'No','Kol Hovae Ni Maai Meriya 1.mp3',NULL,'Kol Hovae Ni Maai Meriya 1',NULL,NULL,1,'U',0,0),(42,'mata.jpg','audio',NULL,'',NULL,NULL,NULL,NULL,'No','Maai Ni Kadhi Khar Te Gariba De Aa.mp3',NULL,'Maai Ni Kadhi Khar Te Gariba De Aa',NULL,NULL,1,'U',0,0),(43,'ganesh.jpg','audio',NULL,'',NULL,NULL,NULL,NULL,'No','Main Nimane Da Maan edit.mp3',NULL,'Main Nimane Da Maan edit',NULL,NULL,1,'U',1,0),(44,'images.jpg','audio',NULL,'',NULL,NULL,NULL,NULL,'No','Mehra Kardi Hai Meri Maa Mehra Kardi Hai.mp3',NULL,'Mehra Kardi Hai Meri Maa Mehra Kardi Hai',NULL,NULL,1,'U',0,0),(45,'bakebihari','audio',NULL,'',NULL,NULL,NULL,NULL,'No','Mujhe Deva Maa Tunney Bahut Kuch Diya Hai1.mp3',NULL,'Mujhe Deva Maa Tunney Bahut Kuch Diya Hai1',NULL,NULL,1,'U',0,0),(46,'shiv.jpg','audio',NULL,'',NULL,NULL,NULL,NULL,'No','Muoo Ferroo Jidhaar.mp3',NULL,'Muoo Ferroo Jidhaar',NULL,NULL,1,'U',0,0),(47,'maagauri.jpg','audio',NULL,'',NULL,NULL,NULL,NULL,'No','Nahi O Chaadana Dawaara Tera.mp3',NULL,'Nahi O Chaadana Dawaara Tera',NULL,NULL,1,'U',0,0),(48,'mata.jpg','audio',NULL,'',NULL,NULL,NULL,NULL,'No','Nimmi Nimmi Tarayan Di Loow.mp3',NULL,'Nimmi Nimmi Tarayan Di Loow',NULL,NULL,1,'U',0,0),(49,'ganesh.jpg','audio',NULL,'',NULL,NULL,NULL,NULL,'No','Paar Karo Mera Bada Bhawani.mp3',NULL,'Paar Karo Mera Bada Bhawani',NULL,NULL,1,'U',0,0),(50,'images.jpg','audio',NULL,'',NULL,NULL,NULL,NULL,'No','Pahaaro KK.mp3',NULL,'Pahaaro KK',NULL,NULL,1,'U',0,0),(51,'bakebihari','audio',NULL,'',NULL,NULL,NULL,NULL,'No','Pahada Wali.mp3',NULL,'Pahada Wali',NULL,NULL,1,'U',0,0),(52,'shiv.jpg','audio',NULL,'',NULL,NULL,NULL,NULL,'No','Parvat Te Cavan Ve.mp3',NULL,'Parvat Te Cavan Ve',NULL,NULL,1,'U',0,0),(53,'maagauri.jpg','audio',NULL,'',NULL,NULL,NULL,NULL,'No','Pitto.mp3',NULL,'Pitto',NULL,NULL,1,'U',0,0),(54,'mata.jpg','audio',NULL,'',NULL,NULL,NULL,NULL,'No','Raati Mere Karama di.mp3',NULL,'Raati Mere Karama di',NULL,NULL,1,'U',0,0),(55,'ganesh.jpg','audio',NULL,'',NULL,NULL,NULL,NULL,'No','Saare Raat Teri Yaad Vich.mp3',NULL,'Saare Raat Teri Yaad Vich',NULL,NULL,1,'U',0,0),(56,'images.jpg','audio',NULL,'',NULL,NULL,NULL,NULL,'No','Sadhi Navae Lag Gi 1.mp3',NULL,'Sadhi Navae Lag Gi 1',NULL,NULL,1,'U',0,0),(57,'bakebihari','audio',NULL,'',NULL,NULL,NULL,NULL,'No','Saraswati Shrade Maa.mp3',NULL,'Saraswati Shrade Maa',NULL,NULL,1,'U',0,0),(58,'shiv.jpg','audio',NULL,'',NULL,NULL,NULL,NULL,'No','Seer Tan Ke Duppata1.mp3',NULL,'Seer Tan Ke Duppata1',NULL,NULL,1,'U',0,0),(59,'maagauri.jpg','audio',NULL,'',NULL,NULL,NULL,NULL,'No','Sewadariya.mp3',NULL,'Sewadariya',NULL,NULL,1,'U',0,0),(60,'mata.jpg','audio',NULL,'',NULL,NULL,NULL,NULL,'No','Sukh Bhi Mujhe Pyare Hai Dukh Bhi Mujhe Pyare Hai.mp3',NULL,'Sukh Bhi Mujhe Pyare Hai Dukh Bhi Mujhe Pyare Hai',NULL,NULL,1,'U',0,0),(61,'ganesh.jpg','audio',NULL,'',NULL,NULL,NULL,NULL,'No','Swasa De Mala.mp3',NULL,'Swasa De Mala',NULL,NULL,1,'U',0,0),(62,'images.jpg','audio',NULL,'',NULL,NULL,NULL,NULL,'No','Tera Bichuda Datiya.mp3',NULL,'Tera Bichuda Datiya',NULL,NULL,1,'U',0,0),(63,'bakebihari','audio',NULL,'',NULL,NULL,NULL,NULL,'No','Tere Isharaya Te Shriti Yeh Chaldi..mp3',NULL,'Tere Isharaya Te Shriti Yeh Chaldi',NULL,NULL,1,'U',0,0),(64,'shiv.jpg','audio',NULL,'',NULL,NULL,NULL,NULL,'No','Tu Jinney Marji Dukh De De.mp3',NULL,'Tu Jinney Marji Dukh De De',NULL,NULL,1,'U',0,0),(65,'maagauri.jpg','audio',NULL,'',NULL,NULL,NULL,NULL,'No','Tuda Bin Maan Ni Maana Dati.mp3',NULL,'Tuda Bin Maan Ni Maana Dati',NULL,NULL,1,'U',0,0),(66,'mata.jpg','audio',NULL,'',NULL,NULL,NULL,NULL,'No','Ucchiyan Lambiyan Ghatiya1-Jagge Jot Sunhani.mp3',NULL,'Ucchiyan Lambiyan Ghatiya1-Jagge Jot Sunhani',NULL,NULL,1,'U',0,0),(67,'mata.jpg','audio',NULL,'',NULL,NULL,NULL,NULL,'No','1Awahan.mp3',NULL,'1Awahan',NULL,NULL,2,'U',0,0),(68,'ganesh.jpg','audio',NULL,'',NULL,NULL,NULL,NULL,'No','Aaja Maa Do Ghariyaan.mp3',NULL,'Aaja Maa Do Ghariyaan',NULL,NULL,2,'U',0,0),(69,'images.jpg','audio',NULL,'',NULL,NULL,NULL,NULL,'No','Bateiya.mp3',NULL,'Bateiya',NULL,NULL,2,'U',0,0),(70,'bakebihari','audio',NULL,'',NULL,NULL,NULL,NULL,'No','Bhav Sagar To Paar Uttare.mp3',NULL,'Bhav Sagar To Paar Uttare',NULL,NULL,2,'U',0,0),(71,'shiv.jpg','audio',NULL,'',NULL,NULL,NULL,NULL,'No','Buaa Khola kay.mp3',NULL,'Buaa Khola kay',NULL,NULL,2,'U',0,0),(72,'maagauri.jpg','audio',NULL,'',NULL,NULL,NULL,NULL,'No','Chaade Singh Te Savaari Aaja.mp3',NULL,'Chaade Singh Te Savaari Aaja',NULL,NULL,2,'U',0,0),(73,'mata.jpg','audio',NULL,'',NULL,NULL,NULL,NULL,'No','Chadataa Suraj.mp3',NULL,'Chadataa Suraj',NULL,NULL,2,'U',0,0),(74,'ganesh.jpg','audio',NULL,'',NULL,NULL,NULL,NULL,'No','Chalo Chaliya Gulaabi Rutaa Aiyaa.mp3',NULL,'Chalo Chaliya Gulaabi Rutaa Aiyaa',NULL,NULL,2,'U',0,0),(75,'images.jpg','audio',NULL,'',NULL,NULL,NULL,NULL,'No','Chunni Mai Banai Pie Pie Jodd Kay.mp3',NULL,'Chunni Mai Banai Pie Pie Jodd Kay',NULL,NULL,2,'U',0,0),(76,'bakebihari','audio',NULL,'',NULL,NULL,NULL,NULL,'No','Dor Dor Ja Tu Deva.mp3',NULL,'Dor Dor Ja Tu Deva',NULL,NULL,2,'U',0,0),(77,'shiv.jpg','audio',NULL,'',NULL,NULL,NULL,NULL,'No','Ganesh Vandana Sunder Phoolo Kay.mp3',NULL,'Ganesh Vandana Sunder Phoolo Kay',NULL,NULL,2,'U',0,0),(78,'maagauri.jpg','audio',NULL,'',NULL,NULL,NULL,NULL,'No','Jaar Samane To Aao Jhandewaliye.mp3',NULL,'Jaar Samane To Aao Jhandewaliye',NULL,NULL,2,'U',0,0),(79,'mata.jpg','audio',NULL,'',NULL,NULL,NULL,NULL,'No','Jot Jagawa Saare Raat.mp3',NULL,'Jot Jagawa Saare Raat',NULL,NULL,2,'U',0,0),(80,'ganesh.jpg','audio',NULL,'',NULL,NULL,NULL,NULL,'No','Kewat Prasang.mp3',NULL,'Kewat Prasang',NULL,NULL,2,'U',0,0),(81,'images.jpg','audio',NULL,'',NULL,NULL,NULL,NULL,'No','Khol Buaye Mandira De Khol Sherawaliya.mp3',NULL,'Khol Buaye Mandira De Khol Sherawaliya',NULL,NULL,2,'U',0,0),(82,'bakebihari','audio',NULL,'',NULL,NULL,NULL,NULL,'No','Kholo Maa Buyae Mandira De Kholo.mp3',NULL,'Kholo Maa Buyae Mandira De Kholo',NULL,NULL,2,'U',0,0),(83,'shiv.jpg','audio',NULL,'',NULL,NULL,NULL,NULL,'No','Kisi Wi Nukade Bay Ja Gay.mp3',NULL,'Kisi Wi Nukade Bay Ja Gay',NULL,NULL,2,'U',0,0),(84,'maagauri.jpg','audio',NULL,'',NULL,NULL,NULL,NULL,'No','Kol Hovae Ni Maai Meriya 1.mp3',NULL,'Kol Hovae Ni Maai Meriya 1',NULL,NULL,2,'U',0,0),(85,'mata.jpg','audio',NULL,'',NULL,NULL,NULL,NULL,'No','Maai Ni Kadhi Khar Te Gariba De Aa.mp3',NULL,'Maai Ni Kadhi Khar Te Gariba De Aa',NULL,NULL,2,'U',0,0),(86,'ganesh.jpg','audio',NULL,'',NULL,NULL,NULL,NULL,'No','Main Nimane Da Maan edit.mp3',NULL,'Main Nimane Da Maan edit',NULL,NULL,2,'U',0,0),(87,'images.jpg','audio',NULL,'',NULL,NULL,NULL,NULL,'No','Mehra Kardi Hai Meri Maa Mehra Kardi Hai.mp3',NULL,'Mehra Kardi Hai Meri Maa Mehra Kardi Hai',NULL,NULL,2,'U',0,0),(88,'bakebihari','audio',NULL,'',NULL,NULL,NULL,NULL,'No','Mujhe Deva Maa Tunney Bahut Kuch Diya Hai1.mp3',NULL,'Mujhe Deva Maa Tunney Bahut Kuch Diya Hai1',NULL,NULL,2,'U',0,0),(89,'shiv.jpg','audio',NULL,'',NULL,NULL,NULL,NULL,'No','Muoo Ferroo Jidhaar.mp3',NULL,'Muoo Ferroo Jidhaar',NULL,NULL,2,'U',0,0),(90,'maagauri.jpg','audio',NULL,'',NULL,NULL,NULL,NULL,'No','Nahi O Chaadana Dawaara Tera.mp3',NULL,'Nahi O Chaadana Dawaara Tera',NULL,NULL,2,'U',0,0),(91,'mata.jpg','audio',NULL,'',NULL,NULL,NULL,NULL,'No','Nimmi Nimmi Tarayan Di Loow.mp3',NULL,'Nimmi Nimmi Tarayan Di Loow',NULL,NULL,2,'U',0,0),(92,'ganesh.jpg','audio',NULL,'',NULL,NULL,NULL,NULL,'No','Paar Karo Mera Bada Bhawani.mp3',NULL,'Paar Karo Mera Bada Bhawani',NULL,NULL,2,'U',0,0),(93,'images.jpg','audio',NULL,'',NULL,NULL,NULL,NULL,'No','Pahaaro KK.mp3',NULL,'Pahaaro KK',NULL,NULL,2,'U',0,0),(94,'bakebihari','audio',NULL,'',NULL,NULL,NULL,NULL,'No','Pahada Wali.mp3',NULL,'Pahada Wali',NULL,NULL,2,'U',0,0),(95,'shiv.jpg','audio',NULL,'',NULL,NULL,NULL,NULL,'No','Parvat Te Cavan Ve.mp3',NULL,'Parvat Te Cavan Ve',NULL,NULL,2,'U',0,0),(96,'maagauri.jpg','audio',NULL,'',NULL,NULL,NULL,NULL,'No','Pitto.mp3',NULL,'Pitto',NULL,NULL,2,'U',0,0),(97,'mata.jpg','audio',NULL,'',NULL,NULL,NULL,NULL,'No','Raati Mere Karama di.mp3',NULL,'Raati Mere Karama di',NULL,NULL,2,'U',0,0),(98,'ganesh.jpg','audio',NULL,'',NULL,NULL,NULL,NULL,'No','Saare Raat Teri Yaad Vich.mp3',NULL,'Saare Raat Teri Yaad Vich',NULL,NULL,2,'U',0,0),(99,'images.jpg','audio',NULL,'',NULL,NULL,NULL,NULL,'No','Sadhi Navae Lag Gi 1.mp3',NULL,'Sadhi Navae Lag Gi 1',NULL,NULL,2,'U',0,0),(100,'bakebihari','audio',NULL,'',NULL,NULL,NULL,NULL,'No','Saraswati Shrade Maa.mp3',NULL,'Saraswati Shrade Maa',NULL,NULL,2,'U',0,0),(101,'shiv.jpg','audio',NULL,'',NULL,NULL,NULL,NULL,'No','Seer Tan Ke Duppata1.mp3',NULL,'Seer Tan Ke Duppata1',NULL,NULL,2,'U',0,0),(102,'maagauri.jpg','audio',NULL,'',NULL,NULL,NULL,NULL,'No','Sewadariya.mp3',NULL,'Sewadariya',NULL,NULL,2,'U',0,0),(103,'mata.jpg','audio',NULL,'',NULL,NULL,NULL,NULL,'No','Sukh Bhi Mujhe Pyare Hai Dukh Bhi Mujhe Pyare Hai.mp3',NULL,'Sukh Bhi Mujhe Pyare Hai Dukh Bhi Mujhe Pyare Hai',NULL,NULL,2,'U',0,0),(104,'ganesh.jpg','audio',NULL,'',NULL,NULL,NULL,NULL,'No','Swasa De Mala.mp3',NULL,'Swasa De Mala',NULL,NULL,2,'U',0,0),(105,'images.jpg','audio',NULL,'',NULL,NULL,NULL,NULL,'No','Tera Bichuda Datiya.mp3',NULL,'Tera Bichuda Datiya',NULL,NULL,2,'U',0,0),(106,'bakebihari','audio',NULL,'',NULL,NULL,NULL,NULL,'No','Tere Isharaya Te Shriti Yeh Chaldi..mp3',NULL,'Tere Isharaya Te Shriti Yeh Chaldi',NULL,NULL,2,'U',0,0),(107,'shiv.jpg','audio',NULL,'',NULL,NULL,NULL,NULL,'No','Tu Jinney Marji Dukh De De.mp3',NULL,'Tu Jinney Marji Dukh De De',NULL,NULL,2,'U',0,0),(108,'maagauri.jpg','audio',NULL,'',NULL,NULL,NULL,NULL,'No','Tuda Bin Maan Ni Maana Dati.mp3',NULL,'Tuda Bin Maan Ni Maana Dati',NULL,NULL,2,'U',0,0),(109,'mata.jpg','audio',NULL,'',NULL,NULL,NULL,NULL,'No','Ucchiyan Lambiyan Ghatiya1-Jagge Jot Sunhani.mp3',NULL,'Ucchiyan Lambiyan Ghatiya1-Jagge Jot Sunhani',NULL,NULL,2,'U',0,0),(110,'mata.jpg','audio',NULL,'',NULL,NULL,NULL,NULL,'No','1Awahan.mp3',NULL,'1Awahan',NULL,NULL,3,'U',0,0),(111,'ganesh.jpg','audio',NULL,'',NULL,NULL,NULL,NULL,'No','Aaja Maa Do Ghariyaan.mp3',NULL,'Aaja Maa Do Ghariyaan',NULL,NULL,3,'U',0,0),(112,'images.jpg','audio',NULL,'',NULL,NULL,NULL,NULL,'No','Bateiya.mp3',NULL,'Bateiya',NULL,NULL,3,'U',0,0),(113,'bakebihari','audio',NULL,'',NULL,NULL,NULL,NULL,'No','Bhav Sagar To Paar Uttare.mp3',NULL,'Bhav Sagar To Paar Uttare',NULL,NULL,3,'U',0,0),(114,'shiv.jpg','audio',NULL,'',NULL,NULL,NULL,NULL,'No','Buaa Khola kay.mp3',NULL,'Buaa Khola kay',NULL,NULL,3,'U',0,0),(115,'maagauri.jpg','audio',NULL,'',NULL,NULL,NULL,NULL,'No','Chaade Singh Te Savaari Aaja.mp3',NULL,'Chaade Singh Te Savaari Aaja',NULL,NULL,3,'U',0,0),(116,'mata.jpg','audio',NULL,'',NULL,NULL,NULL,NULL,'No','Chadataa Suraj.mp3',NULL,'Chadataa Suraj',NULL,NULL,3,'U',0,0),(117,'ganesh.jpg','audio',NULL,'',NULL,NULL,NULL,NULL,'No','Chalo Chaliya Gulaabi Rutaa Aiyaa.mp3',NULL,'Chalo Chaliya Gulaabi Rutaa Aiyaa',NULL,NULL,3,'U',0,0),(118,'images.jpg','audio',NULL,'',NULL,NULL,NULL,NULL,'No','Chunni Mai Banai Pie Pie Jodd Kay.mp3',NULL,'Chunni Mai Banai Pie Pie Jodd Kay',NULL,NULL,3,'U',0,0),(119,'bakebihari','audio',NULL,'',NULL,NULL,NULL,NULL,'No','Dor Dor Ja Tu Deva.mp3',NULL,'Dor Dor Ja Tu Deva',NULL,NULL,3,'U',0,0),(120,'shiv.jpg','audio',NULL,'',NULL,NULL,NULL,NULL,'No','Ganesh Vandana Sunder Phoolo Kay.mp3',NULL,'Ganesh Vandana Sunder Phoolo Kay',NULL,NULL,3,'U',0,0),(121,'maagauri.jpg','audio',NULL,'',NULL,NULL,NULL,NULL,'No','Jaar Samane To Aao Jhandewaliye.mp3',NULL,'Jaar Samane To Aao Jhandewaliye',NULL,NULL,3,'U',0,0),(122,'mata.jpg','audio',NULL,'',NULL,NULL,NULL,NULL,'No','Jot Jagawa Saare Raat.mp3',NULL,'Jot Jagawa Saare Raat',NULL,NULL,3,'U',0,0),(123,'ganesh.jpg','audio',NULL,'',NULL,NULL,NULL,NULL,'No','Kewat Prasang.mp3',NULL,'Kewat Prasang',NULL,NULL,3,'U',0,0),(124,'images.jpg','audio',NULL,'',NULL,NULL,NULL,NULL,'No','Khol Buaye Mandira De Khol Sherawaliya.mp3',NULL,'Khol Buaye Mandira De Khol Sherawaliya',NULL,NULL,3,'U',0,0),(125,'bakebihari','audio',NULL,'',NULL,NULL,NULL,NULL,'No','Kholo Maa Buyae Mandira De Kholo.mp3',NULL,'Kholo Maa Buyae Mandira De Kholo',NULL,NULL,3,'U',0,0),(126,'shiv.jpg','audio',NULL,'',NULL,NULL,NULL,NULL,'No','Kisi Wi Nukade Bay Ja Gay.mp3',NULL,'Kisi Wi Nukade Bay Ja Gay',NULL,NULL,3,'U',0,0),(127,'maagauri.jpg','audio',NULL,'',NULL,NULL,NULL,NULL,'No','Kol Hovae Ni Maai Meriya 1.mp3',NULL,'Kol Hovae Ni Maai Meriya 1',NULL,NULL,3,'U',0,0),(128,'mata.jpg','audio',NULL,'',NULL,NULL,NULL,NULL,'No','Maai Ni Kadhi Khar Te Gariba De Aa.mp3',NULL,'Maai Ni Kadhi Khar Te Gariba De Aa',NULL,NULL,3,'U',0,0),(129,'ganesh.jpg','audio',NULL,'',NULL,NULL,NULL,NULL,'No','Main Nimane Da Maan edit.mp3',NULL,'Main Nimane Da Maan edit',NULL,NULL,3,'U',0,0),(130,'images.jpg','audio',NULL,'',NULL,NULL,NULL,NULL,'No','Mehra Kardi Hai Meri Maa Mehra Kardi Hai.mp3',NULL,'Mehra Kardi Hai Meri Maa Mehra Kardi Hai',NULL,NULL,3,'U',0,0),(131,'bakebihari','audio',NULL,'',NULL,NULL,NULL,NULL,'No','Mujhe Deva Maa Tunney Bahut Kuch Diya Hai1.mp3',NULL,'Mujhe Deva Maa Tunney Bahut Kuch Diya Hai1',NULL,NULL,3,'U',0,0),(132,'shiv.jpg','audio',NULL,'',NULL,NULL,NULL,NULL,'No','Muoo Ferroo Jidhaar.mp3',NULL,'Muoo Ferroo Jidhaar',NULL,NULL,3,'U',0,0),(133,'maagauri.jpg','audio',NULL,'',NULL,NULL,NULL,NULL,'No','Nahi O Chaadana Dawaara Tera.mp3',NULL,'Nahi O Chaadana Dawaara Tera',NULL,NULL,3,'U',0,0),(134,'mata.jpg','audio',NULL,'',NULL,NULL,NULL,NULL,'No','Nimmi Nimmi Tarayan Di Loow.mp3',NULL,'Nimmi Nimmi Tarayan Di Loow',NULL,NULL,3,'U',0,0),(135,'ganesh.jpg','audio',NULL,'',NULL,NULL,NULL,NULL,'No','Paar Karo Mera Bada Bhawani.mp3',NULL,'Paar Karo Mera Bada Bhawani',NULL,NULL,3,'U',0,0),(136,'images.jpg','audio',NULL,'',NULL,NULL,NULL,NULL,'No','Pahaaro KK.mp3',NULL,'Pahaaro KK',NULL,NULL,3,'U',0,0),(137,'bakebihari','audio',NULL,'',NULL,NULL,NULL,NULL,'No','Pahada Wali.mp3',NULL,'Pahada Wali',NULL,NULL,3,'U',0,0),(138,'shiv.jpg','audio',NULL,'',NULL,NULL,NULL,NULL,'No','Parvat Te Cavan Ve.mp3',NULL,'Parvat Te Cavan Ve',NULL,NULL,3,'U',0,0),(139,'maagauri.jpg','audio',NULL,'',NULL,NULL,NULL,NULL,'No','Pitto.mp3',NULL,'Pitto',NULL,NULL,3,'U',0,0),(140,'mata.jpg','audio',NULL,'',NULL,NULL,NULL,NULL,'No','Raati Mere Karama di.mp3',NULL,'Raati Mere Karama di',NULL,NULL,3,'U',0,0),(141,'ganesh.jpg','audio',NULL,'',NULL,NULL,NULL,NULL,'No','Saare Raat Teri Yaad Vich.mp3',NULL,'Saare Raat Teri Yaad Vich',NULL,NULL,3,'U',0,0),(142,'images.jpg','audio',NULL,'',NULL,NULL,NULL,NULL,'No','Sadhi Navae Lag Gi 1.mp3',NULL,'Sadhi Navae Lag Gi 1',NULL,NULL,3,'U',0,0),(143,'bakebihari','audio',NULL,'',NULL,NULL,NULL,NULL,'No','Saraswati Shrade Maa.mp3',NULL,'Saraswati Shrade Maa',NULL,NULL,3,'U',0,0),(144,'shiv.jpg','audio',NULL,'',NULL,NULL,NULL,NULL,'No','Seer Tan Ke Duppata1.mp3',NULL,'Seer Tan Ke Duppata1',NULL,NULL,3,'U',0,0),(145,'maagauri.jpg','audio',NULL,'',NULL,NULL,NULL,NULL,'No','Sewadariya.mp3',NULL,'Sewadariya',NULL,NULL,3,'U',0,0),(146,'mata.jpg','audio',NULL,'',NULL,NULL,NULL,NULL,'No','Sukh Bhi Mujhe Pyare Hai Dukh Bhi Mujhe Pyare Hai.mp3',NULL,'Sukh Bhi Mujhe Pyare Hai Dukh Bhi Mujhe Pyare Hai',NULL,NULL,3,'U',0,0),(147,'ganesh.jpg','audio',NULL,'',NULL,NULL,NULL,NULL,'No','Swasa De Mala.mp3',NULL,'Swasa De Mala',NULL,NULL,3,'U',0,0),(148,'images.jpg','audio',NULL,'',NULL,NULL,NULL,NULL,'No','Tera Bichuda Datiya.mp3',NULL,'Tera Bichuda Datiya',NULL,NULL,3,'U',0,0),(149,'bakebihari','audio',NULL,'',NULL,NULL,NULL,NULL,'No','Tere Isharaya Te Shriti Yeh Chaldi..mp3',NULL,'Tere Isharaya Te Shriti Yeh Chaldi',NULL,NULL,3,'U',0,0),(150,'shiv.jpg','audio',NULL,'',NULL,NULL,NULL,NULL,'No','Tu Jinney Marji Dukh De De.mp3',NULL,'Tu Jinney Marji Dukh De De',NULL,NULL,3,'U',0,0),(151,'maagauri.jpg','audio',NULL,'',NULL,NULL,NULL,NULL,'No','Tuda Bin Maan Ni Maana Dati.mp3',NULL,'Tuda Bin Maan Ni Maana Dati',NULL,NULL,3,'U',0,0),(152,'mata.jpg','audio',NULL,'',NULL,NULL,NULL,NULL,'No','Ucchiyan Lambiyan Ghatiya1-Jagge Jot Sunhani.mp3',NULL,'Ucchiyan Lambiyan Ghatiya1-Jagge Jot Sunhani',NULL,NULL,3,'U',0,0),(153,'mata.jpg','video',NULL,'',NULL,NULL,NULL,NULL,'No','?? Motivational Line ?? Whatsapp Status Video __ Life Inspirational Quotes in Hindi - YouTube (360p).mp4',NULL,'?? Motivational Line ?? Whatsapp Status Video __ Life Inspirational Quotes in Hindi - YouTube (360p)',NULL,NULL,4,'U',0,0),(154,'ganesh.jpg','video',NULL,'',NULL,NULL,NULL,NULL,'No','21 Inspirational Quotes of Sandeep Maheshwari in Hindi __ Sandeep Maheshwari Hindi Quotes 2016 - YouTube (360p).mp4',NULL,'21 Inspirational Quotes of Sandeep Maheshwari in Hindi __ Sandeep Maheshwari Hindi Quotes 2016 - YouTube (360p)',NULL,NULL,4,'U',0,0),(155,'images.jpg','video',NULL,'',NULL,NULL,NULL,NULL,'No','Ab Koi Bhagwati Maa Sahara Nahi - YouTube (360p).mp4',NULL,'Ab Koi Bhagwati Maa Sahara Nahi - YouTube (360p)',NULL,NULL,4,'U',0,0),(156,'bakebihari','video',NULL,'',NULL,NULL,NULL,NULL,'No','Aigiri Nandini With Lyrics _ Mahishasura Mardini _ Rajalakshmee Sanjay _ ???????? ??????? ??????? - YouTube (360p).mp4',NULL,'Aigiri Nandini With Lyrics _ Mahishasura Mardini _ Rajalakshmee Sanjay _ ???????? ??????? ??????? - YouTube (360p)',NULL,NULL,4,'U',0,0),(157,'shiv.jpg','video',NULL,'',NULL,NULL,NULL,NULL,'No','APJ Abdul Kalam Quotes in Hindi __ 15 Most Inspirational Quotes of Dr APJ Abdul Kalam HD - YouTube (360p).mp4',NULL,'APJ Abdul Kalam Quotes in Hindi __ 15 Most Inspirational Quotes of Dr APJ Abdul Kalam HD - YouTube (360p)',NULL,NULL,4,'U',0,0),(158,'maagauri.jpg','video',NULL,'',NULL,NULL,NULL,NULL,'No','AWAHAN.mp4',NULL,'AWAHAN',NULL,NULL,4,'U',0,0),(159,'mata.jpg','video',NULL,'',NULL,NULL,NULL,NULL,'No','Bhagvad Gita Motivational Message in Hindi?, Granth Sahib, Quran Inspirational Message Video - YouTube (360p).mp4',NULL,'Bhagvad Gita Motivational Message in Hindi?, Granth Sahib, Quran Inspirational Message Video - YouTube (360p)',NULL,NULL,4,'U',0,0),(160,'ganesh.jpg','video',NULL,'',NULL,NULL,NULL,NULL,'No','DEVA MAAN DO VARDAAN.mp4',NULL,'DEVA MAAN DO VARDAAN',NULL,NULL,4,'U',0,0),(161,'images.jpg','video',NULL,'',NULL,NULL,NULL,NULL,'No','Ganpati Aarti -Sukh karta Dukh harta- Aarti Full With Lyrics By Sadhana Sargam - YouTube (360p).mp4',NULL,'Ganpati Aarti -Sukh karta Dukh harta- Aarti Full With Lyrics By Sadhana Sargam - YouTube (360p)',NULL,NULL,4,'U',0,0),(162,'bakebihari','video',NULL,'',NULL,NULL,NULL,NULL,'No','Gautam buddhas inspirational story in hindi Buddha and Followers ???? ????? ?? ??????????? ????? - YouTube (360p).mp4',NULL,'Gautam buddhas inspirational story in hindi Buddha and Followers ???? ????? ?? ??????????? ????? - YouTube (360p)',NULL,NULL,4,'U',0,0),(163,'shiv.jpg','video',NULL,'',NULL,NULL,NULL,NULL,'No','Goal Quotes __ Goal Hindi Inspirational Quotes__ Quotes in hindi __ Success Quotes __ [?????-Hindi] - YouTube (360p).mp4',NULL,'Goal Quotes __ Goal Hindi Inspirational Quotes__ Quotes in hindi __ Success Quotes __ [?????-Hindi] - YouTube (360p)',NULL,NULL,4,'U',0,0),(164,'maagauri.jpg','video',NULL,'',NULL,NULL,NULL,NULL,'No','Hari sundar nand mukunda - Gitanjali Rai - YouTube (360p).mp4',NULL,'Hari sundar nand mukunda - Gitanjali Rai - YouTube (360p)',NULL,NULL,4,'U',0,0),(165,'mata.jpg','video',NULL,'',NULL,NULL,NULL,NULL,'No','Inspirational and Motivation Quotes in Hindi - YouTube (360p).mp4',NULL,'Inspirational and Motivation Quotes in Hindi - YouTube (360p)',NULL,NULL,4,'U',0,0),(166,'ganesh.jpg','video',NULL,'',NULL,NULL,NULL,NULL,'No','Jai Ambe Gauri - Durga Aarti With Lyrics - Sanjeevani Bhelande - Hindi Devotional Songs - YouTube (360p).mp4',NULL,'Jai Ambe Gauri - Durga Aarti With Lyrics - Sanjeevani Bhelande - Hindi Devotional Songs - YouTube (360p)',NULL,NULL,4,'U',0,0),(167,'images.jpg','video',NULL,'',NULL,NULL,NULL,NULL,'No','LAINYAN LAINYAN MAI TERE ??????? ??????? ??? ???? ???.mp4',NULL,'LAINYAN LAINYAN MAI TERE ??????? ??????? ??? ???? ???',NULL,NULL,4,'U',0,0),(168,'bakebihari','video',NULL,'',NULL,NULL,NULL,NULL,'No','MAA TERE AASRE ??? ???? ????.mp4',NULL,'MAA TERE AASRE ??? ???? ????',NULL,NULL,4,'U',0,0),(169,'shiv.jpg','video',NULL,'',NULL,NULL,NULL,NULL,'No','Mahashivratri Special, Shiv Sahashtranaam with Lyrics 1000 names of Lord Shiva By Chand Kumar - YouTube (360p).mp4',NULL,'Mahashivratri Special, Shiv Sahashtranaam with Lyrics 1000 names of Lord Shiva By Chand Kumar - YouTube (360p)',NULL,NULL,4,'U',0,0),(170,'maagauri.jpg','video',NULL,'',NULL,NULL,NULL,NULL,'No','Motivational Quotes in Hindi - YouTube (360p).mp4',NULL,'Motivational Quotes in Hindi - YouTube (360p)',NULL,NULL,4,'U',0,0),(171,'mata.jpg','video',NULL,'',NULL,NULL,NULL,NULL,'No','Navratri Special Songs _ Bhor Bhayi Din Chad Gaya _ Ambe Maa Aarti _ Vidhi Sharma _ Devi Bhajan - YouTube (360p).mp4',NULL,'Navratri Special Songs _ Bhor Bhayi Din Chad Gaya _ Ambe Maa Aarti _ Vidhi Sharma _ Devi Bhajan - YouTube (360p)',NULL,NULL,4,'U',0,0),(172,'ganesh.jpg','video',NULL,'',NULL,NULL,NULL,NULL,'No','Om Jai Jagdish Hare I Aarti with Hindi English Lyrics By HARIHARAN I LYRICAL VIDEO, Aartiyan - YouTube (360p).mp4',NULL,'Om Jai Jagdish Hare I Aarti with Hindi English Lyrics By HARIHARAN I LYRICAL VIDEO, Aartiyan - YouTube (360p)',NULL,NULL,4,'U',0,0),(173,'images.jpg','video',NULL,'',NULL,NULL,NULL,NULL,'No','SAARI RAAT TERI YAAD ???? ??? ???? ??? ???.mp4',NULL,'SAARI RAAT TERI YAAD ???? ??? ???? ??? ???',NULL,NULL,4,'U',0,0),(174,'bakebihari','video',NULL,'',NULL,NULL,NULL,NULL,'No','Sukh Bhi Mujhe Pyaare Hai - YouTube (360p).mp4',NULL,'Sukh Bhi Mujhe Pyaare Hai - YouTube (360p)',NULL,NULL,4,'U',0,0),(175,'shiv.jpg','video',NULL,'',NULL,NULL,NULL,NULL,'No','Sukhkarta Dukhharta - Ganpati Aarti - Marathi Devotional Songs - Ganesh Chaturthi Songs - YouTube (360p).mp4',NULL,'Sukhkarta Dukhharta - Ganpati Aarti - Marathi Devotional Songs - Ganesh Chaturthi Songs - YouTube (360p)',NULL,NULL,4,'U',0,0),(176,'maagauri.jpg','video',NULL,'',NULL,NULL,NULL,NULL,'No','Top 21 Chanakya Quotes in Hindi __ Chankya niti - YouTube (360p).mp4',NULL,'Top 21 Chanakya Quotes in Hindi __ Chankya niti - YouTube (360p)',NULL,NULL,4,'U',0,0),(177,'mata.jpg','video',NULL,'',NULL,NULL,NULL,NULL,'No','VAISHNO CHALISA VICKY.mp4',NULL,'VAISHNO CHALISA VICKY',NULL,NULL,4,'U',0,0),(178,'ganesh.jpg','video',NULL,'',NULL,NULL,NULL,NULL,'No','????? AWAHAN JHANDEWALAN ????????.mp4',NULL,'????? AWAHAN JHANDEWALAN ????????',NULL,NULL,4,'U',0,0),(179,'images.jpg','video',NULL,'',NULL,NULL,NULL,NULL,'No','???? ????? ?? ?????? ?? ?? ???? UNCHA RUTBA TU.mp4',NULL,'???? ????? ?? ?????? ?? ?? ???? UNCHA RUTBA TU',NULL,NULL,4,'U',0,0),(180,'bakebihari','video',NULL,'',NULL,NULL,NULL,NULL,'No','??? ?? ???? ???? GHANAN GHAN GHANTA BAAJE.mp4',NULL,'??? ?? ???? ???? GHANAN GHAN GHANTA BAAJE',NULL,NULL,4,'U',0,0),(181,'shiv.jpg','video',NULL,'',NULL,NULL,NULL,NULL,'No','??? ????? ????? ???? ??? MA KISNE BANAYA TERA BHAWAN.mp4',NULL,'??? ????? ????? ???? ??? MA KISNE BANAYA TERA BHAWAN',NULL,NULL,4,'U',0,0),(182,'maagauri.jpg','video',NULL,'',NULL,NULL,NULL,NULL,'No','????? ????????? ?? ????? ??????????? ????? Sandeep Maheshwari Quotes in Hindi - YouTube (360p).mp4',NULL,'????? ????????? ?? ????? ??????????? ????? Sandeep Maheshwari Quotes in Hindi - YouTube (360p)',NULL,NULL,4,'U',0,0),(183,'mata.jpg','video',NULL,'',NULL,NULL,NULL,NULL,'No','?? Motivational Line ?? Whatsapp Status Video __ Life Inspirational Quotes in Hindi - YouTube (360p).mp4',NULL,'?? Motivational Line ?? Whatsapp Status Video __ Life Inspirational Quotes in Hindi - YouTube (360p)',NULL,NULL,5,'U',0,0),(184,'ganesh.jpg','video',NULL,'',NULL,NULL,NULL,NULL,'No','21 Inspirational Quotes of Sandeep Maheshwari in Hindi __ Sandeep Maheshwari Hindi Quotes 2016 - YouTube (360p).mp4',NULL,'21 Inspirational Quotes of Sandeep Maheshwari in Hindi __ Sandeep Maheshwari Hindi Quotes 2016 - YouTube (360p)',NULL,NULL,5,'U',0,0),(185,'images.jpg','video',NULL,'',NULL,NULL,NULL,NULL,'No','Ab Koi Bhagwati Maa Sahara Nahi - YouTube (360p).mp4',NULL,'Ab Koi Bhagwati Maa Sahara Nahi - YouTube (360p)',NULL,NULL,5,'U',0,0),(186,'bakebihari','video',NULL,'',NULL,NULL,NULL,NULL,'No','Aigiri Nandini With Lyrics _ Mahishasura Mardini _ Rajalakshmee Sanjay _ ???????? ??????? ??????? - YouTube (360p).mp4',NULL,'Aigiri Nandini With Lyrics _ Mahishasura Mardini _ Rajalakshmee Sanjay _ ???????? ??????? ??????? - YouTube (360p)',NULL,NULL,5,'U',0,0),(187,'shiv.jpg','video',NULL,'',NULL,NULL,NULL,NULL,'No','APJ Abdul Kalam Quotes in Hindi __ 15 Most Inspirational Quotes of Dr APJ Abdul Kalam HD - YouTube (360p).mp4',NULL,'APJ Abdul Kalam Quotes in Hindi __ 15 Most Inspirational Quotes of Dr APJ Abdul Kalam HD - YouTube (360p)',NULL,NULL,5,'U',0,0),(188,'maagauri.jpg','video',NULL,'',NULL,NULL,NULL,NULL,'No','AWAHAN.mp4',NULL,'AWAHAN',NULL,NULL,5,'U',0,0),(189,'mata.jpg','video',NULL,'',NULL,NULL,NULL,NULL,'No','Bhagvad Gita Motivational Message in Hindi?, Granth Sahib, Quran Inspirational Message Video - YouTube (360p).mp4',NULL,'Bhagvad Gita Motivational Message in Hindi?, Granth Sahib, Quran Inspirational Message Video - YouTube (360p)',NULL,NULL,5,'U',0,0),(190,'ganesh.jpg','video',NULL,'',NULL,NULL,NULL,NULL,'No','DEVA MAAN DO VARDAAN.mp4',NULL,'DEVA MAAN DO VARDAAN',NULL,NULL,5,'U',0,0),(191,'images.jpg','video',NULL,'',NULL,NULL,NULL,NULL,'No','Ganpati Aarti -Sukh karta Dukh harta- Aarti Full With Lyrics By Sadhana Sargam - YouTube (360p).mp4',NULL,'Ganpati Aarti -Sukh karta Dukh harta- Aarti Full With Lyrics By Sadhana Sargam - YouTube (360p)',NULL,NULL,5,'U',0,0),(192,'bakebihari','video',NULL,'',NULL,NULL,NULL,NULL,'No','Gautam buddhas inspirational story in hindi Buddha and Followers ???? ????? ?? ??????????? ????? - YouTube (360p).mp4',NULL,'Gautam buddhas inspirational story in hindi Buddha and Followers ???? ????? ?? ??????????? ????? - YouTube (360p)',NULL,NULL,5,'U',0,0),(193,'shiv.jpg','video',NULL,'',NULL,NULL,NULL,NULL,'No','Goal Quotes __ Goal Hindi Inspirational Quotes__ Quotes in hindi __ Success Quotes __ [?????-Hindi] - YouTube (360p).mp4',NULL,'Goal Quotes __ Goal Hindi Inspirational Quotes__ Quotes in hindi __ Success Quotes __ [?????-Hindi] - YouTube (360p)',NULL,NULL,5,'U',0,0),(194,'maagauri.jpg','video',NULL,'',NULL,NULL,NULL,NULL,'No','Hari sundar nand mukunda - Gitanjali Rai - YouTube (360p).mp4',NULL,'Hari sundar nand mukunda - Gitanjali Rai - YouTube (360p)',NULL,NULL,5,'U',0,0),(195,'mata.jpg','video',NULL,'',NULL,NULL,NULL,NULL,'No','Inspirational and Motivation Quotes in Hindi - YouTube (360p).mp4',NULL,'Inspirational and Motivation Quotes in Hindi - YouTube (360p)',NULL,NULL,5,'U',0,0),(196,'mata.jpg','video',NULL,'',NULL,NULL,NULL,NULL,'No','Jai Ambe Gauri - Durga Aarti With Lyrics - Sanjeevani Bhelande - Hindi Devotional Songs - YouTube (360p).mp4',NULL,'Jai Ambe Gauri - Durga Aarti With Lyrics - Sanjeevani Bhelande - Hindi Devotional Songs - YouTube (360p)',NULL,NULL,5,'U',0,0),(197,'ganesh.jpg','video',NULL,'',NULL,NULL,NULL,NULL,'No','LAINYAN LAINYAN MAI TERE ??????? ??????? ??? ???? ???.mp4',NULL,'LAINYAN LAINYAN MAI TERE ??????? ??????? ??? ???? ???',NULL,NULL,5,'U',0,0),(198,'images.jpg','video',NULL,'',NULL,NULL,NULL,NULL,'No','MAA TERE AASRE ??? ???? ????.mp4',NULL,'MAA TERE AASRE ??? ???? ????',NULL,NULL,5,'U',0,0),(199,'bakebihari','video',NULL,'',NULL,NULL,NULL,NULL,'No','Mahashivratri Special, Shiv Sahashtranaam with Lyrics 1000 names of Lord Shiva By Chand Kumar - YouTube (360p).mp4',NULL,'Mahashivratri Special, Shiv Sahashtranaam with Lyrics 1000 names of Lord Shiva By Chand Kumar - YouTube (360p)',NULL,NULL,5,'U',0,0),(200,'shiv.jpg','video',NULL,'',NULL,NULL,NULL,NULL,'No','Motivational Quotes in Hindi - YouTube (360p).mp4',NULL,'Motivational Quotes in Hindi - YouTube (360p)',NULL,NULL,5,'U',0,0),(201,'maagauri.jpg','video',NULL,'',NULL,NULL,NULL,NULL,'No','Navratri Special Songs _ Bhor Bhayi Din Chad Gaya _ Ambe Maa Aarti _ Vidhi Sharma _ Devi Bhajan - YouTube (360p).mp4',NULL,'Navratri Special Songs _ Bhor Bhayi Din Chad Gaya _ Ambe Maa Aarti _ Vidhi Sharma _ Devi Bhajan - YouTube (360p)',NULL,NULL,5,'U',0,0),(202,'mata.jpg','video',NULL,'',NULL,NULL,NULL,NULL,'No','Om Jai Jagdish Hare I Aarti with Hindi English Lyrics By HARIHARAN I LYRICAL VIDEO, Aartiyan - YouTube (360p).mp4',NULL,'Om Jai Jagdish Hare I Aarti with Hindi English Lyrics By HARIHARAN I LYRICAL VIDEO, Aartiyan - YouTube (360p)',NULL,NULL,5,'U',0,0),(203,'ganesh.jpg','video',NULL,'',NULL,NULL,NULL,NULL,'No','SAARI RAAT TERI YAAD ???? ??? ???? ??? ???.mp4',NULL,'SAARI RAAT TERI YAAD ???? ??? ???? ??? ???',NULL,NULL,5,'U',0,0),(204,'images.jpg','video',NULL,'',NULL,NULL,NULL,NULL,'No','Sukh Bhi Mujhe Pyaare Hai - YouTube (360p).mp4',NULL,'Sukh Bhi Mujhe Pyaare Hai - YouTube (360p)',NULL,NULL,5,'U',0,0),(205,'bakebihari','video',NULL,'',NULL,NULL,NULL,NULL,'No','Sukhkarta Dukhharta - Ganpati Aarti - Marathi Devotional Songs - Ganesh Chaturthi Songs - YouTube (360p).mp4',NULL,'Sukhkarta Dukhharta - Ganpati Aarti - Marathi Devotional Songs - Ganesh Chaturthi Songs - YouTube (360p)',NULL,NULL,5,'U',0,0),(206,'shiv.jpg','video',NULL,'',NULL,NULL,NULL,NULL,'No','Top 21 Chanakya Quotes in Hindi __ Chankya niti - YouTube (360p).mp4',NULL,'Top 21 Chanakya Quotes in Hindi __ Chankya niti - YouTube (360p)',NULL,NULL,5,'U',0,0),(207,'maagauri.jpg','video',NULL,'',NULL,NULL,NULL,NULL,'No','VAISHNO CHALISA VICKY.mp4',NULL,'VAISHNO CHALISA VICKY',NULL,NULL,5,'U',0,0),(208,'mata.jpg','video',NULL,'',NULL,NULL,NULL,NULL,'No','????? AWAHAN JHANDEWALAN ????????.mp4',NULL,'????? AWAHAN JHANDEWALAN ????????',NULL,NULL,5,'U',0,0),(209,'ganesh.jpg','video',NULL,'',NULL,NULL,NULL,NULL,'No','???? ????? ?? ?????? ?? ?? ???? UNCHA RUTBA TU.mp4',NULL,'???? ????? ?? ?????? ?? ?? ???? UNCHA RUTBA TU',NULL,NULL,5,'U',0,0),(210,'images.jpg','video',NULL,'',NULL,NULL,NULL,NULL,'No','??? ?? ???? ???? GHANAN GHAN GHANTA BAAJE.mp4',NULL,'??? ?? ???? ???? GHANAN GHAN GHANTA BAAJE',NULL,NULL,5,'U',0,0),(211,'bakebihari','video',NULL,'',NULL,NULL,NULL,NULL,'No','??? ????? ????? ???? ??? MA KISNE BANAYA TERA BHAWAN.mp4',NULL,'??? ????? ????? ???? ??? MA KISNE BANAYA TERA BHAWAN',NULL,NULL,5,'U',0,0),(212,'shiv.jpg','video',NULL,'',NULL,NULL,NULL,NULL,'No','????? ????????? ?? ????? ??????????? ????? Sandeep Maheshwari Quotes in Hindi - YouTube (360p).mp4',NULL,'????? ????????? ?? ????? ??????????? ????? Sandeep Maheshwari Quotes in Hindi - YouTube (360p)',NULL,NULL,5,'U',0,0),(213,'maagauri.jpg','video',NULL,'',NULL,NULL,NULL,NULL,'No','?? Motivational Line ?? Whatsapp Status Video __ Life Inspirational Quotes in Hindi - YouTube (360p).mp4',NULL,'?? Motivational Line ?? Whatsapp Status Video __ Life Inspirational Quotes in Hindi - YouTube (360p)',NULL,NULL,6,'U',0,0),(214,'mata.jpg','video',NULL,'',NULL,NULL,NULL,NULL,'No','21 Inspirational Quotes of Sandeep Maheshwari in Hindi __ Sandeep Maheshwari Hindi Quotes 2016 - YouTube (360p).mp4',NULL,'21 Inspirational Quotes of Sandeep Maheshwari in Hindi __ Sandeep Maheshwari Hindi Quotes 2016 - YouTube (360p)',NULL,NULL,6,'U',0,0),(215,'ganesh.jpg','video',NULL,'',NULL,NULL,NULL,NULL,'No','Ab Koi Bhagwati Maa Sahara Nahi - YouTube (360p).mp4',NULL,'Ab Koi Bhagwati Maa Sahara Nahi - YouTube (360p)',NULL,NULL,6,'U',0,0),(216,'images.jpg','video',NULL,'',NULL,NULL,NULL,NULL,'No','Aigiri Nandini With Lyrics _ Mahishasura Mardini _ Rajalakshmee Sanjay _ ???????? ??????? ??????? - YouTube (360p).mp4',NULL,'Aigiri Nandini With Lyrics _ Mahishasura Mardini _ Rajalakshmee Sanjay _ ???????? ??????? ??????? - YouTube (360p)',NULL,NULL,6,'U',0,0),(217,'bakebihari','video',NULL,'',NULL,NULL,NULL,NULL,'No','APJ Abdul Kalam Quotes in Hindi __ 15 Most Inspirational Quotes of Dr APJ Abdul Kalam HD - YouTube (360p).mp4',NULL,'APJ Abdul Kalam Quotes in Hindi __ 15 Most Inspirational Quotes of Dr APJ Abdul Kalam HD - YouTube (360p)',NULL,NULL,6,'U',0,0),(218,'shiv.jpg','video',NULL,'',NULL,NULL,NULL,NULL,'No','AWAHAN.mp4',NULL,'AWAHAN',NULL,NULL,6,'U',0,0),(219,'maagauri.jpg','video',NULL,'',NULL,NULL,NULL,NULL,'No','Bhagvad Gita Motivational Message in Hindi?, Granth Sahib, Quran Inspirational Message Video - YouTube (360p).mp4',NULL,'Bhagvad Gita Motivational Message in Hindi?, Granth Sahib, Quran Inspirational Message Video - YouTube (360p)',NULL,NULL,6,'U',0,0),(220,'mata.jpg','video',NULL,'',NULL,NULL,NULL,NULL,'No','DEVA MAAN DO VARDAAN.mp4',NULL,'DEVA MAAN DO VARDAAN',NULL,NULL,6,'U',0,0),(221,'ganesh.jpg','video',NULL,'',NULL,NULL,NULL,NULL,'No','Ganpati Aarti -Sukh karta Dukh harta- Aarti Full With Lyrics By Sadhana Sargam - YouTube (360p).mp4',NULL,'Ganpati Aarti -Sukh karta Dukh harta- Aarti Full With Lyrics By Sadhana Sargam - YouTube (360p)',NULL,NULL,6,'U',0,0),(222,'images.jpg','video',NULL,'',NULL,NULL,NULL,NULL,'No','Gautam buddhas inspirational story in hindi Buddha and Followers ???? ????? ?? ??????????? ????? - YouTube (360p).mp4',NULL,'Gautam buddhas inspirational story in hindi Buddha and Followers ???? ????? ?? ??????????? ????? - YouTube (360p)',NULL,NULL,6,'U',0,0),(223,'bakebihari','video',NULL,'',NULL,NULL,NULL,NULL,'No','Goal Quotes __ Goal Hindi Inspirational Quotes__ Quotes in hindi __ Success Quotes __ [?????-Hindi] - YouTube (360p).mp4',NULL,'Goal Quotes __ Goal Hindi Inspirational Quotes__ Quotes in hindi __ Success Quotes __ [?????-Hindi] - YouTube (360p)',NULL,NULL,6,'U',0,0),(224,'shiv.jpg','video',NULL,'',NULL,NULL,NULL,NULL,'No','Hari sundar nand mukunda - Gitanjali Rai - YouTube (360p).mp4',NULL,'Hari sundar nand mukunda - Gitanjali Rai - YouTube (360p)',NULL,NULL,6,'U',0,0),(225,'maagauri.jpg','video',NULL,'',NULL,NULL,NULL,NULL,'No','Inspirational and Motivation Quotes in Hindi - YouTube (360p).mp4',NULL,'Inspirational and Motivation Quotes in Hindi - YouTube (360p)',NULL,NULL,6,'U',0,0),(226,'mata.jpg','video',NULL,'',NULL,NULL,NULL,NULL,'No','Jai Ambe Gauri - Durga Aarti With Lyrics - Sanjeevani Bhelande - Hindi Devotional Songs - YouTube (360p).mp4',NULL,'Jai Ambe Gauri - Durga Aarti With Lyrics - Sanjeevani Bhelande - Hindi Devotional Songs - YouTube (360p)',NULL,NULL,6,'U',0,0),(227,'ganesh.jpg','video',NULL,'',NULL,NULL,NULL,NULL,'No','LAINYAN LAINYAN MAI TERE ??????? ??????? ??? ???? ???.mp4',NULL,'LAINYAN LAINYAN MAI TERE ??????? ??????? ??? ???? ???',NULL,NULL,6,'U',0,0),(228,'images.jpg','video',NULL,'',NULL,NULL,NULL,NULL,'No','MAA TERE AASRE ??? ???? ????.mp4',NULL,'MAA TERE AASRE ??? ???? ????',NULL,NULL,6,'U',0,0),(229,'bakebihari','video',NULL,'',NULL,NULL,NULL,NULL,'No','Mahashivratri Special, Shiv Sahashtranaam with Lyrics 1000 names of Lord Shiva By Chand Kumar - YouTube (360p).mp4',NULL,'Mahashivratri Special, Shiv Sahashtranaam with Lyrics 1000 names of Lord Shiva By Chand Kumar - YouTube (360p)',NULL,NULL,6,'U',0,0),(230,'shiv.jpg','video',NULL,'',NULL,NULL,NULL,NULL,'No','Motivational Quotes in Hindi - YouTube (360p).mp4',NULL,'Motivational Quotes in Hindi - YouTube (360p)',NULL,NULL,6,'U',0,0),(231,'maagauri.jpg','video',NULL,'',NULL,NULL,NULL,NULL,'No','Navratri Special Songs _ Bhor Bhayi Din Chad Gaya _ Ambe Maa Aarti _ Vidhi Sharma _ Devi Bhajan - YouTube (360p).mp4',NULL,'Navratri Special Songs _ Bhor Bhayi Din Chad Gaya _ Ambe Maa Aarti _ Vidhi Sharma _ Devi Bhajan - YouTube (360p)',NULL,NULL,6,'U',0,0),(232,'mata.jpg','video',NULL,'',NULL,NULL,NULL,NULL,'No','Om Jai Jagdish Hare I Aarti with Hindi English Lyrics By HARIHARAN I LYRICAL VIDEO, Aartiyan - YouTube (360p).mp4',NULL,'Om Jai Jagdish Hare I Aarti with Hindi English Lyrics By HARIHARAN I LYRICAL VIDEO, Aartiyan - YouTube (360p)',NULL,NULL,6,'U',0,0),(233,'ganesh.jpg','video',NULL,'',NULL,NULL,NULL,NULL,'No','SAARI RAAT TERI YAAD ???? ??? ???? ??? ???.mp4',NULL,'SAARI RAAT TERI YAAD ???? ??? ???? ??? ???',NULL,NULL,6,'U',0,0),(234,'images.jpg','video',NULL,'',NULL,NULL,NULL,NULL,'No','Sukh Bhi Mujhe Pyaare Hai - YouTube (360p).mp4',NULL,'Sukh Bhi Mujhe Pyaare Hai - YouTube (360p)',NULL,NULL,6,'U',0,0),(235,'bakebihari','video',NULL,'',NULL,NULL,NULL,NULL,'No','Sukhkarta Dukhharta - Ganpati Aarti - Marathi Devotional Songs - Ganesh Chaturthi Songs - YouTube (360p).mp4',NULL,'Sukhkarta Dukhharta - Ganpati Aarti - Marathi Devotional Songs - Ganesh Chaturthi Songs - YouTube (360p)',NULL,NULL,6,'U',0,0),(236,'shiv.jpg','video',NULL,'',NULL,NULL,NULL,NULL,'No','Top 21 Chanakya Quotes in Hindi __ Chankya niti - YouTube (360p).mp4',NULL,'Top 21 Chanakya Quotes in Hindi __ Chankya niti - YouTube (360p)',NULL,NULL,6,'U',0,0),(237,'maagauri.jpg','video',NULL,'',NULL,NULL,NULL,NULL,'No','VAISHNO CHALISA VICKY.mp4',NULL,'VAISHNO CHALISA VICKY',NULL,NULL,6,'U',0,0),(238,'mata.jpg','video',NULL,'',NULL,NULL,NULL,NULL,'No','????? AWAHAN JHANDEWALAN ????????.mp4',NULL,'????? AWAHAN JHANDEWALAN ????????',NULL,NULL,6,'U',0,0),(239,'mata.jpg','video',NULL,'',NULL,NULL,NULL,NULL,'No','???? ????? ?? ?????? ?? ?? ???? UNCHA RUTBA TU.mp4',NULL,'???? ????? ?? ?????? ?? ?? ???? UNCHA RUTBA TU',NULL,NULL,6,'U',0,0),(240,'ganesh.jpg','video',NULL,'',NULL,NULL,NULL,NULL,'No','??? ?? ???? ???? GHANAN GHAN GHANTA BAAJE.mp4',NULL,'??? ?? ???? ???? GHANAN GHAN GHANTA BAAJE',NULL,NULL,6,'U',0,0),(241,'images.jpg','video',NULL,'',NULL,NULL,NULL,NULL,'No','??? ????? ????? ???? ??? MA KISNE BANAYA TERA BHAWAN.mp4',NULL,'??? ????? ????? ???? ??? MA KISNE BANAYA TERA BHAWAN',NULL,NULL,6,'U',0,0),(242,'bakebihari','video',NULL,'',NULL,NULL,NULL,NULL,'No','????? ????????? ?? ????? ??????????? ????? Sandeep Maheshwari Quotes in Hindi - YouTube (360p).mp4',NULL,'????? ????????? ?? ????? ??????????? ????? Sandeep Maheshwari Quotes in Hindi - YouTube (360p)',NULL,NULL,6,'U',0,0),(243,'shiv.jpg','video',NULL,'',NULL,NULL,NULL,NULL,'No','?? Motivational Line ?? Whatsapp Status Video __ Life Inspirational Quotes in Hindi - YouTube (360p).mp4',NULL,'?? Motivational Line ?? Whatsapp Status Video __ Life Inspirational Quotes in Hindi - YouTube (360p)',NULL,NULL,7,'U',0,0),(244,'maagauri.jpg','video',NULL,'',NULL,NULL,NULL,NULL,'No','21 Inspirational Quotes of Sandeep Maheshwari in Hindi __ Sandeep Maheshwari Hindi Quotes 2016 - YouTube (360p).mp4',NULL,'21 Inspirational Quotes of Sandeep Maheshwari in Hindi __ Sandeep Maheshwari Hindi Quotes 2016 - YouTube (360p)',NULL,NULL,7,'U',0,0),(245,'mata.jpg','video',NULL,'',NULL,NULL,NULL,NULL,'No','Ab Koi Bhagwati Maa Sahara Nahi - YouTube (360p).mp4',NULL,'Ab Koi Bhagwati Maa Sahara Nahi - YouTube (360p)',NULL,NULL,7,'U',0,0),(246,'ganesh.jpg','video',NULL,'',NULL,NULL,NULL,NULL,'No','Aigiri Nandini With Lyrics _ Mahishasura Mardini _ Rajalakshmee Sanjay _ ???????? ??????? ??????? - YouTube (360p).mp4',NULL,'Aigiri Nandini With Lyrics _ Mahishasura Mardini _ Rajalakshmee Sanjay _ ???????? ??????? ??????? - YouTube (360p)',NULL,NULL,7,'U',0,0),(247,'images.jpg','video',NULL,'',NULL,NULL,NULL,NULL,'No','APJ Abdul Kalam Quotes in Hindi __ 15 Most Inspirational Quotes of Dr APJ Abdul Kalam HD - YouTube (360p).mp4',NULL,'APJ Abdul Kalam Quotes in Hindi __ 15 Most Inspirational Quotes of Dr APJ Abdul Kalam HD - YouTube (360p)',NULL,NULL,7,'U',0,0),(248,'bakebihari','video',NULL,'',NULL,NULL,NULL,NULL,'No','AWAHAN.mp4',NULL,'AWAHAN',NULL,NULL,7,'U',0,0),(249,'shiv.jpg','video',NULL,'',NULL,NULL,NULL,NULL,'No','Bhagvad Gita Motivational Message in Hindi?, Granth Sahib, Quran Inspirational Message Video - YouTube (360p).mp4',NULL,'Bhagvad Gita Motivational Message in Hindi?, Granth Sahib, Quran Inspirational Message Video - YouTube (360p)',NULL,NULL,7,'U',0,0),(250,'maagauri.jpg','video',NULL,'',NULL,NULL,NULL,NULL,'No','DEVA MAAN DO VARDAAN.mp4',NULL,'DEVA MAAN DO VARDAAN',NULL,NULL,7,'U',0,0),(251,'mata.jpg','video',NULL,'',NULL,NULL,NULL,NULL,'No','Ganpati Aarti -Sukh karta Dukh harta- Aarti Full With Lyrics By Sadhana Sargam - YouTube (360p).mp4',NULL,'Ganpati Aarti -Sukh karta Dukh harta- Aarti Full With Lyrics By Sadhana Sargam - YouTube (360p)',NULL,NULL,7,'U',0,0),(252,'ganesh.jpg','video',NULL,'',NULL,NULL,NULL,NULL,'No','Gautam buddhas inspirational story in hindi Buddha and Followers ???? ????? ?? ??????????? ????? - YouTube (360p).mp4',NULL,'Gautam buddhas inspirational story in hindi Buddha and Followers ???? ????? ?? ??????????? ????? - YouTube (360p)',NULL,NULL,7,'U',0,0),(253,'images.jpg','video',NULL,'',NULL,NULL,NULL,NULL,'No','Goal Quotes __ Goal Hindi Inspirational Quotes__ Quotes in hindi __ Success Quotes __ [?????-Hindi] - YouTube (360p).mp4',NULL,'Goal Quotes __ Goal Hindi Inspirational Quotes__ Quotes in hindi __ Success Quotes __ [?????-Hindi] - YouTube (360p)',NULL,NULL,7,'U',0,0),(254,'bakebihari','video',NULL,'',NULL,NULL,NULL,NULL,'No','Hari sundar nand mukunda - Gitanjali Rai - YouTube (360p).mp4',NULL,'Hari sundar nand mukunda - Gitanjali Rai - YouTube (360p)',NULL,NULL,7,'U',0,0),(255,'shiv.jpg','video',NULL,'',NULL,NULL,NULL,NULL,'No','Inspirational and Motivation Quotes in Hindi - YouTube (360p).mp4',NULL,'Inspirational and Motivation Quotes in Hindi - YouTube (360p)',NULL,NULL,7,'U',0,0),(256,'maagauri.jpg','video',NULL,'',NULL,NULL,NULL,NULL,'No','Jai Ambe Gauri - Durga Aarti With Lyrics - Sanjeevani Bhelande - Hindi Devotional Songs - YouTube (360p).mp4',NULL,'Jai Ambe Gauri - Durga Aarti With Lyrics - Sanjeevani Bhelande - Hindi Devotional Songs - YouTube (360p)',NULL,NULL,7,'U',0,0),(257,'mata.jpg','video',NULL,'',NULL,NULL,NULL,NULL,'No','LAINYAN LAINYAN MAI TERE ??????? ??????? ??? ???? ???.mp4',NULL,'LAINYAN LAINYAN MAI TERE ??????? ??????? ??? ???? ???',NULL,NULL,7,'U',0,0),(258,'ganesh.jpg','video',NULL,'',NULL,NULL,NULL,NULL,'No','MAA TERE AASRE ??? ???? ????.mp4',NULL,'MAA TERE AASRE ??? ???? ????',NULL,NULL,7,'U',0,0),(259,'images.jpg','video',NULL,'',NULL,NULL,NULL,NULL,'No','Mahashivratri Special, Shiv Sahashtranaam with Lyrics 1000 names of Lord Shiva By Chand Kumar - YouTube (360p).mp4',NULL,'Mahashivratri Special, Shiv Sahashtranaam with Lyrics 1000 names of Lord Shiva By Chand Kumar - YouTube (360p)',NULL,NULL,7,'U',0,0),(260,'bakebihari','video',NULL,'',NULL,NULL,NULL,NULL,'No','Motivational Quotes in Hindi - YouTube (360p).mp4',NULL,'Motivational Quotes in Hindi - YouTube (360p)',NULL,NULL,7,'U',0,0),(261,'shiv.jpg','video',NULL,'',NULL,NULL,NULL,NULL,'No','Navratri Special Songs _ Bhor Bhayi Din Chad Gaya _ Ambe Maa Aarti _ Vidhi Sharma _ Devi Bhajan - YouTube (360p).mp4',NULL,'Navratri Special Songs _ Bhor Bhayi Din Chad Gaya _ Ambe Maa Aarti _ Vidhi Sharma _ Devi Bhajan - YouTube (360p)',NULL,NULL,7,'U',0,0),(262,'maagauri.jpg','video',NULL,'',NULL,NULL,NULL,NULL,'No','Om Jai Jagdish Hare I Aarti with Hindi English Lyrics By HARIHARAN I LYRICAL VIDEO, Aartiyan - YouTube (360p).mp4',NULL,'Om Jai Jagdish Hare I Aarti with Hindi English Lyrics By HARIHARAN I LYRICAL VIDEO, Aartiyan - YouTube (360p)',NULL,NULL,7,'U',0,0),(263,'mata.jpg','video',NULL,'',NULL,NULL,NULL,NULL,'No','SAARI RAAT TERI YAAD ???? ??? ???? ??? ???.mp4',NULL,'SAARI RAAT TERI YAAD ???? ??? ???? ??? ???',NULL,NULL,7,'U',0,0),(264,'ganesh.jpg','video',NULL,'',NULL,NULL,NULL,NULL,'No','Sukh Bhi Mujhe Pyaare Hai - YouTube (360p).mp4',NULL,'Sukh Bhi Mujhe Pyaare Hai - YouTube (360p)',NULL,NULL,7,'U',0,0),(265,'images.jpg','video',NULL,'',NULL,NULL,NULL,NULL,'No','Sukhkarta Dukhharta - Ganpati Aarti - Marathi Devotional Songs - Ganesh Chaturthi Songs - YouTube (360p).mp4',NULL,'Sukhkarta Dukhharta - Ganpati Aarti - Marathi Devotional Songs - Ganesh Chaturthi Songs - YouTube (360p)',NULL,NULL,7,'U',0,0),(266,'bakebihari','video',NULL,'',NULL,NULL,NULL,NULL,'No','Top 21 Chanakya Quotes in Hindi __ Chankya niti - YouTube (360p).mp4',NULL,'Top 21 Chanakya Quotes in Hindi __ Chankya niti - YouTube (360p)',NULL,NULL,7,'U',0,0),(267,'shiv.jpg','video',NULL,'',NULL,NULL,NULL,NULL,'No','VAISHNO CHALISA VICKY.mp4',NULL,'VAISHNO CHALISA VICKY',NULL,NULL,7,'U',0,0),(268,'maagauri.jpg','video',NULL,'',NULL,NULL,NULL,NULL,'No','????? AWAHAN JHANDEWALAN ????????.mp4',NULL,'????? AWAHAN JHANDEWALAN ????????',NULL,NULL,7,'U',0,0),(269,'mata.jpg','video',NULL,'',NULL,NULL,NULL,NULL,'No','???? ????? ?? ?????? ?? ?? ???? UNCHA RUTBA TU.mp4',NULL,'???? ????? ?? ?????? ?? ?? ???? UNCHA RUTBA TU',NULL,NULL,7,'U',0,0),(270,'ganesh.jpg','video',NULL,'',NULL,NULL,NULL,NULL,'No','??? ?? ???? ???? GHANAN GHAN GHANTA BAAJE.mp4',NULL,'??? ?? ???? ???? GHANAN GHAN GHANTA BAAJE',NULL,NULL,7,'U',0,0),(271,'images.jpg','video',NULL,'',NULL,NULL,NULL,NULL,'No','??? ????? ????? ???? ??? MA KISNE BANAYA TERA BHAWAN.mp4',NULL,'??? ????? ????? ???? ??? MA KISNE BANAYA TERA BHAWAN',NULL,NULL,7,'U',0,0),(272,'bakebihari','video',NULL,'',NULL,NULL,NULL,NULL,'No','????? ????????? ?? ????? ??????????? ????? Sandeep Maheshwari Quotes in Hindi - YouTube (360p).mp4',NULL,'????? ????????? ?? ????? ??????????? ????? Sandeep Maheshwari Quotes in Hindi - YouTube (360p)',NULL,NULL,7,'U',0,0),(273,'shiv.jpg','video',NULL,'',NULL,NULL,NULL,NULL,'No','?? Motivational Line ?? Whatsapp Status Video __ Life Inspirational Quotes in Hindi - YouTube (360p).mp4',NULL,'?? Motivational Line ?? Whatsapp Status Video __ Life Inspirational Quotes in Hindi - YouTube (360p)',NULL,NULL,8,'U',0,0),(274,'maagauri.jpg','video',NULL,'',NULL,NULL,NULL,NULL,'No','21 Inspirational Quotes of Sandeep Maheshwari in Hindi __ Sandeep Maheshwari Hindi Quotes 2016 - YouTube (360p).mp4',NULL,'21 Inspirational Quotes of Sandeep Maheshwari in Hindi __ Sandeep Maheshwari Hindi Quotes 2016 - YouTube (360p)',NULL,NULL,8,'U',0,0),(275,'mata.jpg','video',NULL,'',NULL,NULL,NULL,NULL,'No','Ab Koi Bhagwati Maa Sahara Nahi - YouTube (360p).mp4',NULL,'Ab Koi Bhagwati Maa Sahara Nahi - YouTube (360p)',NULL,NULL,8,'U',0,0),(276,'ganesh.jpg','video',NULL,'',NULL,NULL,NULL,NULL,'No','Aigiri Nandini With Lyrics _ Mahishasura Mardini _ Rajalakshmee Sanjay _ ???????? ??????? ??????? - YouTube (360p).mp4',NULL,'Aigiri Nandini With Lyrics _ Mahishasura Mardini _ Rajalakshmee Sanjay _ ???????? ??????? ??????? - YouTube (360p)',NULL,NULL,8,'U',0,0),(277,'images.jpg','video',NULL,'',NULL,NULL,NULL,NULL,'No','APJ Abdul Kalam Quotes in Hindi __ 15 Most Inspirational Quotes of Dr APJ Abdul Kalam HD - YouTube (360p).mp4',NULL,'APJ Abdul Kalam Quotes in Hindi __ 15 Most Inspirational Quotes of Dr APJ Abdul Kalam HD - YouTube (360p)',NULL,NULL,8,'U',0,0),(278,'bakebihari','video',NULL,'',NULL,NULL,NULL,NULL,'No','AWAHAN.mp4',NULL,'AWAHAN',NULL,NULL,8,'U',0,0),(279,'shiv.jpg','video',NULL,'',NULL,NULL,NULL,NULL,'No','Bhagvad Gita Motivational Message in Hindi?, Granth Sahib, Quran Inspirational Message Video - YouTube (360p).mp4',NULL,'Bhagvad Gita Motivational Message in Hindi?, Granth Sahib, Quran Inspirational Message Video - YouTube (360p)',NULL,NULL,8,'U',0,0),(280,'maagauri.jpg','video',NULL,'',NULL,NULL,NULL,NULL,'No','DEVA MAAN DO VARDAAN.mp4',NULL,'DEVA MAAN DO VARDAAN',NULL,NULL,8,'U',0,0),(281,'mata.jpg','video',NULL,'',NULL,NULL,NULL,NULL,'No','Ganpati Aarti -Sukh karta Dukh harta- Aarti Full With Lyrics By Sadhana Sargam - YouTube (360p).mp4',NULL,'Ganpati Aarti -Sukh karta Dukh harta- Aarti Full With Lyrics By Sadhana Sargam - YouTube (360p)',NULL,NULL,8,'U',0,0),(282,'mata.jpg','video',NULL,'',NULL,NULL,NULL,NULL,'No','Gautam buddhas inspirational story in hindi Buddha and Followers ???? ????? ?? ??????????? ????? - YouTube (360p).mp4',NULL,'Gautam buddhas inspirational story in hindi Buddha and Followers ???? ????? ?? ??????????? ????? - YouTube (360p)',NULL,NULL,8,'U',0,0),(283,'ganesh.jpg','video',NULL,'',NULL,NULL,NULL,NULL,'No','Goal Quotes __ Goal Hindi Inspirational Quotes__ Quotes in hindi __ Success Quotes __ [?????-Hindi] - YouTube (360p).mp4',NULL,'Goal Quotes __ Goal Hindi Inspirational Quotes__ Quotes in hindi __ Success Quotes __ [?????-Hindi] - YouTube (360p)',NULL,NULL,8,'U',0,0),(284,'images.jpg','video',NULL,'',NULL,NULL,NULL,NULL,'No','Hari sundar nand mukunda - Gitanjali Rai - YouTube (360p).mp4',NULL,'Hari sundar nand mukunda - Gitanjali Rai - YouTube (360p)',NULL,NULL,8,'U',0,0),(285,'bakebihari','video',NULL,'',NULL,NULL,NULL,NULL,'No','Inspirational and Motivation Quotes in Hindi - YouTube (360p).mp4',NULL,'Inspirational and Motivation Quotes in Hindi - YouTube (360p)',NULL,NULL,8,'U',0,0),(286,'shiv.jpg','video',NULL,'',NULL,NULL,NULL,NULL,'No','Jai Ambe Gauri - Durga Aarti With Lyrics - Sanjeevani Bhelande - Hindi Devotional Songs - YouTube (360p).mp4',NULL,'Jai Ambe Gauri - Durga Aarti With Lyrics - Sanjeevani Bhelande - Hindi Devotional Songs - YouTube (360p)',NULL,NULL,8,'U',0,0),(287,'maagauri.jpg','video',NULL,'',NULL,NULL,NULL,NULL,'No','LAINYAN LAINYAN MAI TERE ??????? ??????? ??? ???? ???.mp4',NULL,'LAINYAN LAINYAN MAI TERE ??????? ??????? ??? ???? ???',NULL,NULL,8,'U',0,0),(288,'mata.jpg','video',NULL,'',NULL,NULL,NULL,NULL,'No','MAA TERE AASRE ??? ???? ????.mp4',NULL,'MAA TERE AASRE ??? ???? ????',NULL,NULL,8,'U',0,0),(289,'ganesh.jpg','video',NULL,'',NULL,NULL,NULL,NULL,'No','Mahashivratri Special, Shiv Sahashtranaam with Lyrics 1000 names of Lord Shiva By Chand Kumar - YouTube (360p).mp4',NULL,'Mahashivratri Special, Shiv Sahashtranaam with Lyrics 1000 names of Lord Shiva By Chand Kumar - YouTube (360p)',NULL,NULL,8,'U',0,0),(290,'images.jpg','video',NULL,'',NULL,NULL,NULL,NULL,'No','Motivational Quotes in Hindi - YouTube (360p).mp4',NULL,'Motivational Quotes in Hindi - YouTube (360p)',NULL,NULL,8,'U',0,0),(291,'bakebihari','video',NULL,'',NULL,NULL,NULL,NULL,'No','Navratri Special Songs _ Bhor Bhayi Din Chad Gaya _ Ambe Maa Aarti _ Vidhi Sharma _ Devi Bhajan - YouTube (360p).mp4',NULL,'Navratri Special Songs _ Bhor Bhayi Din Chad Gaya _ Ambe Maa Aarti _ Vidhi Sharma _ Devi Bhajan - YouTube (360p)',NULL,NULL,8,'U',0,0),(292,'shiv.jpg','video',NULL,'',NULL,NULL,NULL,NULL,'No','Om Jai Jagdish Hare I Aarti with Hindi English Lyrics By HARIHARAN I LYRICAL VIDEO, Aartiyan - YouTube (360p).mp4',NULL,'Om Jai Jagdish Hare I Aarti with Hindi English Lyrics By HARIHARAN I LYRICAL VIDEO, Aartiyan - YouTube (360p)',NULL,NULL,8,'U',0,0),(293,'maagauri.jpg','video',NULL,'',NULL,NULL,NULL,NULL,'No','SAARI RAAT TERI YAAD ???? ??? ???? ??? ???.mp4',NULL,'SAARI RAAT TERI YAAD ???? ??? ???? ??? ???',NULL,NULL,8,'U',0,0),(294,'mata.jpg','video',NULL,'',NULL,NULL,NULL,NULL,'No','Sukh Bhi Mujhe Pyaare Hai - YouTube (360p).mp4',NULL,'Sukh Bhi Mujhe Pyaare Hai - YouTube (360p)',NULL,NULL,8,'U',0,0),(295,'ganesh.jpg','video',NULL,'',NULL,NULL,NULL,NULL,'No','Sukhkarta Dukhharta - Ganpati Aarti - Marathi Devotional Songs - Ganesh Chaturthi Songs - YouTube (360p).mp4',NULL,'Sukhkarta Dukhharta - Ganpati Aarti - Marathi Devotional Songs - Ganesh Chaturthi Songs - YouTube (360p)',NULL,NULL,8,'U',0,0),(296,'images.jpg','video',NULL,'',NULL,NULL,NULL,NULL,'No','Top 21 Chanakya Quotes in Hindi __ Chankya niti - YouTube (360p).mp4',NULL,'Top 21 Chanakya Quotes in Hindi __ Chankya niti - YouTube (360p)',NULL,NULL,8,'U',0,0),(297,'bakebihari','video',NULL,'',NULL,NULL,NULL,NULL,'No','VAISHNO CHALISA VICKY.mp4',NULL,'VAISHNO CHALISA VICKY',NULL,NULL,8,'U',0,0),(298,'shiv.jpg','video',NULL,'',NULL,NULL,NULL,NULL,'No','????? AWAHAN JHANDEWALAN ????????.mp4',NULL,'????? AWAHAN JHANDEWALAN ????????',NULL,NULL,8,'U',0,0),(299,'maagauri.jpg','video',NULL,'',NULL,NULL,NULL,NULL,'No','???? ????? ?? ?????? ?? ?? ???? UNCHA RUTBA TU.mp4',NULL,'???? ????? ?? ?????? ?? ?? ???? UNCHA RUTBA TU',NULL,NULL,8,'U',0,0),(300,'mata.jpg','video',NULL,'',NULL,NULL,NULL,NULL,'No','??? ?? ???? ???? GHANAN GHAN GHANTA BAAJE.mp4',NULL,'??? ?? ???? ???? GHANAN GHAN GHANTA BAAJE',NULL,NULL,8,'U',0,0),(301,'ganesh.jpg','video',NULL,'',NULL,NULL,NULL,NULL,'No','??? ????? ????? ???? ??? MA KISNE BANAYA TERA BHAWAN.mp4',NULL,'??? ????? ????? ???? ??? MA KISNE BANAYA TERA BHAWAN',NULL,NULL,8,'U',0,0),(302,'images.jpg','video',NULL,'',NULL,NULL,NULL,NULL,'No','????? ????????? ?? ????? ??????????? ????? Sandeep Maheshwari Quotes in Hindi - YouTube (360p).mp4',NULL,'????? ????????? ?? ????? ??????????? ????? Sandeep Maheshwari Quotes in Hindi - YouTube (360p)',NULL,NULL,8,'U',0,0),(303,'bakebihari','video',NULL,'',NULL,NULL,NULL,NULL,'No','?? Motivational Line ?? Whatsapp Status Video __ Life Inspirational Quotes in Hindi - YouTube (360p).mp4',NULL,'?? Motivational Line ?? Whatsapp Status Video __ Life Inspirational Quotes in Hindi - YouTube (360p)',NULL,NULL,9,'U',0,0),(304,'shiv.jpg','video',NULL,'',NULL,NULL,NULL,NULL,'No','21 Inspirational Quotes of Sandeep Maheshwari in Hindi __ Sandeep Maheshwari Hindi Quotes 2016 - YouTube (360p).mp4',NULL,'21 Inspirational Quotes of Sandeep Maheshwari in Hindi __ Sandeep Maheshwari Hindi Quotes 2016 - YouTube (360p)',NULL,NULL,9,'U',0,0),(305,'maagauri.jpg','video',NULL,'',NULL,NULL,NULL,NULL,'No','Ab Koi Bhagwati Maa Sahara Nahi - YouTube (360p).mp4',NULL,'Ab Koi Bhagwati Maa Sahara Nahi - YouTube (360p)',NULL,NULL,9,'U',0,0),(306,'mata.jpg','video',NULL,'',NULL,NULL,NULL,NULL,'No','Aigiri Nandini With Lyrics _ Mahishasura Mardini _ Rajalakshmee Sanjay _ ???????? ??????? ??????? - YouTube (360p).mp4',NULL,'Aigiri Nandini With Lyrics _ Mahishasura Mardini _ Rajalakshmee Sanjay _ ???????? ??????? ??????? - YouTube (360p)',NULL,NULL,9,'U',0,0),(307,'ganesh.jpg','video',NULL,'',NULL,NULL,NULL,NULL,'No','APJ Abdul Kalam Quotes in Hindi __ 15 Most Inspirational Quotes of Dr APJ Abdul Kalam HD - YouTube (360p).mp4',NULL,'APJ Abdul Kalam Quotes in Hindi __ 15 Most Inspirational Quotes of Dr APJ Abdul Kalam HD - YouTube (360p)',NULL,NULL,9,'U',0,0),(308,'images.jpg','video',NULL,'',NULL,NULL,NULL,NULL,'No','AWAHAN.mp4',NULL,'AWAHAN',NULL,NULL,9,'U',0,0),(309,'bakebihari','video',NULL,'',NULL,NULL,NULL,NULL,'No','Bhagvad Gita Motivational Message in Hindi?, Granth Sahib, Quran Inspirational Message Video - YouTube (360p).mp4',NULL,'Bhagvad Gita Motivational Message in Hindi?, Granth Sahib, Quran Inspirational Message Video - YouTube (360p)',NULL,NULL,9,'U',0,0),(310,'shiv.jpg','video',NULL,'',NULL,NULL,NULL,NULL,'No','DEVA MAAN DO VARDAAN.mp4',NULL,'DEVA MAAN DO VARDAAN',NULL,NULL,9,'U',0,0),(311,'maagauri.jpg','video',NULL,'',NULL,NULL,NULL,NULL,'No','Ganpati Aarti -Sukh karta Dukh harta- Aarti Full With Lyrics By Sadhana Sargam - YouTube (360p).mp4',NULL,'Ganpati Aarti -Sukh karta Dukh harta- Aarti Full With Lyrics By Sadhana Sargam - YouTube (360p)',NULL,NULL,9,'U',0,0),(312,'mata.jpg','video',NULL,'',NULL,NULL,NULL,NULL,'No','Gautam buddhas inspirational story in hindi Buddha and Followers ???? ????? ?? ??????????? ????? - YouTube (360p).mp4',NULL,'Gautam buddhas inspirational story in hindi Buddha and Followers ???? ????? ?? ??????????? ????? - YouTube (360p)',NULL,NULL,9,'U',0,0),(313,'ganesh.jpg','video',NULL,'',NULL,NULL,NULL,NULL,'No','Goal Quotes __ Goal Hindi Inspirational Quotes__ Quotes in hindi __ Success Quotes __ [?????-Hindi] - YouTube (360p).mp4',NULL,'Goal Quotes __ Goal Hindi Inspirational Quotes__ Quotes in hindi __ Success Quotes __ [?????-Hindi] - YouTube (360p)',NULL,NULL,9,'U',0,0),(314,'images.jpg','video',NULL,'',NULL,NULL,NULL,NULL,'No','Hari sundar nand mukunda - Gitanjali Rai - YouTube (360p).mp4',NULL,'Hari sundar nand mukunda - Gitanjali Rai - YouTube (360p)',NULL,NULL,9,'U',0,0),(315,'bakebihari','video',NULL,'',NULL,NULL,NULL,NULL,'No','Inspirational and Motivation Quotes in Hindi - YouTube (360p).mp4',NULL,'Inspirational and Motivation Quotes in Hindi - YouTube (360p)',NULL,NULL,9,'U',0,0),(316,'shiv.jpg','video',NULL,'',NULL,NULL,NULL,NULL,'No','Jai Ambe Gauri - Durga Aarti With Lyrics - Sanjeevani Bhelande - Hindi Devotional Songs - YouTube (360p).mp4',NULL,'Jai Ambe Gauri - Durga Aarti With Lyrics - Sanjeevani Bhelande - Hindi Devotional Songs - YouTube (360p)',NULL,NULL,9,'U',0,0),(317,'maagauri.jpg','video',NULL,'',NULL,NULL,NULL,NULL,'No','LAINYAN LAINYAN MAI TERE ??????? ??????? ??? ???? ???.mp4',NULL,'LAINYAN LAINYAN MAI TERE ??????? ??????? ??? ???? ???',NULL,NULL,9,'U',0,0),(318,'mata.jpg','video',NULL,'',NULL,NULL,NULL,NULL,'No','MAA TERE AASRE ??? ???? ????.mp4',NULL,'MAA TERE AASRE ??? ???? ????',NULL,NULL,9,'U',0,0),(319,'ganesh.jpg','video',NULL,'',NULL,NULL,NULL,NULL,'No','Mahashivratri Special, Shiv Sahashtranaam with Lyrics 1000 names of Lord Shiva By Chand Kumar - YouTube (360p).mp4',NULL,'Mahashivratri Special, Shiv Sahashtranaam with Lyrics 1000 names of Lord Shiva By Chand Kumar - YouTube (360p)',NULL,NULL,9,'U',0,0),(320,'images.jpg','video',NULL,'',NULL,NULL,NULL,NULL,'No','Motivational Quotes in Hindi - YouTube (360p).mp4',NULL,'Motivational Quotes in Hindi - YouTube (360p)',NULL,NULL,9,'U',0,0),(321,'bakebihari','video',NULL,'',NULL,NULL,NULL,NULL,'No','Navratri Special Songs _ Bhor Bhayi Din Chad Gaya _ Ambe Maa Aarti _ Vidhi Sharma _ Devi Bhajan - YouTube (360p).mp4',NULL,'Navratri Special Songs _ Bhor Bhayi Din Chad Gaya _ Ambe Maa Aarti _ Vidhi Sharma _ Devi Bhajan - YouTube (360p)',NULL,NULL,9,'U',0,0),(322,'shiv.jpg','video',NULL,'',NULL,NULL,NULL,NULL,'No','Om Jai Jagdish Hare I Aarti with Hindi English Lyrics By HARIHARAN I LYRICAL VIDEO, Aartiyan - YouTube (360p).mp4',NULL,'Om Jai Jagdish Hare I Aarti with Hindi English Lyrics By HARIHARAN I LYRICAL VIDEO, Aartiyan - YouTube (360p)',NULL,NULL,9,'U',0,0),(323,'maagauri.jpg','video',NULL,'',NULL,NULL,NULL,NULL,'No','SAARI RAAT TERI YAAD ???? ??? ???? ??? ???.mp4',NULL,'SAARI RAAT TERI YAAD ???? ??? ???? ??? ???',NULL,NULL,9,'U',0,0),(324,'mata.jpg','video',NULL,'',NULL,NULL,NULL,NULL,'No','Sukh Bhi Mujhe Pyaare Hai - YouTube (360p).mp4',NULL,'Sukh Bhi Mujhe Pyaare Hai - YouTube (360p)',NULL,NULL,9,'U',0,0),(325,'ganesh.jpg','video',NULL,'',NULL,NULL,NULL,NULL,'No','Sukhkarta Dukhharta - Ganpati Aarti - Marathi Devotional Songs - Ganesh Chaturthi Songs - YouTube (360p).mp4',NULL,'Sukhkarta Dukhharta - Ganpati Aarti - Marathi Devotional Songs - Ganesh Chaturthi Songs - YouTube (360p)',NULL,NULL,9,'U',0,0),(326,'images.jpg','video',NULL,'',NULL,NULL,NULL,NULL,'No','Top 21 Chanakya Quotes in Hindi __ Chankya niti - YouTube (360p).mp4',NULL,'Top 21 Chanakya Quotes in Hindi __ Chankya niti - YouTube (360p)',NULL,NULL,9,'U',0,0),(327,'bakebihari','video',NULL,'',NULL,NULL,NULL,NULL,'No','VAISHNO CHALISA VICKY.mp4',NULL,'VAISHNO CHALISA VICKY',NULL,NULL,9,'U',0,0),(328,'shiv.jpg','video',NULL,'',NULL,NULL,NULL,NULL,'No','????? AWAHAN JHANDEWALAN ????????.mp4',NULL,'????? AWAHAN JHANDEWALAN ????????',NULL,NULL,9,'U',0,0),(329,'maagauri.jpg','video',NULL,'',NULL,NULL,NULL,NULL,'No','???? ????? ?? ?????? ?? ?? ???? UNCHA RUTBA TU.mp4',NULL,'???? ????? ?? ?????? ?? ?? ???? UNCHA RUTBA TU',NULL,NULL,9,'U',0,0),(330,'mata.jpg','video',NULL,'',NULL,NULL,NULL,NULL,'No','??? ?? ???? ???? GHANAN GHAN GHANTA BAAJE.mp4',NULL,'??? ?? ???? ???? GHANAN GHAN GHANTA BAAJE',NULL,NULL,9,'U',0,0),(331,'ganesh.jpg','video',NULL,'',NULL,NULL,NULL,NULL,'No','??? ????? ????? ???? ??? MA KISNE BANAYA TERA BHAWAN.mp4',NULL,'??? ????? ????? ???? ??? MA KISNE BANAYA TERA BHAWAN',NULL,NULL,9,'U',0,0),(332,'images.jpg','video',NULL,'',NULL,NULL,NULL,NULL,'No','????? ????????? ?? ????? ??????????? ????? Sandeep Maheshwari Quotes in Hindi - YouTube (360p).mp4',NULL,'????? ????????? ?? ????? ??????????? ????? Sandeep Maheshwari Quotes in Hindi - YouTube (360p)',NULL,NULL,9,'U',0,0),(333,'','',NULL,'',NULL,NULL,NULL,NULL,'','',NULL,'',NULL,NULL,0,'',0,0),(334,'','',NULL,'',NULL,NULL,NULL,NULL,'','',NULL,'',NULL,NULL,0,'',0,0),(335,'','',NULL,'',NULL,NULL,NULL,NULL,'','',NULL,'',NULL,NULL,0,'',0,0);

/*Table structure for table `tbl_images` */

DROP TABLE IF EXISTS `tbl_images`;

CREATE TABLE `tbl_images` (
  `id` int(11) NOT NULL AUTO_INCREMENT,
  `images` longtext COLLATE utf8mb4_unicode_ci NOT NULL,
  `deleted` enum('No','yes') COLLATE utf8mb4_unicode_ci DEFAULT 'No',
  `imagename` varchar(255) CHARACTER SET utf8 COLLATE utf8_unicode_ci NOT NULL,
  PRIMARY KEY (`id`)
) ENGINE=InnoDB AUTO_INCREMENT=3 DEFAULT CHARSET=utf8mb4 COLLATE=utf8mb4_unicode_ci;

/*Data for the table `tbl_images` */

insert  into `tbl_images` values (1,'vashnodevi.jpg','No','vishnodevi'),(2,'bakebihari.jpg','No','bakebihari');

/*Table structure for table `tbl_like` */

DROP TABLE IF EXISTS `tbl_like`;

CREATE TABLE `tbl_like` (
  `Id` int(11) NOT NULL AUTO_INCREMENT,
  `contentId` int(11) NOT NULL,
  `userId` int(11) DEFAULT NULL,
  `createdBy` int(11) DEFAULT NULL,
  `CreatedOn` datetime DEFAULT NULL,
  `updatedBy` int(11) DEFAULT NULL,
  `updatedOn` int(11) DEFAULT NULL,
  `deleted` enum('Yes','No') DEFAULT 'No',
  `status` enum('Y','N') DEFAULT 'N',
  `views` varchar(255) DEFAULT NULL,
  `wallpaperId` int(11) DEFAULT NULL,
  `TextualId` int(11) DEFAULT NULL,
  `QuotesId` int(11) DEFAULT NULL,
  `translationId` int(11) DEFAULT NULL,
  PRIMARY KEY (`Id`),
  UNIQUE KEY `viewId_UNIQUE` (`Id`)
) ENGINE=InnoDB AUTO_INCREMENT=91 DEFAULT CHARSET=latin1;

/*Data for the table `tbl_like` */

insert  into `tbl_like` values (1,3,1,NULL,NULL,NULL,NULL,'No','N','23',NULL,NULL,NULL,1),(2,8,1,NULL,NULL,NULL,NULL,'No','N','12',NULL,NULL,NULL,2),(3,9,1,NULL,NULL,NULL,NULL,'No','N',NULL,NULL,NULL,NULL,NULL),(4,10,1,NULL,NULL,NULL,NULL,'No','N','11',NULL,NULL,NULL,NULL),(5,4,1,NULL,NULL,NULL,NULL,'No','N','147',NULL,NULL,NULL,NULL),(6,10,1,NULL,NULL,NULL,NULL,'No','Y',NULL,NULL,NULL,NULL,NULL),(7,5,1,NULL,NULL,NULL,NULL,'No','Y','52',NULL,NULL,NULL,NULL),(8,7,1,NULL,NULL,NULL,NULL,'No','N','4',NULL,NULL,NULL,NULL),(9,1,1,NULL,NULL,NULL,NULL,'No','Y','62',NULL,NULL,NULL,NULL),(10,2,1,NULL,NULL,NULL,NULL,'No','Y','8',NULL,NULL,NULL,NULL),(11,6,1,NULL,NULL,NULL,NULL,'No','Y','6',NULL,NULL,NULL,NULL),(12,3,2,NULL,NULL,NULL,NULL,'No','Y','8',NULL,NULL,NULL,NULL),(13,3,3,NULL,NULL,NULL,NULL,'No','Y',NULL,NULL,NULL,NULL,NULL),(14,3,4,NULL,NULL,NULL,NULL,'No','Y',NULL,NULL,NULL,NULL,NULL),(15,3,5,NULL,NULL,NULL,NULL,'No','Y',NULL,NULL,NULL,NULL,NULL),(16,3,6,NULL,NULL,NULL,NULL,'No','Y',NULL,NULL,NULL,NULL,NULL),(17,7,25,NULL,NULL,NULL,NULL,'No','Y',NULL,NULL,NULL,NULL,NULL),(18,0,2,NULL,NULL,NULL,NULL,'No','Y',NULL,1,NULL,NULL,NULL),(19,0,1,NULL,NULL,NULL,NULL,'No','N','1',NULL,2,NULL,NULL),(20,0,2,NULL,NULL,NULL,NULL,'No','Y',NULL,NULL,2,NULL,NULL),(21,2,2,NULL,NULL,NULL,NULL,'No','Y','10',NULL,NULL,NULL,NULL),(22,7,33,NULL,NULL,NULL,NULL,'No','Y','24',NULL,NULL,NULL,NULL),(23,8,33,NULL,NULL,NULL,NULL,'No','Y','16',NULL,NULL,NULL,NULL),(24,1,33,NULL,NULL,NULL,NULL,'No','Y',NULL,NULL,NULL,NULL,NULL),(25,0,4,NULL,NULL,NULL,NULL,'No','N','1',2,NULL,NULL,NULL),(26,16,33,NULL,NULL,NULL,NULL,'No','Y',NULL,NULL,NULL,NULL,NULL),(27,19,1,NULL,NULL,NULL,NULL,'No','N','1',NULL,NULL,NULL,NULL),(28,11,1,NULL,NULL,NULL,NULL,'No','Y','8',NULL,NULL,NULL,NULL),(29,15,1,NULL,NULL,NULL,NULL,'No','Y',NULL,NULL,NULL,NULL,NULL),(30,1,3,NULL,NULL,NULL,NULL,'No','Y','4',NULL,NULL,NULL,NULL),(31,0,1,NULL,NULL,NULL,NULL,'No','Y','14',NULL,NULL,1,NULL),(32,0,1,NULL,NULL,NULL,NULL,'No','Y','8',2,NULL,2,NULL),(33,13,1,NULL,NULL,NULL,NULL,'No','N','3',NULL,NULL,NULL,NULL),(34,0,1,NULL,NULL,NULL,NULL,'No','Y',NULL,0,NULL,NULL,NULL),(35,0,1,NULL,NULL,NULL,NULL,'No','Y','12',1,NULL,NULL,NULL),(36,0,1,NULL,NULL,NULL,NULL,'No','N','11',NULL,1,NULL,NULL),(37,2,6,NULL,NULL,NULL,NULL,'No','Y',NULL,NULL,NULL,NULL,NULL),(38,12,6,NULL,NULL,NULL,NULL,'No','Y',NULL,NULL,NULL,NULL,NULL),(39,0,6,NULL,NULL,NULL,NULL,'No','N','1',1,NULL,NULL,NULL),(40,0,1,NULL,NULL,NULL,NULL,'No','Y','2',NULL,4,NULL,NULL),(41,0,1,NULL,NULL,NULL,NULL,'No','Y','4',NULL,3,NULL,NULL),(42,0,1,NULL,NULL,NULL,NULL,'No','Y','2',NULL,NULL,3,NULL),(43,0,42,NULL,NULL,NULL,NULL,'No','Y','4',NULL,NULL,1,NULL),(44,5,42,NULL,NULL,NULL,NULL,'No','N','59',NULL,NULL,NULL,NULL),(45,1,42,NULL,NULL,NULL,NULL,'No','N','11',NULL,NULL,NULL,NULL),(46,5,101,NULL,NULL,NULL,NULL,'No','N','1',NULL,NULL,NULL,NULL),(47,1,101,NULL,NULL,NULL,NULL,'No','Y','2',NULL,NULL,NULL,NULL),(48,0,101,NULL,NULL,NULL,NULL,'No','Y',NULL,NULL,NULL,NULL,1),(49,0,101,NULL,NULL,NULL,NULL,'No','Y',NULL,NULL,3,NULL,NULL),(50,0,101,NULL,NULL,NULL,NULL,'No','Y','2',NULL,1,NULL,NULL),(51,0,101,NULL,NULL,NULL,NULL,'No','Y',NULL,1,NULL,NULL,NULL),(52,0,101,NULL,NULL,NULL,NULL,'No','N','5',NULL,NULL,1,NULL),(53,0,42,NULL,NULL,NULL,NULL,'No','N','1',1,NULL,NULL,NULL),(54,0,42,NULL,NULL,NULL,NULL,'No','N','9',NULL,1,NULL,NULL),(55,0,102,NULL,NULL,NULL,NULL,'No','Y',NULL,NULL,NULL,1,NULL),(56,0,42,NULL,NULL,NULL,NULL,'No','N','3',NULL,NULL,2,NULL),(57,0,42,NULL,NULL,NULL,NULL,'No','N','1',NULL,3,NULL,NULL),(58,0,108,NULL,NULL,NULL,NULL,'No','Y',NULL,NULL,NULL,3,NULL),(59,5,108,NULL,NULL,NULL,NULL,'No','Y',NULL,NULL,NULL,NULL,NULL),(60,7,42,NULL,NULL,NULL,NULL,'No','Y',NULL,NULL,NULL,NULL,NULL),(61,0,42,NULL,NULL,NULL,NULL,'No','Y',NULL,NULL,NULL,NULL,1),(62,5,114,NULL,NULL,NULL,NULL,'No','Y',NULL,NULL,NULL,NULL,NULL),(63,7,114,NULL,NULL,NULL,NULL,'No','Y',NULL,NULL,NULL,NULL,NULL),(64,8,114,NULL,NULL,NULL,NULL,'No','Y',NULL,NULL,NULL,NULL,NULL),(65,16,114,NULL,NULL,NULL,NULL,'No','Y',NULL,NULL,NULL,NULL,NULL),(66,18,114,NULL,NULL,NULL,NULL,'No','Y',NULL,NULL,NULL,NULL,NULL),(67,20,114,NULL,NULL,NULL,NULL,'No','Y',NULL,NULL,NULL,NULL,NULL),(68,1,114,NULL,NULL,NULL,NULL,'No','Y',NULL,NULL,NULL,NULL,NULL),(69,0,114,NULL,NULL,NULL,NULL,'No','Y',NULL,NULL,2,NULL,NULL),(70,0,114,NULL,NULL,NULL,NULL,'No','Y',NULL,NULL,NULL,2,NULL),(71,2,114,NULL,NULL,NULL,NULL,'No','Y',NULL,NULL,NULL,NULL,NULL),(72,0,3,NULL,NULL,NULL,NULL,'No','N','3',NULL,NULL,NULL,1),(73,0,3,NULL,NULL,NULL,NULL,'No','N','1',NULL,NULL,1,NULL),(74,0,114,NULL,NULL,NULL,NULL,'No','N','3',NULL,NULL,NULL,3),(75,20,42,NULL,NULL,NULL,NULL,'No','N','1',NULL,NULL,NULL,NULL),(76,5,2,NULL,NULL,NULL,NULL,'No','Y','6',NULL,NULL,NULL,NULL),(77,8,2,NULL,NULL,NULL,NULL,'No','Y',NULL,NULL,NULL,NULL,NULL),(78,19,2,NULL,NULL,NULL,NULL,'No','N','1',NULL,NULL,NULL,NULL),(79,13,2,NULL,NULL,NULL,NULL,'No','Y',NULL,NULL,NULL,NULL,NULL),(80,4,2,NULL,NULL,NULL,NULL,'No','Y','12',NULL,NULL,NULL,NULL),(81,21,2,NULL,NULL,NULL,NULL,'No','Y','2',NULL,NULL,NULL,NULL),(82,4,114,NULL,NULL,NULL,NULL,'No','Y','2',NULL,NULL,NULL,NULL),(83,14,2,NULL,NULL,NULL,NULL,'No','Y',NULL,NULL,NULL,NULL,NULL),(84,18,2,NULL,NULL,NULL,NULL,'No','Y',NULL,NULL,NULL,NULL,NULL),(85,20,2,NULL,NULL,NULL,NULL,'No','Y',NULL,NULL,NULL,NULL,NULL),(86,7,2,NULL,NULL,NULL,NULL,'No','Y',NULL,NULL,NULL,NULL,NULL),(87,0,2,NULL,NULL,NULL,NULL,'No','Y',NULL,NULL,NULL,NULL,1),(88,0,2,NULL,NULL,NULL,NULL,'No','Y',NULL,NULL,4,NULL,NULL),(89,1,2,NULL,NULL,NULL,NULL,'No','Y','2',NULL,NULL,NULL,NULL),(90,43,108,NULL,NULL,NULL,NULL,'No','Y',NULL,NULL,NULL,NULL,NULL);

/*Table structure for table `tbl_mastercategory` */

DROP TABLE IF EXISTS `tbl_mastercategory`;

CREATE TABLE `tbl_mastercategory` (
  `id` int(11) NOT NULL AUTO_INCREMENT,
  `categories` enum('audio','video','ringtone') COLLATE utf8mb4_unicode_ci DEFAULT 'audio',
  `subcategories` varchar(255) CHARACTER SET utf8 COLLATE utf8_unicode_ci NOT NULL,
  `deleted` enum('No','yes') COLLATE utf8mb4_unicode_ci DEFAULT 'No',
  PRIMARY KEY (`id`)
) ENGINE=InnoDB AUTO_INCREMENT=12 DEFAULT CHARSET=utf8mb4 COLLATE=utf8mb4_unicode_ci;

/*Data for the table `tbl_mastercategory` */

insert  into `tbl_mastercategory` values (1,'audio','Audio','No'),(2,'audio','Audio With Lyrics','No'),(3,'audio','New Releases','No'),(4,'video','Awahan','No'),(5,'video','Raj Ji Special','No'),(6,'video','Pakki Bhetien','No'),(7,'video','Punjabi Bhetein','No'),(8,'video','Hindi Bhetin','No'),(9,'video','New Releases','No'),(10,'ringtone','','No'),(11,'ringtone','','No');

/*Table structure for table `tbl_quotes` */

DROP TABLE IF EXISTS `tbl_quotes`;

CREATE TABLE `tbl_quotes` (
  `QuotesId` int(11) NOT NULL AUTO_INCREMENT,
  `QuoteImage` longtext,
  `createdBy` int(11) DEFAULT NULL,
  `createdOn` datetime DEFAULT NULL,
  `updatedBy` int(11) DEFAULT NULL,
  `updatedOn` datetime DEFAULT NULL,
  `deleted` enum('No','Yes') DEFAULT 'No',
  `createdDate` datetime DEFAULT CURRENT_TIMESTAMP,
  `likes` int(11) DEFAULT NULL,
  `comments` int(11) DEFAULT NULL,
  PRIMARY KEY (`QuotesId`)
) ENGINE=InnoDB AUTO_INCREMENT=4 DEFAULT CHARSET=latin1;

/*Data for the table `tbl_quotes` */

insert  into `tbl_quotes` values (1,'quotes1.jpg',NULL,NULL,NULL,NULL,'No','2018-01-31 23:21:00',2,14),(2,'quotes2.jpg',NULL,NULL,NULL,NULL,'No','2018-01-31 23:21:00',1,2),(3,'quotes3.jpg',NULL,NULL,NULL,NULL,'No','2018-01-31 23:21:00',2,1);

/*Table structure for table `tbl_requests` */

DROP TABLE IF EXISTS `tbl_requests`;

CREATE TABLE `tbl_requests` (
  `requestId` int(11) NOT NULL,
  `userId` int(11) DEFAULT NULL,
  `contentId` int(11) NOT NULL,
  `requestTime` datetime DEFAULT NULL,
  `createdBy` int(11) DEFAULT NULL,
  `createdOn` datetime DEFAULT NULL,
  `updatedBy` int(11) DEFAULT NULL,
  `updatedOn` datetime DEFAULT NULL,
  `deleted` enum('Yes','No') DEFAULT NULL,
  PRIMARY KEY (`requestId`),
  UNIQUE KEY `requestId_UNIQUE` (`requestId`)
) ENGINE=InnoDB DEFAULT CHARSET=latin1;

/*Data for the table `tbl_requests` */

insert  into `tbl_requests` values (0,NULL,0,'0000-00-00 00:00:00',NULL,NULL,NULL,NULL,NULL);

/*Table structure for table `tbl_role` */

DROP TABLE IF EXISTS `tbl_role`;

CREATE TABLE `tbl_role` (
  `roleId` int(11) NOT NULL AUTO_INCREMENT,
  `roleName` varchar(255) CHARACTER SET utf8 COLLATE utf8_unicode_ci NOT NULL,
  `createdBy` int(11) DEFAULT NULL,
  `createdOn` datetime DEFAULT NULL,
  `updatedBy` int(11) DEFAULT NULL,
  `updatedOn` datetime DEFAULT NULL,
  `deleted` enum('No','Yes') COLLATE utf8mb4_unicode_ci DEFAULT 'No',
  PRIMARY KEY (`roleId`)
) ENGINE=InnoDB AUTO_INCREMENT=2 DEFAULT CHARSET=utf8mb4 COLLATE=utf8mb4_unicode_ci;

/*Data for the table `tbl_role` */

insert  into `tbl_role` values (1,'priya',NULL,NULL,NULL,NULL,'No');

/*Table structure for table `tbl_shop` */

DROP TABLE IF EXISTS `tbl_shop`;

CREATE TABLE `tbl_shop` (
  `shopId` int(11) NOT NULL,
  `shopImage` longtext,
  `shopName` varchar(255) CHARACTER SET utf8 COLLATE utf8_unicode_ci NOT NULL,
  `shopDesc` varchar(255) CHARACTER SET utf8 COLLATE utf8_unicode_ci NOT NULL,
  `shopAddress` varchar(255) CHARACTER SET utf8 COLLATE utf8_unicode_ci NOT NULL,
  `shopOpeningTime` varchar(255) DEFAULT NULL,
  `shopClosingTime` varchar(255) DEFAULT NULL,
  `shopCateogory` enum('sweets','books','havan','clothes','all') DEFAULT NULL,
  `createdBy` int(11) DEFAULT NULL,
  `createdOn` datetime DEFAULT NULL,
  `updatedBy` int(11) DEFAULT NULL,
  `updatedOn` datetime DEFAULT NULL,
  `deleted` enum('Yes','No') DEFAULT NULL,
  `payment` enum('P','U') DEFAULT NULL,
  PRIMARY KEY (`shopId`),
  UNIQUE KEY `shopId_UNIQUE` (`shopId`)
) ENGINE=InnoDB DEFAULT CHARSET=latin1;

/*Data for the table `tbl_shop` */

insert  into `tbl_shop` values (1,'book.jpg\n','bikaner','fgdgdzgzgg','sec15,fbd','07:00am','09:00pm','sweets',NULL,NULL,NULL,NULL,'No','U'),(2,'havan.jpg\n','mishti','dgzdg','sec3,ballabgarh','08:00am','09:00pm','havan',NULL,NULL,NULL,NULL,'No','P');

/*Table structure for table `tbl_textualcontent` */

DROP TABLE IF EXISTS `tbl_textualcontent`;

CREATE TABLE `tbl_textualcontent` (
  `TextualId` int(11) NOT NULL,
  `contentImage` longtext CHARACTER SET latin1,
  `contentName` varchar(255) COLLATE utf8_unicode_ci NOT NULL,
  `contentText` text COLLATE utf8_unicode_ci NOT NULL,
  `createdBy` int(11) DEFAULT NULL,
  `createdOn` datetime DEFAULT NULL,
  `updatedBy` int(11) DEFAULT NULL,
  `updatedOn` datetime DEFAULT NULL,
  `deleted` enum('Yes','No') CHARACTER SET latin1 DEFAULT NULL,
  `contentType` enum('epic','bhajan') COLLATE utf8_unicode_ci DEFAULT NULL,
  `payment` enum('P','U') COLLATE utf8_unicode_ci DEFAULT NULL,
  `likes` int(11) DEFAULT '0',
  `comments` int(11) DEFAULT '0',
  PRIMARY KEY (`TextualId`),
  UNIQUE KEY `epicId_UNIQUE` (`TextualId`)
) ENGINE=InnoDB DEFAULT CHARSET=utf8 COLLATE=utf8_unicode_ci;

/*Data for the table `tbl_textualcontent` */

insert  into `tbl_textualcontent` values (0,NULL,'','',NULL,NULL,NULL,NULL,'No',NULL,'P',NULL,NULL),(1,'epic1.jpg\n','     ','$      $\n      $                          $\n                                              ( )      $ \n                                                 $\n                                                  $ \n                                                  $  \n                                                 $\n                                                  $\n                                                   $ \n                                             \n \n$         $ \n      $\n      $ \n                $\n      ( )  $\n    2             $\n    ',NULL,NULL,NULL,NULL,'No','epic','P',1,19),(2,'epic2.jpg','    ','          $\r\n      \r\n    $   \r\n   $  \r\n1.     $  -2\r\n     $,     \r\n2.    $   -2\r\n    $     \r\n3.    $   - 2\r\n     $    \r\n4.     $   - 2\r\n      $     \r\n   $ ',NULL,NULL,NULL,NULL,'No','epic','P',1,8),(3,'vashnodevi.jpg','      ','          $\r\n()          $\r\n   -2      $\r\n     $\r\n      $\r\n       $\r\n',NULL,NULL,NULL,NULL,'No','epic','U',2,3),(4,'ganesh.jpg','      ','     $\r\n      $\r\n        $\r\n      $\r\n       $\r\n',NULL,NULL,NULL,NULL,'No','bhajan','U',2,NULL);

/*Table structure for table `tbl_translations` */

DROP TABLE IF EXISTS `tbl_translations`;

CREATE TABLE `tbl_translations` (
  `translationId` int(11) NOT NULL,
  `translationName` varchar(255) CHARACTER SET utf8 COLLATE utf8_unicode_ci NOT NULL,
  `translationImage` longtext,
  `translationMantra` longtext CHARACTER SET utf8 COLLATE utf8_unicode_ci NOT NULL,
  `translationEnglish` longtext CHARACTER SET utf8 COLLATE utf8_unicode_ci,
  `translationHindi` longtext CHARACTER SET utf8 COLLATE utf8_unicode_ci NOT NULL,
  `createdBy` int(11) NOT NULL,
  `createdOn` datetime DEFAULT NULL,
  `updatedBy` int(11) DEFAULT NULL,
  `updatedOn` datetime DEFAULT NULL,
  `deleted` enum('Yes','No') DEFAULT NULL,
  `payment` enum('P','U') DEFAULT NULL,
  `likes` int(11) DEFAULT '0',
  `comments` int(11) DEFAULT '0',
  PRIMARY KEY (`translationId`),
  UNIQUE KEY `translationsId_UNIQUE` (`translationId`)
) ENGINE=InnoDB DEFAULT CHARSET=latin1;

/*Data for the table `tbl_translations` */

insert  into `tbl_translations` values (1,'  ','pic1.jpg\n','           $    (   )  $          $      - $          $           $       -$         $           $      $       $           $     $        $           $        $           $           $','daddad','dscscs',0,NULL,NULL,NULL,'No','U',3,7),(2,'   kol honve te','pic2.jpg',' (  )      (  )$      (    )  $       $      (    )  $     $        $        $      $ (   )          $          $          $        $         $        $        $        $         $',NULL,'',0,NULL,NULL,NULL,'No','U',0,2),(3,'     mata mere aukhe wele aa','pic4.jpg',' (  )      (  )$      (    )  $       $      (    )  $     $        $        $      $ (   )          $          $          $        $         $        $        $        $         $',NULL,'',0,NULL,NULL,NULL,'No','U',0,2);

/*Table structure for table `tbl_travelling` */

DROP TABLE IF EXISTS `tbl_travelling`;

CREATE TABLE `tbl_travelling` (
  `travelId` int(11) NOT NULL AUTO_INCREMENT,
  `templeName` text CHARACTER SET utf8 COLLATE utf8_unicode_ci NOT NULL,
  `city` text CHARACTER SET utf8 COLLATE utf8_unicode_ci NOT NULL,
  `Address` text CHARACTER SET utf8 COLLATE utf8_unicode_ci NOT NULL,
  `createdBy` int(11) DEFAULT NULL,
  `createdOn` datetime DEFAULT NULL,
  `updatedBy` int(11) DEFAULT NULL,
  `updatedOn` datetime DEFAULT NULL,
  `deleted` enum('No','yes') COLLATE utf8mb4_unicode_ci DEFAULT 'No',
  `templeimage` longtext COLLATE utf8mb4_unicode_ci,
  `video` longtext COLLATE utf8mb4_unicode_ci,
  `textualcontent` longtext CHARACTER SET utf8 COLLATE utf8_unicode_ci,
  `userId` int(11) DEFAULT NULL,
  `payment` enum('P','U') COLLATE utf8mb4_unicode_ci DEFAULT NULL,
  PRIMARY KEY (`travelId`)
) ENGINE=InnoDB AUTO_INCREMENT=4 DEFAULT CHARSET=utf8mb4 COLLATE=utf8mb4_unicode_ci;

/*Data for the table `tbl_travelling` */

insert  into `tbl_travelling` values (1,'bakebihari','Mathura','near bikaner sweet house ,main GT road',NULL,NULL,NULL,NULL,'No','bakebihari.jpg','shrikrishna.mp4','The distance of this sacred town from Mathura is approximately 15 km. \r\nMathura is considered as the hometown of Lord Krishna. \r\nVrindavan is closely located to the Agra-Delhi Highway. ',1,'P'),(2,'Lord ganesh','Maharashtra','sec 23 near fms public school',NULL,NULL,NULL,NULL,'No','ganu.jpg','ganeshg.mp4','Shri Mayureshwar Mandir is located in Morgaon, \r\nabout 80 kilometres from Pune city. \r\nThe temple is the starting and ending point of a pilgrimage of eight\r\n revered Ganesha temples called Ashtavinayaka.',1,'U'),(3,'vishnodevi','Jammu','katra,near rajaji sweet house',NULL,NULL,NULL,NULL,'No','vashnodevi.jpg','vaishno.mp4','The town of Katra is the base camp for the Vaishno Devi\r\n Yatra from where the devotees partake in a 13 km trek \r\nuphill to the Holy Bhawan where the Holy Cave is situated.\r\n Devotees reach the holy shrine either by walking on foot or by hiring ponies,\r\n coolies or dandis.',1,'U');

/*Table structure for table `tbl_user` */

DROP TABLE IF EXISTS `tbl_user`;

CREATE TABLE `tbl_user` (
  `userId` int(11) NOT NULL AUTO_INCREMENT,
  `firstName` varchar(255) CHARACTER SET utf8 COLLATE utf8_unicode_ci NOT NULL,
  `lastName` varchar(255) CHARACTER SET utf8 COLLATE utf8_unicode_ci NOT NULL,
  `mobileno` bigint(10) DEFAULT NULL,
  `emailId` varchar(255) CHARACTER SET utf8 COLLATE utf8_unicode_ci NOT NULL,
  `address` varchar(255) CHARACTER SET utf8 COLLATE utf8_unicode_ci NOT NULL,
  `password` varchar(255) CHARACTER SET utf8 COLLATE utf8_unicode_ci NOT NULL,
  `createdBy` int(11) DEFAULT NULL,
  `createdOn` datetime DEFAULT NULL,
  `updatedBy` int(11) DEFAULT NULL,
  `updatedOn` datetime DEFAULT NULL,
  `deleted` enum('No','Yes') COLLATE utf8mb4_unicode_ci DEFAULT 'No',
  `validupto` timestamp NULL DEFAULT CURRENT_TIMESTAMP,
  `payment` enum('P','U') COLLATE utf8mb4_unicode_ci DEFAULT 'U',
  `OTP` int(11) DEFAULT NULL,
  `roleId` int(11) DEFAULT NULL,
  `status` enum('Active','Inactive') COLLATE utf8mb4_unicode_ci DEFAULT 'Inactive',
  PRIMARY KEY (`userId`)
) ENGINE=InnoDB AUTO_INCREMENT=123 DEFAULT CHARSET=utf8mb4 COLLATE=utf8mb4_unicode_ci;

/*Data for the table `tbl_user` */

insert  into `tbl_user` values (1,'raj','sehgal',1234567898,'','','123456',NULL,NULL,NULL,NULL,'No','2018-01-24 13:09:24','P',73868,1,'Inactive'),(2,'raj','sehgal',1234567890,'','','',NULL,'2018-02-01 14:47:43',NULL,NULL,'No','2018-09-28 00:00:00','P',123456,1,'Active'),(3,'Neetu','Wadhwa',9873345860,'','','',NULL,'2018-02-01 14:47:43',NULL,NULL,'No','2018-01-30 19:00:24','U',123456,NULL,'Active'),(4,'Goutam','Kumar',0,'','','',NULL,'2018-02-01 14:47:43',NULL,NULL,'No','2018-01-31 11:18:16','U',123456,NULL,'Active'),(5,'Goutam','Kumar',0,'','','',NULL,'2018-02-01 14:47:43',NULL,NULL,'No','2018-01-31 11:18:25','U',123456,NULL,'Active'),(6,'Goutam','Kumar',9431949896,'','','',NULL,'2018-02-01 14:47:43',NULL,NULL,'No','2018-01-31 11:19:47','U',123456,NULL,'Active'),(8,'vikash','kumar',0,'','','',NULL,'2018-02-01 14:47:43',NULL,NULL,'No','2018-01-31 12:37:22','U',123456,NULL,'Active'),(9,'vikash','kumar',0,'','','',NULL,'2018-02-01 14:47:43',NULL,NULL,'No','2018-01-31 12:37:31','U',123456,NULL,'Active'),(10,'gjgh j','f yh ry rt y r',7527427452,'','','',NULL,'2018-02-01 14:47:43',NULL,NULL,'No','2018-01-31 12:39:47','U',123456,NULL,'Active'),(11,'hkh jt jt',' tyu tyu td',452442,'','','',NULL,'2018-02-01 14:47:43',NULL,NULL,'No','2018-01-31 12:41:12','U',123456,NULL,'Active'),(12,'vikash','kumar',432546,'','','',NULL,'2018-02-01 14:47:43',NULL,NULL,'No','2018-01-31 12:43:12','U',123456,NULL,'Active'),(13,'ghyty','',NULL,'','','',NULL,'2018-02-01 14:47:43',NULL,NULL,'No','2018-01-31 12:48:23','U',123456,NULL,'Active'),(14,'ghyty','',NULL,'','','',NULL,'2018-02-01 14:47:43',NULL,NULL,'No','2018-01-31 12:48:37','U',123456,NULL,'Active'),(15,'ghfgh','hghgh',NULL,'','','',NULL,'2018-02-01 14:47:43',NULL,NULL,'No','2018-01-31 12:57:06','U',123456,NULL,'Active'),(16,'vihjkh','kumar',NULL,'','','',NULL,'2018-02-01 14:47:43',NULL,NULL,'No','2018-01-31 14:45:54','U',123456,NULL,'Active'),(17,'kkiu','kiuoo',1234566,'','','',NULL,'2018-02-01 14:47:43',NULL,NULL,'No','2018-01-31 14:47:35','U',123456,NULL,'Inactive'),(18,'vikash','kumar',NULL,'','','',NULL,'2018-02-01 14:47:43',NULL,NULL,'No','2018-01-31 14:50:51','U',123456,NULL,'Active'),(19,'vikash','kumar',NULL,'','','',NULL,'2018-02-01 14:47:43',NULL,NULL,'No','2018-01-31 14:54:05','U',123456,NULL,'Active'),(20,'sonakshi','chauhan',NULL,'','','',NULL,'2018-02-01 14:47:43',NULL,NULL,'No','2018-01-31 15:16:38','U',123456,NULL,'Active'),(21,'vk','jj',NULL,'','','',NULL,'2018-02-01 14:47:43',NULL,NULL,'No','2018-01-31 15:17:27','U',123456,NULL,'Active'),(22,'diya','ahuja',9999999991,'','','',NULL,'2018-02-01 14:47:43',NULL,NULL,'No','2018-01-31 15:19:48','U',123456,NULL,'Active'),(23,'nhgj','jj',NULL,'','','',NULL,'2018-02-01 14:47:43',NULL,NULL,'No','2018-01-31 15:20:38','U',123456,NULL,'Active'),(24,'diya','ahuja',9999999993,'','','',NULL,'2018-02-01 14:47:43',NULL,NULL,'No','2018-01-31 15:21:19','U',123456,NULL,'Active'),(25,'fgf','fghgfhgh',1234567894,'','','',NULL,'2018-02-01 14:47:43',NULL,NULL,'No','2018-01-31 15:24:28','U',123456,NULL,'Active'),(26,'vikash','kil',1234567896,'','','',NULL,'2018-02-01 14:47:43',NULL,NULL,'No','2018-01-31 15:32:30','U',123456,NULL,'Active'),(27,'diya','ahuja',9999999923,'','','',NULL,'2018-02-01 14:47:43',NULL,NULL,'No','2018-01-31 15:35:18','U',123456,NULL,'Active'),(28,'diya','ahuja',9999999920,'','','',NULL,'2018-02-01 14:47:43',NULL,NULL,'No','2018-01-31 15:36:50','U',123456,NULL,'Active'),(29,'diya','ahuja',9999999911,'','','',NULL,'2018-02-01 14:47:43',NULL,NULL,'No','2018-01-31 15:37:58','U',123456,NULL,'Active'),(30,'diya','ahuja',9999999911,'','','',NULL,'2018-02-01 14:47:43',NULL,NULL,'No','2018-01-31 15:37:59','U',123456,NULL,'Active'),(31,'rfw','rfr',1111111113,'','','',NULL,'2018-02-01 14:47:43',NULL,NULL,'No','2018-01-31 15:49:20','U',123456,NULL,'Active'),(32,'rfw','rfr',1111111114,'','','',NULL,'2018-02-01 14:47:43',NULL,NULL,'No','2018-01-31 15:50:54','U',123456,NULL,'Active'),(33,'tjyjy','tjuyu',7777777777,'','','',NULL,'2018-02-01 14:47:43',NULL,NULL,'No','2018-01-31 18:34:55','U',123456,NULL,'Active'),(34,'rekha','mehta',1234567456,'','','',NULL,NULL,NULL,NULL,'No','2018-01-31 22:36:50','U',68073,NULL,'Active'),(35,'rekha','mehta',123456745,'','','',NULL,NULL,NULL,NULL,'No','2018-01-31 22:40:42','U',30494,NULL,'Active'),(36,'rekha','mehta',123456742,'','','',NULL,NULL,NULL,NULL,'No','2018-01-31 22:42:27','U',56361,NULL,'Active'),(37,'rekha','mehta',1234567421,'','','',NULL,NULL,NULL,NULL,'No','2018-01-31 22:43:06','U',26947,NULL,'Active'),(38,'rekha','mehta',1234567420,'','','',NULL,NULL,NULL,NULL,'No','2018-01-31 22:51:59','U',90568,NULL,'Active'),(39,'sid','malhotra',99999999,'','','',NULL,NULL,NULL,NULL,'No','2018-02-01 00:18:47','U',73893,NULL,'Active'),(40,'ram','singh',1234567895,'','','',NULL,NULL,NULL,NULL,'No','2018-02-01 09:48:28','U',86014,NULL,'Active'),(41,'sfgs','vf',1234567892,'','','',NULL,NULL,NULL,NULL,'No','2018-02-01 10:00:03','U',96575,NULL,'Active'),(42,'ramesh','',1234567899,'','','',NULL,NULL,NULL,NULL,'Yes','2018-02-01 11:41:23','U',37977,NULL,'Active'),(43,'','',NULL,'','','',NULL,NULL,NULL,NULL,'No','2018-02-01 11:42:07','U',NULL,NULL,'Inactive'),(44,'','',1234567811,'','','',NULL,NULL,NULL,NULL,'No','2018-02-01 14:51:59','U',11441,NULL,'Active'),(45,'','',1234567810,'','','',NULL,NULL,NULL,NULL,'No','2018-02-01 14:52:41','U',85617,NULL,'Active'),(46,'','',1234567810,'','','',NULL,NULL,NULL,NULL,'No','2018-02-01 14:54:30','U',13956,NULL,'Active'),(47,'','',123456789,'','','',NULL,NULL,NULL,NULL,'No','2018-02-01 16:32:03','U',63866,NULL,'Inactive'),(48,'','',123456783,'','','',NULL,NULL,NULL,NULL,'No','2018-02-01 17:44:53','U',42785,NULL,'Inactive'),(49,'','',123456781,'','','',NULL,NULL,NULL,NULL,'No','2018-02-01 17:46:02','U',35013,NULL,'Inactive'),(50,'','',123456781,'','','',NULL,NULL,NULL,NULL,'No','2018-02-01 17:46:51','U',98176,NULL,'Inactive'),(51,'rajppp','pppppppppppp',12345677,'','','',NULL,NULL,NULL,NULL,'No','2018-02-01 17:48:23','U',12345,NULL,'Inactive'),(52,'','',123456781,'','','',NULL,NULL,NULL,NULL,'No','2018-02-01 17:50:30','U',96348,NULL,'Inactive'),(53,'','',123456781,'','','',NULL,'2018-02-01 13:51:26',NULL,NULL,'No','2018-02-01 17:51:09','U',70598,NULL,'Active'),(54,'','',123456781,'','','',NULL,'2018-02-01 13:50:44',NULL,NULL,'No','2018-02-01 17:53:23','U',14032,NULL,'Active'),(55,'','',1111111111,'','','',NULL,'2018-02-01 13:46:43',NULL,NULL,'No','2018-02-01 18:04:15','U',36540,NULL,'Active'),(56,'sneh','goyal',2222222222,'','','',NULL,NULL,NULL,NULL,'No','2018-02-01 22:15:05','U',36004,NULL,'Active'),(57,'prince','sharma',3333333333,'','','',NULL,NULL,NULL,NULL,'No','2018-02-02 10:12:21','U',15889,NULL,'Active'),(58,'','',4444444444,'','','',NULL,NULL,NULL,NULL,'No','2018-02-02 10:26:11','U',12887,NULL,'Inactive'),(59,'','',4444444444,'','','',NULL,NULL,NULL,NULL,'No','2018-02-02 10:27:26','U',22958,NULL,'Inactive'),(60,'','',4444444444,'','','',NULL,NULL,NULL,NULL,'No','2018-02-02 10:28:15','U',65690,NULL,'Inactive'),(61,'','',4444444444,'','','',NULL,NULL,NULL,NULL,'No','2018-02-02 10:29:01','U',20645,NULL,'Inactive'),(62,'','',4444444444,'','','',NULL,NULL,NULL,NULL,'No','2018-02-02 10:30:28','U',19485,NULL,'Inactive'),(64,'ram','abfhjhavdja',12345667,'','','',NULL,NULL,NULL,NULL,'No','2018-02-02 11:13:27','U',32025,NULL,'Active'),(65,'ram','abfhjhavdja',8888888888,'','','',NULL,NULL,NULL,NULL,'No','2018-02-02 11:17:37','U',57319,NULL,'Active'),(66,'','',123456765,'','','',NULL,NULL,NULL,NULL,'No','2018-02-02 11:39:38','U',34717,NULL,'Active'),(67,'','',12345676,'','','',NULL,NULL,NULL,NULL,'No','2018-02-02 11:54:46','U',50580,NULL,'Inactive'),(68,'','',123456000765,'','','',NULL,NULL,NULL,NULL,'No','2018-02-02 12:02:02','U',33499,NULL,'Inactive'),(69,'','',6768767,'','','',NULL,NULL,NULL,NULL,'No','2018-02-02 12:06:06','U',20280,NULL,'Active'),(70,'yyy','gyggy',555555,'','','',NULL,NULL,NULL,NULL,'No','2018-02-02 12:13:21','U',15332,NULL,'Active'),(71,'','',NULL,'','','',NULL,NULL,NULL,NULL,'No','2018-02-02 12:27:07','U',74513,NULL,'Inactive'),(72,'sanket','jain',555555551132,'','','',NULL,NULL,NULL,NULL,'No','2018-02-02 12:37:13','U',52002,NULL,'Active'),(73,'','',9865327412,'','','',NULL,NULL,NULL,NULL,'No','2018-02-02 12:47:49','U',36576,NULL,'Inactive'),(74,'','',9865327412,'','','',NULL,NULL,NULL,NULL,'No','2018-02-02 12:47:59','U',57371,NULL,'Inactive'),(75,'','',2356748914,'','','',NULL,NULL,NULL,NULL,'No','2018-02-02 12:48:16','U',20786,NULL,'Inactive'),(76,'','',2356748914,'','','',NULL,NULL,NULL,NULL,'No','2018-02-02 12:48:29','U',13360,NULL,'Inactive'),(77,'ram','pal',44444441444,'','','',NULL,NULL,NULL,NULL,'No','2018-02-02 12:57:17','U',24963,NULL,'Active'),(78,'','',9852789205,'','','',NULL,NULL,NULL,NULL,'No','2018-02-02 13:10:42','U',72407,NULL,'Inactive'),(79,'','',9852567146,'','','',NULL,NULL,NULL,NULL,'No','2018-02-02 13:13:52','U',27001,NULL,'Inactive'),(80,'','',9874562589,'','','',NULL,NULL,NULL,NULL,'No','2018-02-02 13:14:17','U',99849,NULL,'Inactive'),(81,'','',45456467845,'','','',NULL,NULL,NULL,NULL,'No','2018-02-02 13:15:09','U',64868,NULL,'Inactive'),(82,'','',6578965235,'','','',NULL,NULL,NULL,NULL,'No','2018-02-02 13:16:15','U',62085,NULL,'Inactive'),(83,'','',9874563215,'','','',NULL,NULL,NULL,NULL,'No','2018-02-02 13:17:32','U',99364,NULL,'Inactive'),(84,'','',9874563210,'','','',NULL,NULL,NULL,NULL,'No','2018-02-02 13:21:08','U',33776,NULL,'Inactive'),(85,'','',5467893210,'','','',NULL,NULL,NULL,NULL,'No','2018-02-02 13:23:36','U',41835,NULL,'Inactive'),(86,'','',1236547890,'','','',NULL,NULL,NULL,NULL,'No','2018-02-02 14:35:31','U',35111,NULL,'Inactive'),(87,'','',1234569874,'','','',NULL,NULL,NULL,NULL,'No','2018-02-02 14:39:16','U',89892,NULL,'Inactive'),(88,'','',9632587410,'','','',NULL,NULL,NULL,NULL,'No','2018-02-02 14:40:29','U',29686,NULL,'Inactive'),(89,'ggf','gfv',1234567,'','','',NULL,NULL,NULL,NULL,'No','2018-02-02 14:45:29','U',48057,NULL,'Active'),(90,'','',9875236500,'','','',NULL,NULL,NULL,NULL,'No','2018-02-02 14:49:04','U',79501,NULL,'Inactive'),(91,'hjkjkk','kkkl',9872564120,'','','',NULL,NULL,NULL,NULL,'No','2018-02-02 14:51:53','U',33752,NULL,'Active'),(92,'fdvf','fcfvfvf',11111,'','','',NULL,NULL,NULL,NULL,'No','2018-02-02 15:08:51','U',52378,NULL,'Active'),(93,'','',1234569875,'','','',NULL,NULL,NULL,NULL,'No','2018-02-02 15:20:12','U',52963,NULL,'Inactive'),(94,'gfhgh','mhkjh',9874525252,'','','',NULL,NULL,NULL,NULL,'No','2018-02-02 15:21:59','U',65490,NULL,'Active'),(95,'ghgj','jhgj',1213454560,'','','',NULL,NULL,NULL,NULL,'No','2018-02-02 15:24:31','U',24267,NULL,'Active'),(96,'jhbbh','kjhh',9871234560,'','','',NULL,NULL,NULL,NULL,'No','2018-02-02 15:28:05','U',91565,NULL,'Active'),(97,'thth','dfgfg',8974563210,'','','',NULL,NULL,NULL,NULL,'No','2018-02-02 15:30:15','U',26970,NULL,'Active'),(98,'tgry','yuu',4844747474,'','','',NULL,NULL,NULL,NULL,'No','2018-02-02 15:31:58','U',25939,NULL,'Active'),(99,'kjkj','lilll',9874789562,'','','',NULL,NULL,NULL,NULL,'No','2018-02-02 15:33:56','U',67514,NULL,'Active'),(100,'ghghg','hgj',9871230456,'','','',NULL,NULL,NULL,NULL,'No','2018-02-02 15:35:18','U',23863,NULL,'Active'),(101,'Ankit','Sharma',9917303073,'','','',NULL,NULL,NULL,NULL,'No','2018-02-02 15:51:49','U',20502,NULL,'Active'),(102,'vikash','kumar',8801289261,'','','',NULL,NULL,NULL,NULL,'No','2018-02-03 10:06:49','U',41836,NULL,'Active'),(103,'','',9876541236,'','','',NULL,NULL,NULL,NULL,'No','2018-02-03 10:12:43','U',72976,NULL,'Inactive'),(104,'gaurav','gupta',9041215351,'','','',NULL,NULL,NULL,NULL,'No','2018-02-03 10:42:53','U',51962,NULL,'Active'),(105,'','',9874774747,'','','',NULL,NULL,NULL,NULL,'No','2018-02-03 10:44:53','U',50088,NULL,'Inactive'),(106,'','',1434562552,'','','',NULL,NULL,NULL,NULL,'No','2018-02-03 10:46:46','U',23427,NULL,'Inactive'),(107,'','',1236544125,'','','',NULL,NULL,NULL,NULL,'No','2018-02-03 11:27:41','U',93334,NULL,'Inactive'),(108,'Pankaj ','Arora',9990049700,'','','',NULL,NULL,NULL,NULL,'No','2018-02-03 14:04:57','U',66763,NULL,'Active'),(109,'Bharti','Arora',9990949700,'','','',NULL,NULL,NULL,NULL,'No','2018-02-03 14:16:31','U',20943,NULL,'Active'),(110,'','',1100110011,'','','',NULL,NULL,NULL,NULL,'No','2018-02-03 14:56:32','U',14784,NULL,'Inactive'),(111,'Aa','Ss',2200220022,'','','',NULL,NULL,NULL,NULL,'No','2018-02-03 14:57:14','U',86198,NULL,'Active'),(112,'','',7060762131,'','','',NULL,NULL,NULL,NULL,'No','2018-02-05 10:29:01','U',11489,NULL,'Inactive'),(113,'F','L',1212121212,'','','',NULL,NULL,NULL,NULL,'No','2018-02-05 12:08:08','U',92654,NULL,'Active'),(114,'Test1020304050','Ui1',1020304050,'','','',NULL,NULL,NULL,NULL,'No','2018-03-07 00:00:00','P',48207,NULL,'Active'),(115,'','',3954747847,'','','',NULL,NULL,NULL,NULL,'No','2018-02-05 13:17:23','U',13615,NULL,'Inactive'),(116,'','',1234567890,'','','',NULL,NULL,NULL,NULL,'No','2018-02-05 14:55:18','U',67459,NULL,'Inactive'),(117,'','',9873345760,'','','',NULL,NULL,NULL,NULL,'No','2018-02-05 14:58:49','U',26605,NULL,'Inactive'),(118,'','',1298745632,'','','',NULL,NULL,NULL,NULL,'No','2018-02-05 18:27:03','U',82127,NULL,'Inactive'),(119,'','',7891236540,'','','',NULL,NULL,NULL,NULL,'No','2018-02-05 18:28:51','U',92843,NULL,'Inactive'),(120,'','',1239874560,'','','',NULL,NULL,NULL,NULL,'No','2018-02-05 18:30:45','U',71157,NULL,'Inactive'),(121,'','',1234987653,'','','',NULL,NULL,NULL,NULL,'No','2018-02-06 12:38:05','U',46559,NULL,'Inactive'),(122,'','',1230985612,'','','',NULL,NULL,NULL,NULL,'No','2018-02-06 12:39:54','U',99667,NULL,'Inactive');

/*Table structure for table `tbl_vouchergen` */

DROP TABLE IF EXISTS `tbl_vouchergen`;

CREATE TABLE `tbl_vouchergen` (
  `id` int(11) NOT NULL AUTO_INCREMENT,
  `voucherCode` varchar(255) CHARACTER SET utf8 COLLATE utf8_unicode_ci DEFAULT NULL,
  `Isused` enum('No','yes') COLLATE utf8mb4_unicode_ci DEFAULT 'No',
  `usedBy` int(11) DEFAULT NULL,
  `createdBy` int(11) DEFAULT NULL,
  `createdDate` datetime DEFAULT CURRENT_TIMESTAMP,
  `updatedBy` int(11) DEFAULT NULL,
  `updatedOn` datetime DEFAULT NULL,
  `deleted` enum('No','Yes') COLLATE utf8mb4_unicode_ci DEFAULT 'No',
  `ActivatedOn` datetime DEFAULT NULL,
  PRIMARY KEY (`id`)
) ENGINE=InnoDB AUTO_INCREMENT=15 DEFAULT CHARSET=utf8mb4 COLLATE=utf8mb4_unicode_ci;

/*Data for the table `tbl_vouchergen` */

insert  into `tbl_vouchergen` values (1,'V0001','yes',2,2,'2018-01-03 15:22:34',NULL,'2018-02-02 10:57:39','No','2018-02-02 10:57:39'),(2,'V0002','yes',2,2,'2018-01-10 15:23:05',NULL,'2018-02-02 11:10:22','No','2018-02-02 11:10:22'),(3,'V0003','yes',2,2,'2018-01-04 15:23:14',NULL,'2018-02-02 11:59:45','No','2018-02-02 11:59:45'),(4,'V0004','yes',2,2,'2018-01-09 15:23:36',NULL,'2018-02-02 11:09:02','No','2018-02-02 11:09:02'),(5,'V0005','yes',5,5,'2018-01-08 15:23:47',NULL,'2018-01-18 12:22:25','No','2018-01-18 12:22:25'),(6,'V0006','yes',4,4,NULL,NULL,'2018-01-18 12:25:35','No','2018-01-18 12:25:35'),(7,'V0007','yes',2,2,'2018-01-31 20:44:45',NULL,'2018-02-02 11:01:03','No','2018-02-02 11:01:03'),(8,'V0008','yes',2,2,NULL,NULL,'2018-01-19 04:59:28','No','2018-01-19 04:59:28'),(9,'V0010','yes',2,2,NULL,NULL,'2018-02-02 11:07:01','No','2018-02-02 11:07:01'),(10,'V0011','yes',7,7,'2018-01-31 23:01:39',NULL,'2018-01-31 18:31:52','No','2018-01-31 18:31:52'),(11,'V0012','yes',2,2,'2018-02-05 11:48:06',NULL,'2018-02-05 08:00:27','No','2018-02-05 08:00:27'),(12,'V0013','yes',114,114,'2018-02-05 11:48:28',NULL,'2018-02-05 11:23:40','No','2018-02-05 11:23:40'),(13,'V0014','No',NULL,NULL,'2018-02-05 11:48:41',NULL,NULL,'No',NULL),(14,'V0015','No',NULL,NULL,'2018-02-05 11:48:59',NULL,NULL,'No',NULL);

/*Table structure for table `tbl_wallpaper` */

DROP TABLE IF EXISTS `tbl_wallpaper`;

CREATE TABLE `tbl_wallpaper` (
  `wallpaperId` int(11) NOT NULL,
  `wallpaperImage` longtext,
  `wallpaperName` varchar(255) CHARACTER SET utf8 COLLATE utf8_unicode_ci DEFAULT NULL,
  `wallpaperDesc` varchar(255) CHARACTER SET utf8 COLLATE utf8_unicode_ci DEFAULT NULL,
  `size` varchar(255) DEFAULT NULL,
  `createdBy` int(11) DEFAULT NULL,
  `createdOn` datetime DEFAULT NULL,
  `updatedBy` int(11) DEFAULT NULL,
  `updatedOn` datetime DEFAULT NULL,
  `deleted` enum('Yes','N') DEFAULT NULL,
  `payment` enum('P','U') DEFAULT NULL,
  `likes` int(11) DEFAULT '0',
  `comments` int(11) DEFAULT '0',
  PRIMARY KEY (`wallpaperId`),
  UNIQUE KEY `wallpaperId_UNIQUE` (`wallpaperId`)
) ENGINE=InnoDB DEFAULT CHARSET=latin1;

/*Data for the table `tbl_wallpaper` */

insert  into `tbl_wallpaper` values (1,'epic1.jpg\n','Lord shiva','iconic wallpaper of lord shiva','',NULL,NULL,NULL,NULL,'N','U',3,7),(2,'p2.jpg','Lord krishna','elegant wallpaper of lord krishna',NULL,NULL,NULL,NULL,NULL,'N','P',1,4);

/* Procedure structure for procedure `proc_comment_iud` */

/*!50003 DROP PROCEDURE IF EXISTS  `proc_comment_iud` */;

DELIMITER $$

/*!50003 CREATE DEFINER=`lokesh`@`%` PROCEDURE `proc_comment_iud`(
p_mode TINYINT,
p_userId INT(11),
p_contentId INT(11),
p_comments varchar(255)
/*
call proc_comment_iud(3,null,3,null)
*/
)
BEGIN
 
   
       
       IF p_mode =0
    THEN
    INSERT INTO `tbl_comment`
     (contentId,`comments`,userId)
     VALUES(p_contentId,p_comments,p_userId);
     
     UPDATE `tbl_content` SET `comments`=
     (SELECT COUNT(*) FROM `tbl_comment` WHERE deleted='No' AND contentId=p_contentId) WHERE contentId=p_contentId;
     SELECT '200' responseCode,'data inserted successfully' responseMessage;
    
  END IF;
   /***View Start***/ 
      IF p_mode=3
    THEN 
        
        select  t2.`firstName`,t2.`lastName`,commentId,comments
         ,CASE WHEN HOUR(TIMEDIFF(NOW(),t1.createdDate)) >= 24
	THEN
	CONCAT(DATEDIFF(NOW(),t1.createdDate),' day ago')
	WHEN HOUR(TIMEDIFF(NOW(),createdDate)) < 24 AND HOUR(TIMEDIFF(NOW(),t1.createdDate)) >=1
	THEN
	CONCAT(HOUR(TIMEDIFF(NOW(),t1.createdDate)),' hour ago')
	WHEN HOUR(TIMEDIFF(NOW(),t1.createdDate)) = 00 
	AND MINUTE(TIMEDIFF(NOW(),t1.createdDate)) <= 59
	AND MINUTE(TIMEDIFF(NOW(),t1.createdDate)) > 00
	THEN
	CONCAT(MINUTE(TIMEDIFF(NOW(),t1.createdDate)),' min ago')
	ELSE
	'Just Now'
	END
	`dateTime` FROM  tbl_comment t1
	 left join `tbl_user` t2 on t1.`userId` = t2.`userId`
	WHERE  t1.deleted = 'No'
	AND t1.contentId=p_contentId;	
    END IF; 
    END */$$
DELIMITER ;

/* Procedure structure for procedure `proc_like_iud` */

/*!50003 DROP PROCEDURE IF EXISTS  `proc_like_iud` */;

DELIMITER $$

/*!50003 CREATE DEFINER=`sanjiv`@`%` PROCEDURE `proc_like_iud`(
/*
Procedure Name - proc_like_iud
Purpose        - To insert, update, delete, view data in table- tbl_like
Author         - Shashank Chauhan
Date           - 21/10/2016
CALL proc_like_iud(0,'19','Y',103)
*/
p_mode TINYINT,
p_userId INT(11),
p_status VARCHAR(1),
p_contentId INT(11)
)
BEGIN
 
   
       IF p_mode =0
    THEN
    IF EXISTS(SELECT * FROM tbl_like WHERE userId=p_userId AND contentId=p_contentId)
    THEN 
    UPDATE tbl_like
    SET `status`=p_status,userId=p_userId,views=ifnull(views,0)+1
    WHERE userId=p_userId AND contentId=p_contentId;
    SELECT '200' responseCode, CASE WHEN p_status='Y' THEN 'Liked Successfully'
					ELSE 'Disliked Successfully'END responseMessage;
   update tbl_content
   set likes=case when p_status='Y' then ifnull(likes,0)+1
   else ifnull(likes,0)-1 end 
   where contentId=p_contentId;
     ELSE
     INSERT INTO `tbl_like`
     (contentId,`status`,userId)
     VALUES(p_contentId,p_status,p_userId);
    SELECT '200' responseCode, CASE WHEN p_status='Y' THEN 'Liked Successfully'
					ELSE 'Disliked Successfully'END responseMessage;
   UPDATE tbl_content
   SET likes=CASE WHEN p_status='Y' THEN IFNULL(likes,0)+1
   ELSE IFNULL(likes,0)-1 END 
   WHERE contentId=p_contentId;				
   END IF;
   END IF;
   
   
    
    
   
   /***View Start***/ 
       IF p_mode=3
    THEN 
     
    SELECT *
	FROM  tbl_like 
    WHERE userId=p_userId 
    AND deleted = 'N'
    AND contentId=p_contentId;	
    END IF;  
   /***View End***/   
   
   
    END */$$
DELIMITER ;

/*!40101 SET SQL_MODE=@OLD_SQL_MODE */;
/*!40014 SET FOREIGN_KEY_CHECKS=@OLD_FOREIGN_KEY_CHECKS */;
/*!40014 SET UNIQUE_CHECKS=@OLD_UNIQUE_CHECKS */;
/*!40111 SET SQL_NOTES=@OLD_SQL_NOTES */;
