/*
SQLyog Job Agent v11.33 (32 bit) Copyright(c) Webyog Inc. All Rights Reserved.


MySQL - 5.6.35 : Database - mykmetalivenew
*********************************************************************
*/

/*!40101 SET NAMES utf8 */;

/*!40101 SET SQL_MODE=''*/;

/*!40014 SET @OLD_UNIQUE_CHECKS=@@UNIQUE_CHECKS, UNIQUE_CHECKS=0 */;
/*!40014 SET @OLD_FOREIGN_KEY_CHECKS=@@FOREIGN_KEY_CHECKS, FOREIGN_KEY_CHECKS=0 */;
/*!40101 SET @OLD_SQL_MODE=@@SQL_MODE, SQL_MODE='NO_AUTO_VALUE_ON_ZERO' */;
/*!40111 SET @OLD_SQL_NOTES=@@SQL_NOTES, SQL_NOTES=0 */;
/*Database structure for database `mykmetalivenew` */

CREATE DATABASE /*!32312 IF NOT EXISTS*/`mykmetalivenew` /*!40100 DEFAULT CHARACTER SET latin1 */;

USE `mykmetalivenew`;

/*Table structure for table `bu` */

DROP TABLE IF EXISTS `bu`;

CREATE TABLE `bu` (
  `buId` int(10) NOT NULL AUTO_INCREMENT,
  `ouId` int(11) DEFAULT NULL,
  `buname` varchar(255) DEFAULT NULL,
  `mobile` varchar(255) DEFAULT NULL,
  `email` varchar(255) DEFAULT NULL,
  `country` varchar(255) DEFAULT NULL,
  `state` varchar(255) DEFAULT NULL,
  `city` varchar(255) DEFAULT NULL,
  `pin` varchar(255) DEFAULT NULL,
  `address1` varchar(255) DEFAULT NULL,
  `address2` varchar(255) DEFAULT NULL,
  `status` enum('on','off') DEFAULT 'on',
  `createdBy` int(11) DEFAULT NULL,
  `createdDate` timestamp NULL DEFAULT CURRENT_TIMESTAMP,
  `updatedBy` int(11) DEFAULT NULL,
  `updatedDate` datetime DEFAULT '0000-00-00 00:00:00',
  PRIMARY KEY (`buId`)
) ENGINE=InnoDB AUTO_INCREMENT=87 DEFAULT CHARSET=latin1;

/*Data for the table `bu` */

insert  into `bu` values (7,110,'Faridabad Office',NULL,'sanjiv@codecube.in',NULL,NULL,NULL,NULL,NULL,NULL,'on',17,'2015-11-01 01:11:28',NULL,'0000-00-00 00:00:00'),(8,111,'Development Team',NULL,'team@codecube.in',NULL,NULL,NULL,NULL,NULL,NULL,'on',17,'2015-11-07 22:52:56',NULL,'0000-00-00 00:00:00'),(10,113,'Codecube Office',NULL,'sanjiv@codecube.in',NULL,NULL,NULL,NULL,NULL,NULL,'on',17,'2015-11-19 21:25:55',NULL,'0000-00-00 00:00:00'),(11,112,'Alstone User',NULL,'anugrah@vartulz.com',NULL,NULL,NULL,NULL,NULL,NULL,'on',17,'2015-12-02 23:01:49',NULL,'0000-00-00 00:00:00'),(12,115,'Man Power User',NULL,'anugrah@vartulz.com',NULL,NULL,NULL,NULL,NULL,NULL,'on',17,'2016-01-04 19:32:13',NULL,'0000-00-00 00:00:00'),(13,116,'Alstone User',NULL,NULL,NULL,NULL,NULL,NULL,NULL,NULL,'on',NULL,'2016-02-25 17:36:27',NULL,'0000-00-00 00:00:00'),(54,157,'A Class Marble India Pvt. Ltd. User',NULL,'.test@gmail.com',NULL,NULL,NULL,NULL,NULL,NULL,'on',17,'2016-06-20 09:44:03',NULL,'0000-00-00 00:00:00'),(55,158,'Chimes',NULL,'test@gmail.com',NULL,NULL,NULL,NULL,NULL,NULL,'on',NULL,'2016-07-01 13:30:01',NULL,'0000-00-00 00:00:00'),(56,159,'United Sanitary',NULL,'test@gmail.com',NULL,NULL,NULL,NULL,NULL,NULL,'on',NULL,'2016-07-05 08:19:18',NULL,'0000-00-00 00:00:00'),(57,160,'Motif',NULL,NULL,NULL,NULL,NULL,NULL,NULL,NULL,'on',NULL,'2016-07-05 10:11:23',NULL,'0000-00-00 00:00:00'),(58,161,'Tenon',NULL,NULL,NULL,NULL,NULL,NULL,NULL,NULL,'on',NULL,'2016-07-05 11:41:05',NULL,'0000-00-00 00:00:00'),(59,162,'Imperial Photoshop',NULL,NULL,NULL,NULL,NULL,NULL,NULL,NULL,'on',NULL,'2016-07-07 16:23:58',NULL,'0000-00-00 00:00:00'),(60,163,'Soteria Admin',NULL,NULL,NULL,NULL,NULL,NULL,NULL,NULL,'on',NULL,'2016-07-20 17:51:34',NULL,'0000-00-00 00:00:00'),(62,165,'Blue Mount Ro User',NULL,'bluemountro@gmail.com',NULL,NULL,NULL,NULL,NULL,NULL,'on',NULL,'2016-08-05 11:56:17',NULL,'0000-00-00 00:00:00'),(63,166,'Codecube Demo User',NULL,'codecube@codecube.in',NULL,NULL,NULL,NULL,NULL,NULL,'on',NULL,'2016-08-08 08:14:01',NULL,'0000-00-00 00:00:00'),(64,167,'CodecubeL User',NULL,'sanjiv@codecube.in',NULL,NULL,NULL,NULL,NULL,NULL,'on',NULL,'2016-08-10 09:48:55',NULL,'0000-00-00 00:00:00'),(65,168,'Okaya power User',NULL,'shyam@okaya.com',NULL,NULL,NULL,NULL,NULL,NULL,'on',NULL,'2016-08-19 12:28:35',NULL,'0000-00-00 00:00:00'),(66,169,'Balaji User',NULL,'test@gmail.com',NULL,NULL,NULL,NULL,NULL,NULL,'on',NULL,'2016-09-02 09:51:45',NULL,'0000-00-00 00:00:00'),(67,170,'CodeCube Technologies',NULL,'sanjiv@codecube.in',NULL,NULL,NULL,NULL,NULL,NULL,'on',NULL,'2016-09-24 15:42:44',NULL,'0000-00-00 00:00:00'),(68,171,'BOSE',NULL,'bose@test.com',NULL,NULL,NULL,NULL,NULL,NULL,'on',NULL,'2016-10-17 18:42:53',NULL,'0000-00-00 00:00:00'),(69,172,'Tata Steel',NULL,'pawan@stencilindia.in',NULL,NULL,NULL,NULL,NULL,NULL,'on',NULL,'2016-11-29 10:35:22',NULL,'0000-00-00 00:00:00'),(70,173,'Wholly Group',NULL,'lokesh@vartulz.com',NULL,NULL,NULL,NULL,NULL,NULL,'on',NULL,'2016-12-12 15:44:49',NULL,'0000-00-00 00:00:00'),(71,174,'codecuebe Admin',NULL,NULL,NULL,NULL,NULL,NULL,NULL,NULL,'on',NULL,'2016-12-21 14:58:47',NULL,'0000-00-00 00:00:00'),(72,175,'RENOGLOBE EXPORIUM',NULL,'renoglobe@gmail.com',NULL,NULL,NULL,NULL,NULL,NULL,'on',NULL,'2017-03-03 10:40:04',NULL,'0000-00-00 00:00:00'),(73,176,'BALAJI MARISHIP PVT LTD',NULL,'sandeep@balajimariship.com',NULL,NULL,NULL,NULL,NULL,NULL,'on',NULL,'2017-05-29 10:47:52',NULL,'0000-00-00 00:00:00'),(74,177,'Tenon FM',NULL,'tenon@tenon.com',NULL,NULL,NULL,NULL,NULL,NULL,'on',NULL,'2017-06-19 11:36:43',NULL,'0000-00-00 00:00:00'),(75,178,'CRM DEMO',NULL,'raman@codecube.in',NULL,NULL,NULL,NULL,NULL,NULL,'on',NULL,'2017-08-18 11:22:42',NULL,'0000-00-00 00:00:00'),(78,181,'Moushk',NULL,'info@codecube.in',NULL,NULL,NULL,NULL,NULL,NULL,'on',NULL,'2017-08-25 12:57:14',NULL,'0000-00-00 00:00:00'),(81,183,'Site Admin',NULL,'ouCheck@gmail.com','101','33','h','655555','jhagsdghadhadhdgfg','gfgf','on',NULL,'2017-09-06 06:01:34',NULL,'0000-00-00 00:00:00'),(82,184,'Site Admin',NULL,'testUserLogin@gmail.com','101','2','hytrdsd','567890','dxxfcgvbnm','nbhgvfcdsdcvbnm','on',NULL,'2017-09-12 09:59:37',NULL,'0000-00-00 00:00:00'),(83,185,'Site Admin',NULL,'test@gmail.com','101','','','','','','on',NULL,'2017-09-13 06:51:21',NULL,'0000-00-00 00:00:00'),(84,166,'TestBU','9873345860','testbu@test.com','101','','','','','','off',1161,'2017-09-13 07:00:26',NULL,'0000-00-00 00:00:00'),(85,186,'Site Admin',NULL,'testOrgNew@gmail.com','101','17','ddddddddd','','ddddddddddd','dddddddddddd','on',NULL,'2017-09-15 05:51:22',NULL,'0000-00-00 00:00:00'),(86,187,'Site Admin',NULL,'testOurOrg@gmail.com','101','17','hgsdhwdgfg','','','','on',NULL,'2017-09-15 05:53:21',NULL,'0000-00-00 00:00:00');

/*Table structure for table `home_page` */

DROP TABLE IF EXISTS `home_page`;

CREATE TABLE `home_page` (
  `id` int(11) NOT NULL AUTO_INCREMENT,
  `ouId` int(11) DEFAULT NULL,
  `buId` int(11) DEFAULT NULL,
  `homeScreenId` int(11) DEFAULT NULL,
  `createdOn` timestamp NULL DEFAULT NULL,
  `updatedOn` timestamp NULL DEFAULT NULL,
  PRIMARY KEY (`id`)
) ENGINE=InnoDB AUTO_INCREMENT=2 DEFAULT CHARSET=latin1;

/*Data for the table `home_page` */

insert  into `home_page` values (1,178,75,85,'2017-08-18 11:41:55',NULL);

/*Table structure for table `ou` */

DROP TABLE IF EXISTS `ou`;

CREATE TABLE `ou` (
  `ouId` int(11) NOT NULL AUTO_INCREMENT,
  `ouname` varchar(255) DEFAULT NULL,
  `address1` varchar(255) DEFAULT NULL,
  `address2` varchar(255) DEFAULT NULL,
  `city` varchar(255) DEFAULT NULL,
  `state` varchar(255) DEFAULT NULL,
  `country` varchar(255) DEFAULT NULL,
  `pin` varchar(255) DEFAULT NULL,
  `contactperson` varchar(255) DEFAULT NULL,
  `emailid` varchar(255) DEFAULT NULL,
  `phone` varchar(12) DEFAULT NULL,
  `oulogo` varchar(255) DEFAULT NULL,
  `deleted` varchar(1) DEFAULT NULL,
  `blocked` varchar(1) DEFAULT NULL,
  `createdDate` timestamp NULL DEFAULT CURRENT_TIMESTAMP,
  PRIMARY KEY (`ouId`)
) ENGINE=InnoDB AUTO_INCREMENT=188 DEFAULT CHARSET=latin1;

/*Data for the table `ou` */

insert  into `ou` values (110,'Vartulz','A-133, Lower Ground Floor ','Ashoka Enclave 2, Sector-37','Faridabad','Haryana','India','121003','Sanjiv','sanjiv@codecube.in','2147483647','codecube.png','N','N','2017-08-18 06:37:10'),(111,'Auditpro','A-133, Lower Ground Floor ','Ashoka Enclave 2, Sector-37','Faridabad','Haryana','India','121003','team','team@codecube.in','2147483647','devepolment.png','N','N','2017-08-18 06:37:10'),(113,'Codecube','A-133, Lower Ground Floor ','Ashoka Enclave 2, Sector-37','Faridabad','Haryana','India','121003','Sanjiv','sanjiv@codecube.in','2147483647','codecube.png','N','N','2017-08-18 06:37:10'),(114,'Brindco','S-53, Okhla Industrial area, Phase-II','S-53, Okhla Industrial area, Phase-II','Okhla','New Delhi','India','110020',NULL,NULL,'40646666',NULL,'N','N','2017-08-18 06:37:10'),(115,'Man Power','A-133, Lower Ground Floor ','Ashoka Enclave 2, Sector-37','Faridabad','Haryana','India','121003','Sanjiv','sanjiv@codecube.in','2147483647','Infocus.jpg','N','N','2017-08-18 06:37:10'),(116,'Alstone','A-133, Lower Ground Floor','Ashoka Enclave 2, Sector-37','faridabad','haryana','India','121002',NULL,NULL,NULL,'alstonelogo.jpg','N','N','2017-08-18 06:37:10'),(157,'A Class Marble India Pvt. Ltd.','Near chattarpur mandir, village chandan hulla, ','Mehrauli,','New delhi','Delhi','India',NULL,'Mr.Shailender','.test@gmail.com','8744021113','A_Class_Marble.png','N','N','2017-08-18 06:37:10'),(158,'Chimes','Test','test',NULL,'Delhi','India',NULL,'Science','test@gmail.com',NULL,'chimesLogo.png','N','N','2017-08-18 06:37:10'),(159,'United Sanitary','test','test',NULL,NULL,NULL,NULL,NULL,NULL,NULL,NULL,'N','N','2017-08-18 06:37:10'),(160,'Motif','test','test',NULL,NULL,NULL,NULL,NULL,NULL,NULL,NULL,'N','N','2017-08-18 06:37:10'),(161,'Tenon','test','test',NULL,NULL,NULL,NULL,NULL,'ish@vartulz.com',NULL,NULL,'N','N','2017-08-18 06:37:10'),(162,'Imperial Photoshop','test','test',NULL,NULL,NULL,NULL,NULL,NULL,NULL,NULL,'N','N','2017-08-18 06:37:10'),(163,'Soteria Admin','test',NULL,NULL,NULL,NULL,NULL,NULL,NULL,NULL,NULL,'N','N','2017-08-18 06:37:10'),(165,'Blue Mount Ro','test','test','delhi','New Delhi','India','121001','Blue Mount Ro','bluemountro@gmail.com','8950495742',NULL,'N','N','2017-08-18 06:37:10'),(166,'Codecube Demo','A-133 SECTOR-37,\r\nASHOKA ENCLAVE-2','','faridabad','haryana','india','121013','demo','codecube@codecube.in','9192939495',NULL,'N','N','2017-08-18 06:37:10'),(167,'CodecubeL','test','','faridabad','Haryana','india','121011','Sanjiv bajpai','sanjiv@codecube.in','8291023455',NULL,'N','N','2017-08-18 06:37:10'),(168,'Okaya power','Tets','Test','Test','New Delhi','India','121001','Shyam Singh','shyam@okaya.com','6732456789',NULL,'N','N','2017-08-18 06:37:10'),(169,'Balaji','test','','test','test','India','1111','','test@gmail.com','1111111',NULL,'N','N','2017-08-18 06:37:10'),(170,'CodeCube Technologies','A-133 SECTOR-37,\r\nASHOKA ENCLAVE-2',NULL,'faridabad','haryana','India','121011','Sanjiv bajpai','sanjiv@codecube.in','8291023455',NULL,'N','N','2017-08-18 06:37:10'),(171,'BOSE','test','test','faridabad','haryana','India',NULL,NULL,NULL,NULL,'boseLogo.png','N','N','2017-08-18 06:37:10'),(172,'Tata Steel','test','test','test','test','India','121004','Pawan Chugh','pawan@stencilindia.in','9871114980 ',NULL,'N','N','2017-08-18 06:37:10'),(173,'Wholly Group','test','test','test','test','India','121004','Test','ish@vartulz.com','9876555578','whollyjoy.jpg','N','N','2017-08-18 06:37:10'),(174,'codecuebe Admin','test','test',NULL,NULL,NULL,NULL,NULL,NULL,'2134455555','TenonFM-Symbol-col.jpg','N','N','2017-08-18 06:37:10'),(175,'RENOGLOBE EXPORIUM','test','test','test',NULL,NULL,NULL,NULL,NULL,NULL,NULL,'N','N','2017-08-18 06:37:10'),(176,'BALAJI MARISHIP PVT LTD','test','test','test',NULL,NULL,NULL,NULL,NULL,NULL,NULL,'N','N','2017-08-18 06:37:10'),(177,'Tenon FM','test','test',NULL,NULL,NULL,NULL,NULL,NULL,NULL,NULL,'N','N','2017-08-18 06:37:10'),(178,'CRM DEMO','test','test','test','haryana','India','121003','Sanjiv bajpai','raman@codecube.in','1234567890',NULL,'N','N','2017-08-18 06:37:10'),(181,'Moashk','13 Abu Bakr St, Kuwait City, Kuwait','13 Abu Bakr St, Kuwait City, Kuwait','707','10','101','110070',NULL,'info@codecube.in','9810012345','oulogo1503665830logo (1).png','N','N','2017-08-25 12:57:14'),(183,'ouCheck','jhagsdghadhadhdgfg','gfgf','h','33','101','655555',NULL,'ouCheck@gmail.com','1234567777','oulogo15046776926.jpg','N','N','2017-09-06 06:01:34'),(184,'tesst user login','dxxfcgvbnm','nbhgvfcdsdcvbnm','hytrdsd','2','101','567890',NULL,'testUserLogin@gmail.com','9999999999','oulogo1505210541','Y','N','2017-09-12 09:59:37'),(185,'TestOrgn','','','','','101','0',NULL,'test@gmail.com','9873345860','oulogo1505285511','Y','N','2017-09-13 06:51:21'),(187,'test our Org','','','hgsdhwdgfg','17','101','',NULL,'testOurOrg@gmail.com','8999999999','oulogo1505454798','N','N','2017-09-15 05:53:21');

/*Table structure for table `role` */

DROP TABLE IF EXISTS `role`;

CREATE TABLE `role` (
  `ouList` varchar(255) NOT NULL,
  `buList` varchar(255) NOT NULL,
  `roleId` int(11) NOT NULL AUTO_INCREMENT,
  `roleName` varchar(255) NOT NULL,
  `description` varchar(255) DEFAULT NULL,
  `status` enum('on','off') NOT NULL DEFAULT 'on',
  `createdBy` int(11) NOT NULL,
  `updatedBy` int(11) DEFAULT NULL,
  `createdDate` timestamp NOT NULL DEFAULT CURRENT_TIMESTAMP ON UPDATE CURRENT_TIMESTAMP,
  `updatedDate` timestamp NULL DEFAULT '0000-00-00 00:00:00',
  PRIMARY KEY (`roleId`)
) ENGINE=InnoDB AUTO_INCREMENT=13 DEFAULT CHARSET=latin1;

/*Data for the table `role` */

insert  into `role` values ('1','1',4,'superUser',NULL,'on',17,NULL,'2017-08-16 09:40:57','0000-00-00 00:00:00'),('110,111,112,113','7,8,9,10',5,'ouAdmin',NULL,'on',17,NULL,'2017-08-16 09:41:00','0000-00-00 00:00:00'),('110,111,112,113','11',6,'user',NULL,'on',17,NULL,'2017-08-16 09:41:02','0000-00-00 00:00:00'),('115','12',7,'mpcuser',NULL,'on',17,NULL,'2017-08-16 09:41:05','0000-00-00 00:00:00'),('','',8,'superAdmin',NULL,'on',0,NULL,'2017-08-17 12:59:11','0000-00-00 00:00:00'),('','',11,'buAdmin',NULL,'on',0,NULL,'2017-09-01 12:24:04','0000-00-00 00:00:00'),('','',12,'Role','Desc','on',0,NULL,'2017-09-13 07:04:21','0000-00-00 00:00:00');

/*Table structure for table `tbl_app_home` */

DROP TABLE IF EXISTS `tbl_app_home`;

CREATE TABLE `tbl_app_home` (
  `id` int(11) NOT NULL AUTO_INCREMENT,
  `ouId` int(11) DEFAULT NULL,
  `buId` int(11) DEFAULT NULL,
  `homeScreenId` int(11) DEFAULT NULL,
  `createdOn` timestamp NULL DEFAULT NULL,
  `updatedOn` timestamp NULL DEFAULT NULL,
  PRIMARY KEY (`id`)
) ENGINE=InnoDB AUTO_INCREMENT=2 DEFAULT CHARSET=latin1;

/*Data for the table `tbl_app_home` */

insert  into `tbl_app_home` values (1,163,60,93,'2016-07-22 16:01:32',NULL);

/*Table structure for table `tbl_app_menu` */

DROP TABLE IF EXISTS `tbl_app_menu`;

CREATE TABLE `tbl_app_menu` (
  `appMenuId` int(11) NOT NULL AUTO_INCREMENT,
  `menuName` varchar(255) DEFAULT NULL,
  `description` varchar(255) DEFAULT NULL,
  `deleted` enum('yes','no') DEFAULT 'no',
  `createdBy` int(11) DEFAULT NULL,
  `createdDate` timestamp NULL DEFAULT CURRENT_TIMESTAMP,
  PRIMARY KEY (`appMenuId`)
) ENGINE=InnoDB AUTO_INCREMENT=7 DEFAULT CHARSET=latin1;

/*Data for the table `tbl_app_menu` */

insert  into `tbl_app_menu` values (1,'Attendance',NULL,'no',NULL,'2017-08-22 06:39:34'),(2,'Tour Plan',NULL,'no',NULL,'2017-08-22 06:39:34'),(3,'Team Management',NULL,'no',NULL,'2017-08-22 06:39:34'),(4,'More',NULL,'no',NULL,'2017-08-22 06:39:34'),(5,'shgh fSSSSSSSSSSSSSSSS','fgf gfdfdSSSSSSSSSSSSSSSSS','yes',NULL,'2017-08-31 06:07:34'),(6,'Test','Test','no',NULL,'2017-09-13 07:21:55');

/*Table structure for table `tbl_app_module_screen_mapping` */

DROP TABLE IF EXISTS `tbl_app_module_screen_mapping`;

CREATE TABLE `tbl_app_module_screen_mapping` (
  `appModuleScreenMappingId` int(11) NOT NULL AUTO_INCREMENT,
  `moduleId` int(11) DEFAULT NULL,
  `appScreenId` int(11) DEFAULT NULL,
  `deleted` enum('on','off') DEFAULT 'off',
  `createdBy` int(11) DEFAULT NULL,
  `createdDate` timestamp NOT NULL DEFAULT CURRENT_TIMESTAMP,
  `updatedBy` int(11) DEFAULT NULL,
  `updatedDate` datetime DEFAULT NULL,
  PRIMARY KEY (`appModuleScreenMappingId`)
) ENGINE=InnoDB AUTO_INCREMENT=7 DEFAULT CHARSET=latin1;

/*Data for the table `tbl_app_module_screen_mapping` */

insert  into `tbl_app_module_screen_mapping` values (2,1,1,'off',1161,'2017-09-04 05:36:55',NULL,NULL),(3,1,2,'off',1161,'2017-09-04 05:37:08',NULL,NULL),(4,2,1,'on',1161,'2017-09-04 05:37:23',NULL,NULL),(5,2,1,'off',1161,'2017-09-04 05:39:09',NULL,NULL),(6,2,2,'off',1161,'2017-09-04 05:39:39',NULL,NULL);

/*Table structure for table `tbl_app_role_mapping` */

DROP TABLE IF EXISTS `tbl_app_role_mapping`;

CREATE TABLE `tbl_app_role_mapping` (
  `app_role_screen_mapping_id` int(11) NOT NULL AUTO_INCREMENT,
  `ouId` varchar(255) NOT NULL,
  `buId` varchar(255) NOT NULL,
  `roleId` int(11) NOT NULL,
  `roleView` enum('on','off') DEFAULT 'off',
  `roleAdd` enum('on','off') NOT NULL DEFAULT 'off',
  `roleEdit` enum('on','off') NOT NULL DEFAULT 'off',
  `roleDelete` enum('on','off') DEFAULT 'off',
  `appMenuId` int(11) DEFAULT NULL,
  `appScreenId` int(11) NOT NULL,
  `moduleMappingId` int(11) DEFAULT NULL,
  PRIMARY KEY (`app_role_screen_mapping_id`)
) ENGINE=InnoDB AUTO_INCREMENT=38 DEFAULT CHARSET=latin1;

/*Data for the table `tbl_app_role_mapping` */

insert  into `tbl_app_role_mapping` values (1,'174','71',6,'on','off','off','off',1,0,1),(2,'174','71',6,'on','off','off','off',2,1,1),(3,'174','71',6,'on','off','off','off',2,2,1),(4,'174','71',6,'off','off','off','off',3,3,1),(5,'174','71',6,'on','off','off','off',3,4,1),(6,'174','71',6,'on','off','off','off',3,5,1),(7,'174','71',6,'on','off','off','off',4,6,1),(8,'174','71',6,'off','off','off','off',4,7,1),(9,'174','71',6,'on','off','off','off',4,8,1),(10,'174','71',6,'on','off','off','off',4,1,2),(11,'177','74',6,'on','off','off','off',1,0,3),(12,'177','74',6,'on','off','off','off',2,1,3),(13,'177','74',6,'on','off','off','off',2,2,3),(14,'177','74',6,'on','off','off','off',3,4,3),(15,'177','74',6,'on','off','off','off',3,5,3),(16,'177','74',6,'on','off','off','off',4,6,3),(17,'177','74',6,'on','off','off','off',4,8,3),(18,'161','58',6,'on','off','off','off',1,0,4),(19,'161','58',6,'off','off','off','off',4,7,4),(20,'161','58',6,'on','off','off','off',4,6,4),(36,'178','75',6,'on','off','off','off',4,6,5),(37,'181','78',6,'on','off','off','off',4,6,11);

/*Table structure for table `tbl_app_screen` */

DROP TABLE IF EXISTS `tbl_app_screen`;

CREATE TABLE `tbl_app_screen` (
  `appScreenId` int(11) NOT NULL AUTO_INCREMENT,
  `appMenuId` int(11) DEFAULT NULL,
  `screenName` varchar(255) DEFAULT NULL,
  `screenRank` int(11) DEFAULT NULL,
  `description` varchar(255) DEFAULT NULL,
  `deleted` enum('on','off') DEFAULT 'off',
  `createdDate` timestamp NULL DEFAULT CURRENT_TIMESTAMP,
  `screenIcon` varchar(255) DEFAULT NULL,
  `flag` enum('Customer','Location') DEFAULT NULL,
  PRIMARY KEY (`appScreenId`)
) ENGINE=InnoDB AUTO_INCREMENT=9 DEFAULT CHARSET=latin1;

/*Data for the table `tbl_app_screen` */

insert  into `tbl_app_screen` values (1,2,'Today\'s Plan',1,NULL,'off','2017-08-30 06:01:16','screenIcon15045058114.png',NULL),(2,2,'Check List',NULL,NULL,'off','2017-08-30 06:01:16',NULL,'Location'),(3,3,'My Team',NULL,NULL,'off','2017-08-30 06:01:16',NULL,NULL),(4,3,'Team Attendance',NULL,'','off','2017-08-30 06:01:16',NULL,NULL),(5,3,'Photo Attendance',NULL,NULL,'off','2017-08-30 06:01:16',NULL,NULL),(6,4,'Settings',NULL,NULL,'off','2017-08-30 06:01:16',NULL,NULL),(7,4,'Geo Fance Location',NULL,NULL,'off','2017-08-30 06:01:16',NULL,NULL),(8,4,'Hoto',NULL,NULL,'off','2017-08-30 06:01:16',NULL,NULL);

/*Table structure for table `tbl_login` */

DROP TABLE IF EXISTS `tbl_login`;

CREATE TABLE `tbl_login` (
  `ouId` int(11) DEFAULT NULL,
  `buId` int(11) DEFAULT NULL,
  `userId` int(11) DEFAULT NULL,
  `loginId` int(11) NOT NULL AUTO_INCREMENT,
  `loginTime` timestamp NOT NULL DEFAULT CURRENT_TIMESTAMP,
  `logOutTime` timestamp NOT NULL DEFAULT '0000-00-00 00:00:00',
  `loginKey` varchar(255) DEFAULT NULL,
  `ipAddress` varchar(255) DEFAULT NULL,
  `macAddress` varchar(255) DEFAULT NULL,
  `gLocation` varchar(255) DEFAULT NULL,
  `loginStatus` enum('login','logOut') DEFAULT 'logOut',
  `remark1` varchar(255) DEFAULT NULL,
  `remark2` varchar(255) DEFAULT NULL,
  `remark3` varchar(255) DEFAULT NULL,
  `remark4` varchar(255) DEFAULT NULL,
  `createBy` varchar(255) DEFAULT NULL,
  `createdDate` timestamp NOT NULL DEFAULT '0000-00-00 00:00:00',
  `updatedBy` varchar(255) DEFAULT NULL,
  `updatedDate` timestamp NOT NULL DEFAULT '0000-00-00 00:00:00',
  PRIMARY KEY (`loginId`)
) ENGINE=InnoDB AUTO_INCREMENT=102 DEFAULT CHARSET=latin1;

/*Data for the table `tbl_login` */

insert  into `tbl_login` values (177,74,70,1,'2017-07-03 12:40:01','0000-00-00 00:00:00','CCD@CXa','00','Unable to fetch device Id','0.00, 0.00','login',NULL,NULL,NULL,NULL,NULL,'2017-07-03 18:09:59',NULL,'0000-00-00 00:00:00'),(177,74,99,2,'2017-07-03 13:47:34','0000-00-00 00:00:00','CCD@_rc','00','Unable to fetch device Id','0.00, 0.00','login',NULL,NULL,NULL,NULL,NULL,'2017-07-03 19:17:33',NULL,'0000-00-00 00:00:00'),(177,74,101,3,'2017-07-03 13:54:50','0000-00-00 00:00:00','CCD@nO7','00','Unable to fetch device Id','0.00, 0.00','login',NULL,NULL,NULL,NULL,NULL,'2017-07-03 19:24:48',NULL,'0000-00-00 00:00:00'),(177,74,72,4,'2017-07-04 04:48:09','0000-00-00 00:00:00','CCD@fbK','00','Unable to fetch device Id','0.00, 0.00','login',NULL,NULL,NULL,NULL,NULL,'2017-07-04 10:18:07',NULL,'0000-00-00 00:00:00'),(177,74,5,5,'2017-07-04 06:00:10','0000-00-00 00:00:00','CCD@n4e','00','Unable to fetch device Id','0.00, 0.00','login',NULL,NULL,NULL,NULL,NULL,'2017-07-04 11:30:08',NULL,'0000-00-00 00:00:00'),(177,74,112,6,'2017-07-04 06:50:08','0000-00-00 00:00:00','CCD@QLp','00','863689036064190','0.00, 0.00','login',NULL,NULL,NULL,NULL,NULL,'2017-07-04 12:20:06',NULL,'0000-00-00 00:00:00'),(177,74,107,7,'2017-07-04 08:36:19','0000-00-00 00:00:00','CCD@MOP','00','Unable to fetch device Id','0.00, 0.00','login',NULL,NULL,NULL,NULL,NULL,'2017-07-04 14:06:17',NULL,'0000-00-00 00:00:00'),(177,74,1,8,'2017-07-04 09:40:24','0000-00-00 00:00:00','CCD@CL4','00','Unable to fetch device Id','0.00, 0.00','login',NULL,NULL,NULL,NULL,NULL,'2017-07-04 15:10:22',NULL,'0000-00-00 00:00:00'),(177,74,103,9,'2017-07-04 09:53:59','0000-00-00 00:00:00','CCD@crY','q31231232131123','23313323213','eqwewewqewewqe','login',NULL,NULL,NULL,NULL,NULL,'2017-07-04 15:23:57',NULL,'0000-00-00 00:00:00'),(177,74,92,10,'2017-07-04 10:23:54','0000-00-00 00:00:00','CCD@uyP','00','Unable to fetch device Id','0.00, 0.00','login',NULL,NULL,NULL,NULL,NULL,'2017-07-04 15:53:52',NULL,'0000-00-00 00:00:00'),(177,74,127,11,'2017-07-05 04:32:51','0000-00-00 00:00:00','CCD@NBI','00','Unable to fetch device Id','0.00, 0.00','login',NULL,NULL,NULL,NULL,NULL,'2017-07-05 10:02:48',NULL,'0000-00-00 00:00:00'),(177,74,111,12,'2017-07-05 23:24:15','0000-00-00 00:00:00','CCD@tFE','00','Unable to fetch device Id','0.00, 0.00','login',NULL,NULL,NULL,NULL,NULL,'2017-07-06 04:54:12',NULL,'0000-00-00 00:00:00'),(177,74,131,13,'2017-07-06 05:27:48','0000-00-00 00:00:00','CCD@h24','00','Unable to fetch device Id','0.00, 0.00','login',NULL,NULL,NULL,NULL,NULL,'2017-07-06 10:57:45',NULL,'0000-00-00 00:00:00'),(177,74,272,14,'2017-07-06 07:31:11','0000-00-00 00:00:00','CCD@Z8i','00','Unable to fetch device Id','0.00, 0.00','login',NULL,NULL,NULL,NULL,NULL,'2017-07-06 13:01:08',NULL,'0000-00-00 00:00:00'),(177,74,273,15,'2017-07-06 07:32:08','0000-00-00 00:00:00','CCD@xCX','00','Unable to fetch device Id','0.00, 0.00','login',NULL,NULL,NULL,NULL,NULL,'2017-07-06 13:02:05',NULL,'0000-00-00 00:00:00'),(177,74,274,16,'2017-07-06 08:06:10','0000-00-00 00:00:00','CCD@6Pb','00','Unable to fetch device Id','0.00, 0.00','login',NULL,NULL,NULL,NULL,NULL,'2017-07-06 13:36:07',NULL,'0000-00-00 00:00:00'),(177,74,254,17,'2017-07-06 08:07:25','0000-00-00 00:00:00','CCD@Wu5','00','Unable to fetch device Id','0.00, 0.00','login',NULL,NULL,NULL,NULL,NULL,'2017-07-06 13:37:22',NULL,'0000-00-00 00:00:00'),(177,74,164,18,'2017-07-06 08:26:08','0000-00-00 00:00:00','CCD@JPK','00','Unable to fetch device Id','0.00, 0.00','login',NULL,NULL,NULL,NULL,NULL,'2017-07-06 13:56:05',NULL,'0000-00-00 00:00:00'),(177,74,71,19,'2017-07-06 10:39:43','0000-00-00 00:00:00','CCD@gAJ','00','Unable to fetch device Id','0.00, 0.00','login',NULL,NULL,NULL,NULL,NULL,'2017-07-06 16:09:40',NULL,'0000-00-00 00:00:00'),(177,74,318,20,'2017-07-06 10:49:27','0000-00-00 00:00:00','CCD@Phu','00','Unable to fetch device Id','0.00, 0.00','login',NULL,NULL,NULL,NULL,NULL,'2017-07-06 16:19:24',NULL,'0000-00-00 00:00:00'),(177,74,275,21,'2017-07-06 10:52:39','0000-00-00 00:00:00','CCD@wNL','00','Unable to fetch device Id','0.00, 0.00','login',NULL,NULL,NULL,NULL,NULL,'2017-07-06 16:22:36',NULL,'0000-00-00 00:00:00'),(177,74,2,22,'2017-07-06 11:18:49','0000-00-00 00:00:00','CCD@cEp','00','Unable to fetch device Id','0.00, 0.00','login',NULL,NULL,NULL,NULL,NULL,'2017-07-06 16:48:46',NULL,'0000-00-00 00:00:00'),(177,74,323,23,'2017-07-06 11:25:40','0000-00-00 00:00:00','CCD@FU4','00','Unable to fetch device Id','0.00, 0.00','login',NULL,NULL,NULL,NULL,NULL,'2017-07-06 16:55:37',NULL,'0000-00-00 00:00:00'),(177,74,320,24,'2017-07-06 11:29:03','0000-00-00 00:00:00','CCD@_Gu','00','Unable to fetch device Id','0.00, 0.00','login',NULL,NULL,NULL,NULL,NULL,'2017-07-06 16:59:00',NULL,'0000-00-00 00:00:00'),(177,74,316,25,'2017-07-06 11:39:05','0000-00-00 00:00:00','CCD@FcH','00','Unable to fetch device Id','0.00, 0.00','login',NULL,NULL,NULL,NULL,NULL,'2017-07-06 17:09:02',NULL,'0000-00-00 00:00:00'),(177,74,326,26,'2017-07-06 11:46:21','0000-00-00 00:00:00','CCD@aKl','00','Unable to fetch device Id','0.00, 0.00','login',NULL,NULL,NULL,NULL,NULL,'2017-07-06 17:16:18',NULL,'0000-00-00 00:00:00'),(177,74,319,27,'2017-07-06 11:48:34','0000-00-00 00:00:00','CCD@Oxn','00','Unable to fetch device Id','0.00, 0.00','login',NULL,NULL,NULL,NULL,NULL,'2017-07-06 17:18:31',NULL,'0000-00-00 00:00:00'),(177,74,317,28,'2017-07-06 11:50:44','0000-00-00 00:00:00','CCD@vaI','00','Unable to fetch device Id','0.00, 0.00','login',NULL,NULL,NULL,NULL,NULL,'2017-07-06 17:20:41',NULL,'0000-00-00 00:00:00'),(177,74,256,29,'2017-07-07 08:03:57','0000-00-00 00:00:00','CCD@ZtU','00','Unable to fetch device Id','0.00, 0.00','login',NULL,NULL,NULL,NULL,NULL,'2017-07-07 13:33:54',NULL,'0000-00-00 00:00:00'),(177,74,583,30,'2017-07-07 09:28:09','0000-00-00 00:00:00','CCD@X3Z','00','Unable to fetch device Id','0.00, 0.00','login',NULL,NULL,NULL,NULL,NULL,'2017-07-07 14:58:06',NULL,'0000-00-00 00:00:00'),(177,74,298,31,'2017-07-08 07:51:42','0000-00-00 00:00:00','CCD@Hv2','00','Unable to fetch device Id','0.00, 0.00','login',NULL,NULL,NULL,NULL,NULL,'2017-07-08 13:21:42',NULL,'0000-00-00 00:00:00'),(177,74,299,32,'2017-07-08 07:54:13','0000-00-00 00:00:00','CCD@q_f','00','Unable to fetch device Id','0.00, 0.00','login',NULL,NULL,NULL,NULL,NULL,'2017-07-08 13:24:12',NULL,'0000-00-00 00:00:00'),(177,74,793,33,'2017-07-08 08:47:28','0000-00-00 00:00:00','CCD@nmR','00','Unable to fetch device Id','0.00, 0.00','login',NULL,NULL,NULL,NULL,NULL,'2017-07-08 14:17:28',NULL,'0000-00-00 00:00:00'),(177,74,114,34,'2017-07-08 08:53:10','0000-00-00 00:00:00','CCD@fHI','00','Unable to fetch device Id','0.00, 0.00','login',NULL,NULL,NULL,NULL,NULL,'2017-07-08 14:23:10',NULL,'0000-00-00 00:00:00'),(177,74,283,35,'2017-07-08 10:44:12','0000-00-00 00:00:00','CCD@AJ6','00','Unable to fetch device Id','0.00, 0.00','login',NULL,NULL,NULL,NULL,NULL,'2017-07-08 16:14:12',NULL,'0000-00-00 00:00:00'),(177,74,257,36,'2017-07-10 06:57:06','0000-00-00 00:00:00','CCD@MkO','00','Unable to fetch device Id','0.00, 0.00','login',NULL,NULL,NULL,NULL,NULL,'2017-07-10 12:27:05',NULL,'0000-00-00 00:00:00'),(177,74,513,37,'2017-07-10 06:59:24','0000-00-00 00:00:00','CCD@xw4','00','Unable to fetch device Id','0.00, 0.00','login',NULL,NULL,NULL,NULL,NULL,'2017-07-10 12:29:22',NULL,'0000-00-00 00:00:00'),(177,74,768,38,'2017-07-10 07:02:09','0000-00-00 00:00:00','CCD@8vg','00','Unable to fetch device Id','0.00, 0.00','login',NULL,NULL,NULL,NULL,NULL,'2017-07-10 12:32:07',NULL,'0000-00-00 00:00:00'),(177,74,119,39,'2017-07-11 04:11:25','0000-00-00 00:00:00','CCD@O9P','00','Unable to fetch device Id','0.00, 0.00','login',NULL,NULL,NULL,NULL,NULL,'2017-07-11 09:41:23',NULL,'0000-00-00 00:00:00'),(177,74,113,40,'2017-07-11 05:33:17','0000-00-00 00:00:00','CCD@qEn','00','Unable to fetch device Id','0.00, 0.00','login',NULL,NULL,NULL,NULL,NULL,'2017-07-11 11:03:15',NULL,'0000-00-00 00:00:00'),(177,74,109,41,'2017-07-11 08:31:30','0000-00-00 00:00:00','CCD@xQ4','00','Unable to fetch device Id','0.00, 0.00','login',NULL,NULL,NULL,NULL,NULL,'2017-07-11 14:01:28',NULL,'0000-00-00 00:00:00'),(177,74,852,42,'2017-07-11 09:08:11','0000-00-00 00:00:00','CCD@OX5','00','Unable to fetch device Id','0.00, 0.00','login',NULL,NULL,NULL,NULL,NULL,'2017-07-11 14:38:09',NULL,'0000-00-00 00:00:00'),(177,74,307,43,'2017-07-11 10:29:30','0000-00-00 00:00:00','CCD@YqM','00','Unable to fetch device Id','0.00, 0.00','login',NULL,NULL,NULL,NULL,NULL,'2017-07-11 15:59:28',NULL,'0000-00-00 00:00:00'),(177,74,308,44,'2017-07-11 10:38:46','0000-00-00 00:00:00','CCD@U1G','00','Unable to fetch device Id','0.00, 0.00','login',NULL,NULL,NULL,NULL,NULL,'2017-07-11 16:08:44',NULL,'0000-00-00 00:00:00'),(177,74,181,45,'2017-07-12 06:30:03','0000-00-00 00:00:00','CCD@weF','00','Unable to fetch device Id','0.00, 0.00','login',NULL,NULL,NULL,NULL,NULL,'2017-07-12 12:00:01',NULL,'0000-00-00 00:00:00'),(177,74,4,46,'2017-07-12 15:27:10','0000-00-00 00:00:00','CCD@22W','00','Unable to fetch device Id','0.00, 0.00','login',NULL,NULL,NULL,NULL,NULL,'2017-07-12 20:57:07',NULL,'0000-00-00 00:00:00'),(177,74,278,47,'2017-07-13 07:17:58','0000-00-00 00:00:00','CCD@odm','00','Unable to fetch device Id','0.00, 0.00','login',NULL,NULL,NULL,NULL,NULL,'2017-07-13 12:47:55',NULL,'0000-00-00 00:00:00'),(177,74,53,48,'2017-07-13 11:26:09','0000-00-00 00:00:00','CCD@UbO','00','Unable to fetch device Id','0.00, 0.00','login',NULL,NULL,NULL,NULL,NULL,'2017-07-13 16:56:05',NULL,'0000-00-00 00:00:00'),(177,74,255,49,'2017-07-17 05:48:28','0000-00-00 00:00:00','CCD@juO','00','Unable to fetch device Id','0.00, 0.00','login',NULL,NULL,NULL,NULL,NULL,'2017-07-17 11:18:27',NULL,'0000-00-00 00:00:00'),(177,74,258,50,'2017-07-17 05:55:17','0000-00-00 00:00:00','CCD@lgY','00','Unable to fetch device Id','0.00, 0.00','login',NULL,NULL,NULL,NULL,NULL,'2017-07-17 11:25:15',NULL,'0000-00-00 00:00:00'),(177,74,140,51,'2017-07-17 11:06:42','0000-00-00 00:00:00','CCD@Vm7','00','Unable to fetch device Id','0.00, 0.00','login',NULL,NULL,NULL,NULL,NULL,'2017-07-17 16:36:41',NULL,'0000-00-00 00:00:00'),(174,71,986,52,'2017-07-20 07:38:45','0000-00-00 00:00:00','CCD@OJN','00','Unable to fetch device Id','0.00, 0.00','login',NULL,NULL,NULL,NULL,NULL,'2017-07-20 13:08:42',NULL,'0000-00-00 00:00:00'),(177,74,984,53,'2017-07-20 08:06:38','0000-00-00 00:00:00','CCD@ArZ','00','Unable to fetch device Id','0.00, 0.00','login',NULL,NULL,NULL,NULL,NULL,'2017-07-20 13:36:35',NULL,'0000-00-00 00:00:00'),(177,74,807,54,'2017-07-20 13:06:27','0000-00-00 00:00:00','CCD@fED','00','Unable to fetch device Id','0.00, 0.00','login',NULL,NULL,NULL,NULL,NULL,'2017-07-20 18:36:24',NULL,'0000-00-00 00:00:00'),(177,74,125,55,'2017-07-21 04:44:59','0000-00-00 00:00:00','CCD@xRu','00','Unable to fetch device Id','0.00, 0.00','login',NULL,NULL,NULL,NULL,NULL,'2017-07-21 10:14:55',NULL,'0000-00-00 00:00:00'),(177,74,988,56,'2017-07-21 05:02:04','0000-00-00 00:00:00','CCD@4d6','00','Unable to fetch device Id','0.00, 0.00','login',NULL,NULL,NULL,NULL,NULL,'2017-07-21 10:32:01',NULL,'0000-00-00 00:00:00'),(177,74,987,57,'2017-07-21 05:11:22','0000-00-00 00:00:00','CCD@F9w','00','Unable to fetch device Id','0.00, 0.00','login',NULL,NULL,NULL,NULL,NULL,'2017-07-21 10:41:19',NULL,'0000-00-00 00:00:00'),(177,74,991,58,'2017-07-21 06:29:42','0000-00-00 00:00:00','CCD@O5T','00','Unable to fetch device Id','0.00, 0.00','login',NULL,NULL,NULL,NULL,NULL,'2017-07-21 11:59:39',NULL,'0000-00-00 00:00:00'),(177,74,1006,59,'2017-07-25 11:59:29','0000-00-00 00:00:00','CCD@8yk','00','Unable to fetch device Id','0.00, 0.00','login',NULL,NULL,NULL,NULL,NULL,'2017-07-25 17:29:27',NULL,'0000-00-00 00:00:00'),(177,74,992,60,'2017-07-25 12:00:10','0000-00-00 00:00:00','CCD@Fd5','00','Unable to fetch device Id','0.00, 0.00','login',NULL,NULL,NULL,NULL,NULL,'2017-07-25 17:30:08',NULL,'0000-00-00 00:00:00'),(177,74,561,61,'2017-07-25 12:01:01','0000-00-00 00:00:00','CCD@1HB','00','Unable to fetch device Id','0.00, 0.00','login',NULL,NULL,NULL,NULL,NULL,'2017-07-25 17:30:59',NULL,'0000-00-00 00:00:00'),(177,74,1004,62,'2017-07-26 07:11:16','0000-00-00 00:00:00','CCD@mFc','00','Unable to fetch device Id','0.00, 0.00','login',NULL,NULL,NULL,NULL,NULL,'2017-07-26 12:41:14',NULL,'0000-00-00 00:00:00'),(177,74,102,63,'2017-07-26 10:27:15','0000-00-00 00:00:00','CCD@QlL','00','Unable to fetch device Id','0.00, 0.00','login',NULL,NULL,NULL,NULL,NULL,'2017-07-26 15:57:13',NULL,'0000-00-00 00:00:00'),(177,74,128,64,'2017-07-27 11:49:49','0000-00-00 00:00:00','CCD@FEY','00','Unable to fetch device Id','0.00, 0.00','login',NULL,NULL,NULL,NULL,NULL,'2017-07-27 17:19:46',NULL,'0000-00-00 00:00:00'),(177,74,104,65,'2017-07-28 07:36:14','0000-00-00 00:00:00','CCD@zUi','00','Unable to fetch device Id','0.00, 0.00','login',NULL,NULL,NULL,NULL,NULL,'2017-07-28 13:06:11',NULL,'0000-00-00 00:00:00'),(177,74,1145,66,'2017-07-31 04:06:22','0000-00-00 00:00:00','CCD@67e','00','Unable to fetch device Id','0.00, 0.00','login',NULL,NULL,NULL,NULL,NULL,'2017-07-31 09:36:21',NULL,'0000-00-00 00:00:00'),(177,74,977,67,'2017-07-31 12:39:38','0000-00-00 00:00:00','CCD@YMX','00','Unable to fetch device Id','0.00, 0.00','login',NULL,NULL,NULL,NULL,NULL,'2017-07-31 18:09:36',NULL,'0000-00-00 00:00:00'),(177,74,979,68,'2017-07-31 12:42:21','0000-00-00 00:00:00','CCD@hw8','00','865245032416773','0.00, 0.00','login',NULL,NULL,NULL,NULL,NULL,'2017-07-31 18:12:19',NULL,'0000-00-00 00:00:00'),(177,74,178,69,'2017-08-01 04:35:40','0000-00-00 00:00:00','CCD@aTu','00','Unable to fetch device Id','0.00, 0.00','login',NULL,NULL,NULL,NULL,NULL,'2017-08-01 10:05:38',NULL,'0000-00-00 00:00:00'),(177,74,975,70,'2017-08-01 10:41:57','0000-00-00 00:00:00','CCD@hUO','00','Unable to fetch device Id','0.00, 0.00','login',NULL,NULL,NULL,NULL,NULL,'2017-08-01 16:11:54',NULL,'0000-00-00 00:00:00'),(177,74,978,71,'2017-08-01 12:42:16','0000-00-00 00:00:00','CCD@m2m','00','Unable to fetch device Id','0.00, 0.00','login',NULL,NULL,NULL,NULL,NULL,'2017-08-01 18:12:14',NULL,'0000-00-00 00:00:00'),(177,74,1144,72,'2017-08-01 13:22:35','0000-00-00 00:00:00','CCD@rYc','00','Unable to fetch device Id','0.00, 0.00','login',NULL,NULL,NULL,NULL,NULL,'2017-08-01 18:52:33',NULL,'0000-00-00 00:00:00'),(177,74,1139,73,'2017-08-01 14:00:49','0000-00-00 00:00:00','CCD@FdI','00','Unable to fetch device Id','0.00, 0.00','login',NULL,NULL,NULL,NULL,NULL,'2017-08-01 19:30:47',NULL,'0000-00-00 00:00:00'),(177,74,1138,74,'2017-08-01 16:03:30','0000-00-00 00:00:00','CCD@luS','00','Unable to fetch device Id','0.00, 0.00','login',NULL,NULL,NULL,NULL,NULL,'2017-08-01 21:33:27',NULL,'0000-00-00 00:00:00'),(177,74,263,75,'2017-08-02 05:42:27','0000-00-00 00:00:00','CCD@QT7','00','Unable to fetch device Id','0.00, 0.00','login',NULL,NULL,NULL,NULL,NULL,'2017-08-02 11:12:25',NULL,'0000-00-00 00:00:00'),(177,74,1098,76,'2017-08-02 10:15:02','0000-00-00 00:00:00','CCD@nZt','00','Unable to fetch device Id','0.00, 0.00','login',NULL,NULL,NULL,NULL,NULL,'2017-08-02 15:44:59',NULL,'0000-00-00 00:00:00'),(177,74,1096,77,'2017-08-02 10:32:17','0000-00-00 00:00:00','CCD@t5p','00','Unable to fetch device Id','0.00, 0.00','login',NULL,NULL,NULL,NULL,NULL,'2017-08-02 16:02:15',NULL,'0000-00-00 00:00:00'),(177,74,1142,78,'2017-08-02 14:38:56','0000-00-00 00:00:00','CCD@Sda','00','Unable to fetch device Id','0.00, 0.00','login',NULL,NULL,NULL,NULL,NULL,'2017-08-02 20:08:53',NULL,'0000-00-00 00:00:00'),(177,74,1143,79,'2017-08-04 04:24:59','0000-00-00 00:00:00','CCD@sS-','00','Unable to fetch device Id','0.00, 0.00','login',NULL,NULL,NULL,NULL,NULL,'2017-08-04 09:54:56',NULL,'0000-00-00 00:00:00'),(177,74,221,80,'2017-08-04 06:45:17','0000-00-00 00:00:00','CCD@DlX','00','Unable to fetch device Id','0.00, 0.00','login',NULL,NULL,NULL,NULL,NULL,'2017-08-04 12:15:13',NULL,'0000-00-00 00:00:00'),(177,74,1149,81,'2017-08-04 06:55:14','0000-00-00 00:00:00','CCD@OPv','00','Unable to fetch device Id','0.00, 0.00','login',NULL,NULL,NULL,NULL,NULL,'2017-08-04 12:25:10',NULL,'0000-00-00 00:00:00'),(177,74,206,82,'2017-08-05 07:01:27','0000-00-00 00:00:00','CCD@3L5','00','Unable to fetch device Id','0.00, 0.00','login',NULL,NULL,NULL,NULL,NULL,'2017-08-05 12:31:26',NULL,'0000-00-00 00:00:00'),(161,58,1152,83,'2017-08-08 09:25:58','0000-00-00 00:00:00','CCD@IUG','233324434234','234324324344sdfdfsdf','erwerwrwerwrewr23','login',NULL,NULL,NULL,NULL,NULL,'2017-08-08 14:55:56',NULL,'0000-00-00 00:00:00'),(161,58,1153,84,'2017-08-08 09:26:43','0000-00-00 00:00:00','CCD@id6','233324434234','234324324344sdfdfsdf','erwerwrwerwrewr23','login',NULL,NULL,NULL,NULL,NULL,'2017-08-08 14:56:40',NULL,'0000-00-00 00:00:00'),(161,58,1154,85,'2017-08-08 09:26:51','0000-00-00 00:00:00','CCD@WSb','233324434234','234324324344sdfdfsdf','erwerwrwerwrewr23','login',NULL,NULL,NULL,NULL,NULL,'2017-08-08 14:56:49',NULL,'0000-00-00 00:00:00'),(161,58,1155,86,'2017-08-08 09:26:59','0000-00-00 00:00:00','CCD@5cH','233324434234','234324324344sdfdfsdf','erwerwrwerwrewr23','login',NULL,NULL,NULL,NULL,NULL,'2017-08-08 14:56:57',NULL,'0000-00-00 00:00:00'),(161,58,1156,87,'2017-08-08 09:27:07','0000-00-00 00:00:00','CCD@s8E','233324434234','234324324344sdfdfsdf','erwerwrwerwrewr23','login',NULL,NULL,NULL,NULL,NULL,'2017-08-08 14:57:05',NULL,'0000-00-00 00:00:00'),(177,74,982,88,'2017-08-09 10:24:37','0000-00-00 00:00:00','CCD@3HG','00','Unable to fetch device Id','0.00, 0.00','login',NULL,NULL,NULL,NULL,NULL,'2017-08-09 15:54:34',NULL,'0000-00-00 00:00:00'),(177,74,264,89,'2017-08-11 06:32:30','0000-00-00 00:00:00','CCD@W45','00','Unable to fetch device Id','0.00, 0.00','login',NULL,NULL,NULL,NULL,NULL,'2017-08-11 12:02:26',NULL,'0000-00-00 00:00:00'),(177,74,1159,90,'2017-08-11 07:59:57','0000-00-00 00:00:00','CCD@Tax','00','Unable to fetch device Id','0.00, 0.00','login',NULL,NULL,NULL,NULL,NULL,'2017-08-11 13:29:53',NULL,'0000-00-00 00:00:00'),(177,74,1150,91,'2017-08-11 09:11:54','0000-00-00 00:00:00','CCD@YnK','233324434234','234324324344sdfdfsdf','erwerwrwerwrewr23','login',NULL,NULL,NULL,NULL,NULL,'2017-08-11 14:41:50',NULL,'0000-00-00 00:00:00'),(177,74,228,92,'2017-08-11 09:16:55','0000-00-00 00:00:00','CCD@Uk7','00','Unable to fetch device Id','0.00, 0.00','login',NULL,NULL,NULL,NULL,NULL,'2017-08-11 14:46:51',NULL,'0000-00-00 00:00:00'),(177,74,1160,93,'2017-08-11 10:33:28','0000-00-00 00:00:00','CCD@8As','00','Unable to fetch device Id','0.00, 0.00','login',NULL,NULL,NULL,NULL,NULL,'2017-08-11 16:03:24',NULL,'0000-00-00 00:00:00'),(177,74,179,94,'2017-08-16 08:06:08','0000-00-00 00:00:00','CCD@Evj','00','Unable to fetch device Id','0.00, 0.00','login',NULL,NULL,NULL,NULL,NULL,'2017-08-16 13:36:05',NULL,'0000-00-00 00:00:00'),(178,75,1164,95,'2017-08-18 10:31:42','0000-00-00 00:00:00','CCD@FI3','233324434234','234324324344sdfdfsdf','erwerwrwerwrewr23','login',NULL,NULL,NULL,NULL,NULL,'2017-08-18 16:01:39',NULL,'0000-00-00 00:00:00'),(177,74,1000,96,'2017-08-25 13:21:01','0000-00-00 00:00:00','CCD@GI3','00','Unable to fetch device Id','0.00, 0.00','login',NULL,NULL,NULL,NULL,NULL,'2017-08-25 18:50:57',NULL,'0000-00-00 00:00:00'),(181,78,1167,97,'2017-08-25 13:51:38','0000-00-00 00:00:00','CCD@juL','00','Unable to fetch device Id','0.00, 0.00','login',NULL,NULL,NULL,NULL,NULL,'2017-08-25 19:21:34',NULL,'0000-00-00 00:00:00'),(177,74,1120,98,'2017-08-25 17:37:50','0000-00-00 00:00:00','CCD@aZG','00','Unable to fetch device Id','0.00, 0.00','login',NULL,NULL,NULL,NULL,NULL,'2017-08-25 23:07:46',NULL,'0000-00-00 00:00:00'),(177,74,117,99,'2017-08-26 14:11:31','0000-00-00 00:00:00','CCD@OOQ','00','866674027602205','0.00, 0.00','login',NULL,NULL,NULL,NULL,NULL,'2017-08-26 19:41:30',NULL,'0000-00-00 00:00:00'),(177,74,163,100,'2017-08-29 08:15:28','0000-00-00 00:00:00','CCD@Oxn','00','Unable to fetch device Id','0.00, 0.00','login',NULL,NULL,NULL,NULL,NULL,'2017-08-29 13:45:26',NULL,'0000-00-00 00:00:00'),(174,71,1172,101,'2017-09-06 10:35:58','0000-00-00 00:00:00','CCD@tBr','00','Unable to fetch device Id','0.00, 0.00','login',NULL,NULL,NULL,NULL,NULL,'2017-09-06 16:05:55',NULL,'0000-00-00 00:00:00');

/*Table structure for table `tbl_menu` */

DROP TABLE IF EXISTS `tbl_menu`;

CREATE TABLE `tbl_menu` (
  `menuId` int(11) NOT NULL AUTO_INCREMENT,
  `menuName` varchar(255) DEFAULT NULL,
  `description` varchar(255) DEFAULT NULL,
  `deleted` enum('yes','no') DEFAULT 'no',
  `createdBy` int(11) DEFAULT NULL,
  `createdDate` timestamp NULL DEFAULT CURRENT_TIMESTAMP,
  `updatedBy` int(11) DEFAULT NULL,
  `updatedDate` datetime NOT NULL DEFAULT '0000-00-00 00:00:00',
  PRIMARY KEY (`menuId`)
) ENGINE=InnoDB AUTO_INCREMENT=14 DEFAULT CHARSET=latin1;

/*Data for the table `tbl_menu` */

insert  into `tbl_menu` values (1,'Configuration',NULL,'no',NULL,'2017-06-02 11:47:07',NULL,'0000-00-00 00:00:00'),(2,'Customer',NULL,'no',NULL,'2017-06-02 11:47:18',NULL,'0000-00-00 00:00:00'),(3,'Report',NULL,'no',NULL,'2017-06-02 13:07:52',NULL,'2017-06-16 07:09:01'),(4,'Attendance',NULL,'no',NULL,'2017-06-14 10:46:04',NULL,'2017-06-14 10:46:08'),(5,'Custom Report',NULL,'no',NULL,'2017-06-16 12:39:07',NULL,'2017-06-16 07:09:26'),(6,'Other',NULL,'no',NULL,'2017-06-16 12:50:08',NULL,'0000-00-00 00:00:00'),(7,'Lead Management',NULL,'no',NULL,'2017-08-14 18:51:50',NULL,'2017-08-18 05:53:43'),(8,'Task Management',NULL,'no',NULL,'2017-08-22 18:38:57',NULL,'0000-00-00 00:00:00'),(9,'Mapping Modules',NULL,'no',NULL,'2017-08-30 13:08:27',NULL,'0000-00-00 00:00:00'),(10,'yhjgdytgySSSSSSSSSSSSSSSSSSSS','ttt trSSSSSSSSSSSSSSSSSS','yes',NULL,'2017-08-31 05:59:05',NULL,'0000-00-00 00:00:00'),(11,'sssssssssssdddddddddd','sssssssssssssdddddddddddddd','yes',NULL,'2017-08-31 06:01:03',NULL,'0000-00-00 00:00:00'),(12,'Timesheet Management',NULL,'no',NULL,'2017-09-01 19:44:23',NULL,'0000-00-00 00:00:00'),(13,'Test','','no',NULL,'2017-09-13 07:10:18',NULL,'0000-00-00 00:00:00');

/*Table structure for table `tbl_module` */

DROP TABLE IF EXISTS `tbl_module`;

CREATE TABLE `tbl_module` (
  `moduleId` int(11) NOT NULL AUTO_INCREMENT,
  `moduleName` varchar(255) DEFAULT NULL,
  `description` varchar(255) DEFAULT NULL,
  `deleted` enum('yes','no') DEFAULT 'no',
  `createdDate` timestamp NULL DEFAULT CURRENT_TIMESTAMP,
  `createdBy` int(11) DEFAULT NULL,
  `updateBy` int(11) DEFAULT NULL,
  `updatedDate` datetime NOT NULL DEFAULT '0000-00-00 00:00:00',
  PRIMARY KEY (`moduleId`)
) ENGINE=InnoDB AUTO_INCREMENT=7 DEFAULT CHARSET=latin1;

/*Data for the table `tbl_module` */

insert  into `tbl_module` values (1,'Security',NULL,'no',NULL,NULL,NULL,'0000-00-00 00:00:00'),(2,'FMS',NULL,'no',NULL,NULL,NULL,'0000-00-00 00:00:00'),(3,'CRM',NULL,'no','2017-08-16 11:38:08',NULL,NULL,'0000-00-00 00:00:00'),(4,'Project and Task',NULL,'no',NULL,NULL,NULL,'0000-00-00 00:00:00'),(6,'Timesheet',NULL,'no','2017-09-01 14:16:25',NULL,NULL,'0000-00-00 00:00:00');

/*Table structure for table `tbl_module_screen_mapping` */

DROP TABLE IF EXISTS `tbl_module_screen_mapping`;

CREATE TABLE `tbl_module_screen_mapping` (
  `moduleScreenMappingId` int(11) NOT NULL AUTO_INCREMENT,
  `moduleId` int(11) DEFAULT NULL,
  `screenId` int(11) DEFAULT NULL,
  `deleted` enum('on','off') DEFAULT 'off',
  `createdBy` int(11) DEFAULT NULL,
  `createdDate` timestamp NOT NULL DEFAULT CURRENT_TIMESTAMP,
  `updatedBy` int(11) DEFAULT NULL,
  `updatedDate` datetime DEFAULT NULL,
  PRIMARY KEY (`moduleScreenMappingId`)
) ENGINE=InnoDB AUTO_INCREMENT=7 DEFAULT CHARSET=latin1;

/*Data for the table `tbl_module_screen_mapping` */

insert  into `tbl_module_screen_mapping` values (1,6,33,'off',1161,'2017-09-01 14:17:43',NULL,NULL),(2,6,34,'off',1161,'2017-09-01 14:18:58',NULL,NULL),(3,6,35,'off',1161,'2017-09-01 14:19:13',NULL,NULL),(4,6,36,'off',1161,'2017-09-01 14:19:37',NULL,NULL),(5,6,29,'off',1161,'2017-09-04 05:56:46',NULL,NULL),(6,6,1,'on',1161,'2017-09-13 07:23:34',NULL,NULL);

/*Table structure for table `tbl_ou_bu_module_mapping` */

DROP TABLE IF EXISTS `tbl_ou_bu_module_mapping`;

CREATE TABLE `tbl_ou_bu_module_mapping` (
  `moduleMappingId` int(11) NOT NULL AUTO_INCREMENT,
  `ouId` int(11) DEFAULT NULL,
  `buId` int(11) DEFAULT NULL,
  `moduleId` int(11) DEFAULT NULL,
  `deleted` enum('off','on') DEFAULT 'off',
  `cretaedBy` int(11) DEFAULT NULL,
  `createdDate` timestamp NULL DEFAULT CURRENT_TIMESTAMP,
  `updatedBy` int(11) DEFAULT NULL,
  `updateDate` datetime DEFAULT NULL,
  `updatedDate` timestamp NOT NULL DEFAULT '0000-00-00 00:00:00' ON UPDATE CURRENT_TIMESTAMP,
  PRIMARY KEY (`moduleMappingId`)
) ENGINE=InnoDB AUTO_INCREMENT=15 DEFAULT CHARSET=latin1;

/*Data for the table `tbl_ou_bu_module_mapping` */

insert  into `tbl_ou_bu_module_mapping` values (1,174,71,1,'off',NULL,NULL,NULL,NULL,'2017-06-05 15:38:22'),(2,174,71,2,'off',NULL,NULL,NULL,NULL,'2017-06-05 15:38:25'),(3,177,74,1,'off',NULL,NULL,NULL,NULL,'2017-06-19 11:37:51'),(4,161,58,1,'off',NULL,NULL,NULL,NULL,'2017-08-03 19:13:02'),(5,178,75,3,'off',NULL,NULL,NULL,NULL,'2017-08-21 07:27:47'),(6,179,76,2,'off',NULL,NULL,NULL,NULL,'2017-08-18 07:06:28'),(10,174,71,4,'off',NULL,'2017-08-21 12:58:24',NULL,NULL,'2017-08-21 12:58:20'),(11,181,78,3,'off',NULL,'2017-08-25 12:58:13',NULL,NULL,'2017-08-25 19:12:17'),(13,174,71,6,'off',NULL,'2017-09-01 14:16:42',NULL,NULL,'0000-00-00 00:00:00'),(14,110,7,6,'off',NULL,'2017-09-13 07:27:50',NULL,NULL,'0000-00-00 00:00:00');

/*Table structure for table `tbl_parameter` */

DROP TABLE IF EXISTS `tbl_parameter`;

CREATE TABLE `tbl_parameter` (
  `ouId` varchar(11) DEFAULT NULL,
  `buId` varchar(11) DEFAULT NULL,
  `parameterId` int(11) NOT NULL AUTO_INCREMENT,
  `pName` varchar(255) DEFAULT NULL,
  `pValues` varchar(255) DEFAULT NULL,
  `remark1` varchar(255) DEFAULT NULL,
  `remark2` varchar(255) DEFAULT NULL,
  `remark3` varchar(255) DEFAULT NULL,
  `remark4` varchar(255) DEFAULT NULL,
  `createBy` varchar(255) DEFAULT NULL,
  `createdDate` timestamp NOT NULL DEFAULT CURRENT_TIMESTAMP ON UPDATE CURRENT_TIMESTAMP,
  `updatedBy` varchar(255) DEFAULT NULL,
  `updatedDate` timestamp NOT NULL DEFAULT '0000-00-00 00:00:00',
  PRIMARY KEY (`parameterId`)
) ENGINE=InnoDB AUTO_INCREMENT=208 DEFAULT CHARSET=latin1;

/*Data for the table `tbl_parameter` */

insert  into `tbl_parameter` values ('1-1','1-1',1,'attendanceMandatory','Y',NULL,NULL,NULL,NULL,NULL,'2016-08-09 08:30:20',NULL,'0000-00-00 00:00:00'),('144','40',5,'Attendance Manedtory','Y',NULL,NULL,NULL,NULL,NULL,'2016-02-19 11:49:35',NULL,'0000-00-00 00:00:00'),('145','41',7,'Attendance Manedtory','Y',NULL,NULL,NULL,NULL,NULL,'2016-02-19 16:24:47',NULL,'0000-00-00 00:00:00'),('145','41',8,'Punching Manedtory',NULL,NULL,NULL,NULL,NULL,NULL,'2016-02-19 16:24:48',NULL,'0000-00-00 00:00:00'),('146','42',9,'Attendance Manedtory','Y',NULL,NULL,NULL,NULL,NULL,'2016-02-22 10:37:24',NULL,'0000-00-00 00:00:00'),('146','42',10,'Punching Manedtory',NULL,NULL,NULL,NULL,NULL,NULL,'2016-02-22 10:37:24',NULL,'0000-00-00 00:00:00'),('147','43',11,'Attendance Manedtory','Y',NULL,NULL,NULL,NULL,NULL,'2016-02-22 11:53:10',NULL,'0000-00-00 00:00:00'),('147','43',12,'Punching Manedtory',NULL,NULL,NULL,NULL,NULL,NULL,'2016-02-22 11:53:10',NULL,'0000-00-00 00:00:00'),('148','44',13,'Attendance Manedtory','Y',NULL,NULL,NULL,NULL,NULL,'2016-02-22 15:24:42',NULL,'0000-00-00 00:00:00'),('148','44',14,'Punching Manedtory',NULL,NULL,NULL,NULL,NULL,NULL,'2016-02-22 15:24:42',NULL,'0000-00-00 00:00:00'),('149','45',15,'Attendance Manedtory','Y',NULL,NULL,NULL,NULL,NULL,'2016-02-22 15:36:54',NULL,'0000-00-00 00:00:00'),('149','45',16,'Punching Manedtory',NULL,NULL,NULL,NULL,NULL,NULL,'2016-02-22 15:36:54',NULL,'0000-00-00 00:00:00'),('150','46',17,'Attendance Manedtory','Y',NULL,NULL,NULL,NULL,NULL,'2016-02-23 17:13:01',NULL,'0000-00-00 00:00:00'),('150','46',18,'Punching Manedtory',NULL,NULL,NULL,NULL,NULL,NULL,'2016-02-23 17:13:01',NULL,'0000-00-00 00:00:00'),('163','60',19,'attendanceMandatory','N',NULL,NULL,NULL,NULL,NULL,'2016-07-25 10:16:07',NULL,'0000-00-00 00:00:00'),('163','60',20,'geoFencing','N',NULL,NULL,NULL,NULL,NULL,'2016-09-16 12:12:42',NULL,'0000-00-00 00:00:00'),('163','60',21,'geoFenceRange','',NULL,NULL,NULL,NULL,NULL,'2016-09-16 12:12:52',NULL,'0000-00-00 00:00:00'),('163','60',22,'selfiMandatory','N',NULL,NULL,NULL,NULL,NULL,'2016-07-25 10:16:55',NULL,'0000-00-00 00:00:00'),('116','13',23,'attendanceMandatory','N',NULL,NULL,NULL,NULL,NULL,'2016-08-09 08:26:01',NULL,'0000-00-00 00:00:00'),('116','13',25,'geoFencing','N',NULL,NULL,NULL,NULL,NULL,'2016-08-01 06:27:25',NULL,'0000-00-00 00:00:00'),('116','13',26,'geoFenceRange','',NULL,NULL,NULL,NULL,NULL,'2016-08-10 05:04:36',NULL,'0000-00-00 00:00:00'),('116','13',27,'selfiMandatory','N',NULL,NULL,NULL,NULL,NULL,'2016-08-03 05:43:41',NULL,'0000-00-00 00:00:00'),('165','62',28,'attendanceMandatory','Y',NULL,NULL,NULL,NULL,NULL,'2016-08-09 08:26:04',NULL,'0000-00-00 00:00:00'),('166','63',32,'attendanceMandatory','N',NULL,NULL,NULL,NULL,NULL,'2016-08-10 10:00:45',NULL,'0000-00-00 00:00:00'),('166','63',34,'selfiMandatory','N',NULL,NULL,NULL,NULL,NULL,'2016-08-10 10:00:42',NULL,'0000-00-00 00:00:00'),('116','13',36,'polling','0',NULL,NULL,NULL,NULL,NULL,'2016-08-08 12:05:47',NULL,'0000-00-00 00:00:00'),('165','62',37,'polling','900000',NULL,NULL,NULL,NULL,NULL,'2016-08-12 07:36:56',NULL,'0000-00-00 00:00:00'),('165','62',38,'geoFencing','N',NULL,NULL,NULL,NULL,NULL,'2016-08-10 10:25:11',NULL,'0000-00-00 00:00:00'),('165','62',39,'geoFenceRange','',NULL,NULL,NULL,NULL,NULL,'2016-08-10 10:25:13',NULL,'0000-00-00 00:00:00'),('165','62',40,'selfiMandatory','N',NULL,NULL,NULL,NULL,NULL,'2016-08-09 08:31:11',NULL,'0000-00-00 00:00:00'),('167','64',41,'attendanceMandatory','Y',NULL,NULL,NULL,NULL,NULL,'2016-08-10 09:48:55',NULL,'0000-00-00 00:00:00'),('167','64',42,'attendanceMandatory','N',NULL,NULL,NULL,NULL,NULL,'2016-08-10 09:51:13',NULL,'0000-00-00 00:00:00'),('1-1','1-1',43,'selfiMandatory','N',NULL,NULL,NULL,NULL,NULL,'2016-08-10 09:56:29',NULL,'0000-00-00 00:00:00'),('1-1','1-1',44,'geoFencing','N',NULL,NULL,NULL,NULL,NULL,'2016-08-10 09:56:40',NULL,'0000-00-00 00:00:00'),('1-1','1-1',45,'geoFenceRange','0',NULL,NULL,NULL,NULL,NULL,'2016-08-10 09:56:47',NULL,'0000-00-00 00:00:00'),('1-1','1-1',46,'polling','0',NULL,NULL,NULL,NULL,NULL,'2016-08-10 09:56:50',NULL,'0000-00-00 00:00:00'),('167','64',47,'polling','900000',NULL,NULL,NULL,NULL,NULL,'2016-09-14 12:06:00',NULL,'0000-00-00 00:00:00'),('167','64',48,'geoFenceRange','',NULL,NULL,NULL,NULL,NULL,'2016-08-10 10:01:13',NULL,'0000-00-00 00:00:00'),('167','64',49,'geoFencing','N',NULL,NULL,NULL,NULL,NULL,'2016-08-10 10:01:12',NULL,'0000-00-00 00:00:00'),('167','64',50,'attendanceMandatory','N',NULL,NULL,NULL,NULL,NULL,'2016-08-10 10:01:17',NULL,'0000-00-00 00:00:00'),('167','64',51,'selfiMandatory','N',NULL,NULL,NULL,NULL,NULL,'2016-08-10 10:01:19',NULL,'0000-00-00 00:00:00'),('166','63',52,'polling','900000',NULL,NULL,NULL,NULL,NULL,'2016-09-14 13:48:21',NULL,'0000-00-00 00:00:00'),('166','63',53,'geoFencing','Y',NULL,NULL,NULL,NULL,NULL,'2016-09-02 12:00:17',NULL,'0000-00-00 00:00:00'),('166','63',54,'geoFenceRange','15',NULL,NULL,NULL,NULL,NULL,'2016-09-07 10:45:53',NULL,'0000-00-00 00:00:00'),('162','59',55,'polling','900000',NULL,NULL,NULL,NULL,NULL,'2016-08-15 06:43:01',NULL,'0000-00-00 00:00:00'),('162','59',56,'geoFencing','Y',NULL,NULL,NULL,NULL,NULL,'2016-08-15 06:43:05',NULL,'0000-00-00 00:00:00'),('162','59',57,'geoFenceRange','30000',NULL,NULL,NULL,NULL,NULL,'2016-08-15 06:43:14',NULL,'0000-00-00 00:00:00'),('162','59',58,'attendanceMandatory','N',NULL,NULL,NULL,NULL,NULL,'2016-08-15 06:43:19',NULL,'0000-00-00 00:00:00'),('162','59',59,'selfiMandatory','N',NULL,NULL,NULL,NULL,NULL,'2016-08-15 06:43:22',NULL,'0000-00-00 00:00:00'),('161','58',60,'polling','900000',NULL,NULL,NULL,NULL,NULL,'2016-09-14 12:05:43',NULL,'0000-00-00 00:00:00'),('161','58',61,'geoFencing','Y',NULL,NULL,NULL,NULL,NULL,'2016-08-17 06:19:04',NULL,'0000-00-00 00:00:00'),('161','58',62,'geoFenceRange','5',NULL,NULL,NULL,NULL,NULL,'2016-09-02 09:38:02',NULL,'0000-00-00 00:00:00'),('161','58',63,'attendanceMandatory','N',NULL,NULL,NULL,NULL,NULL,'2016-08-17 06:19:14',NULL,'0000-00-00 00:00:00'),('161','58',64,'selfiMandatory','N',NULL,NULL,NULL,NULL,NULL,'2016-08-17 06:19:15',NULL,'0000-00-00 00:00:00'),('168','65',65,'attendanceMandatory','Y',NULL,NULL,NULL,NULL,NULL,'2016-08-19 12:28:35',NULL,'0000-00-00 00:00:00'),('168','65',66,'selfiMandatory','N',NULL,NULL,NULL,NULL,NULL,'2016-08-19 12:28:35',NULL,'0000-00-00 00:00:00'),('168','65',67,'geoFencing','N',NULL,NULL,NULL,NULL,NULL,'2016-08-19 12:28:35',NULL,'0000-00-00 00:00:00'),('168','65',68,'geoFenceRange','0',NULL,NULL,NULL,NULL,NULL,'2016-08-19 12:28:35',NULL,'0000-00-00 00:00:00'),('168','65',69,'polling','0',NULL,NULL,NULL,NULL,NULL,'2016-08-19 12:28:35',NULL,'0000-00-00 00:00:00'),('168','65',70,'attendanceMandatory','N',NULL,NULL,NULL,NULL,NULL,'2016-08-19 12:31:12',NULL,'0000-00-00 00:00:00'),('168','65',71,'selfiMandatory','N',NULL,NULL,NULL,NULL,NULL,'2016-08-19 12:31:12',NULL,'0000-00-00 00:00:00'),('168','65',72,'geoFencing','N',NULL,NULL,NULL,NULL,NULL,'2016-08-19 12:31:12',NULL,'0000-00-00 00:00:00'),('168','65',73,'geoFenceRange','0',NULL,NULL,NULL,NULL,NULL,'2016-08-19 12:31:12',NULL,'0000-00-00 00:00:00'),('168','65',74,'polling','900000',NULL,NULL,NULL,NULL,NULL,'2016-09-14 13:48:08',NULL,'0000-00-00 00:00:00'),('163','60',75,'polling','0',NULL,NULL,NULL,NULL,NULL,'2016-08-22 07:20:14',NULL,'0000-00-00 00:00:00'),('1-1','1-1',76,'productOffline','N',NULL,NULL,NULL,NULL,NULL,'2016-08-22 08:01:47',NULL,'0000-00-00 00:00:00'),('144','40',78,'productOffline','N',NULL,NULL,NULL,NULL,NULL,'2016-08-22 08:06:50',NULL,'0000-00-00 00:00:00'),('145','41',79,'productOffline','N',NULL,NULL,NULL,NULL,NULL,'2016-08-22 08:06:50',NULL,'0000-00-00 00:00:00'),('146','42',80,'productOffline','N',NULL,NULL,NULL,NULL,NULL,'2016-08-22 08:06:50',NULL,'0000-00-00 00:00:00'),('147','43',81,'productOffline','N',NULL,NULL,NULL,NULL,NULL,'2016-08-22 08:06:50',NULL,'0000-00-00 00:00:00'),('148','44',82,'productOffline','N',NULL,NULL,NULL,NULL,NULL,'2016-08-22 08:06:50',NULL,'0000-00-00 00:00:00'),('149','45',83,'productOffline','N',NULL,NULL,NULL,NULL,NULL,'2016-08-22 08:06:50',NULL,'0000-00-00 00:00:00'),('150','46',84,'productOffline','N',NULL,NULL,NULL,NULL,NULL,'2016-08-22 08:06:50',NULL,'0000-00-00 00:00:00'),('163','60',85,'productOffline','N',NULL,NULL,NULL,NULL,NULL,'2016-08-22 08:06:50',NULL,'0000-00-00 00:00:00'),('116','13',86,'productOffline','N',NULL,NULL,NULL,NULL,NULL,'2016-08-22 08:06:50',NULL,'0000-00-00 00:00:00'),('165','62',87,'productOffline','N',NULL,NULL,NULL,NULL,NULL,'2016-08-22 08:06:50',NULL,'0000-00-00 00:00:00'),('166','63',88,'productOffline','Y',NULL,NULL,NULL,NULL,NULL,'2016-08-22 08:16:21',NULL,'0000-00-00 00:00:00'),('167','64',89,'productOffline','N',NULL,NULL,NULL,NULL,NULL,'2016-08-22 08:06:50',NULL,'0000-00-00 00:00:00'),('162','59',90,'productOffline','N',NULL,NULL,NULL,NULL,NULL,'2016-08-22 08:06:50',NULL,'0000-00-00 00:00:00'),('161','58',91,'productOffline','N',NULL,NULL,NULL,NULL,NULL,'2016-08-22 08:06:50',NULL,'0000-00-00 00:00:00'),('168','65',92,'productOffline','N',NULL,NULL,NULL,NULL,NULL,'2016-08-22 08:06:50',NULL,'0000-00-00 00:00:00'),('169','66',108,'attendanceMandatory','Y',NULL,NULL,NULL,NULL,NULL,'2016-09-02 09:51:48',NULL,'0000-00-00 00:00:00'),('169','66',109,'selfiMandatory','N',NULL,NULL,NULL,NULL,NULL,'2016-09-02 09:51:50',NULL,'0000-00-00 00:00:00'),('169','66',110,'geoFencing','N',NULL,NULL,NULL,NULL,NULL,'2016-09-02 09:51:50',NULL,'0000-00-00 00:00:00'),('169','66',111,'geoFenceRange','0',NULL,NULL,NULL,NULL,NULL,'2016-09-02 09:51:50',NULL,'0000-00-00 00:00:00'),('169','66',112,'polling','0',NULL,NULL,NULL,NULL,NULL,'2016-09-02 09:51:51',NULL,'0000-00-00 00:00:00'),('169','66',113,'productOffline','N',NULL,NULL,NULL,NULL,NULL,'2016-09-02 09:51:51',NULL,'0000-00-00 00:00:00'),('169','66',114,'attendanceMandatory','Y',NULL,NULL,NULL,NULL,NULL,'2016-09-02 09:54:35',NULL,'0000-00-00 00:00:00'),('169','66',115,'selfiMandatory','N',NULL,NULL,NULL,NULL,NULL,'2016-09-02 09:54:37',NULL,'0000-00-00 00:00:00'),('169','66',116,'geoFencing','N',NULL,NULL,NULL,NULL,NULL,'2016-09-02 09:54:39',NULL,'0000-00-00 00:00:00'),('169','66',117,'geoFenceRange','0',NULL,NULL,NULL,NULL,NULL,'2016-09-02 09:54:40',NULL,'0000-00-00 00:00:00'),('169','66',118,'polling','0',NULL,NULL,NULL,NULL,NULL,'2016-09-02 09:54:42',NULL,'0000-00-00 00:00:00'),('169','66',119,'productOffline','N',NULL,NULL,NULL,NULL,NULL,'2016-09-02 09:54:43',NULL,'0000-00-00 00:00:00'),('170','67',120,'attendanceMandatory','Y',NULL,NULL,NULL,NULL,NULL,'2016-09-02 09:54:35',NULL,'0000-00-00 00:00:00'),('170','67',121,'selfiMandatory','N',NULL,NULL,NULL,NULL,NULL,'2016-09-02 09:54:37',NULL,'0000-00-00 00:00:00'),('170','67',122,'geoFencing','N',NULL,NULL,NULL,NULL,NULL,'2016-09-02 09:54:39',NULL,'0000-00-00 00:00:00'),('170','67',123,'geoFenceRange','0',NULL,NULL,NULL,NULL,NULL,'2016-09-02 09:54:40',NULL,'0000-00-00 00:00:00'),('170','67',124,'polling','0',NULL,NULL,NULL,NULL,NULL,'2016-09-02 09:54:42',NULL,'0000-00-00 00:00:00'),('170','67',125,'productOffline','N',NULL,NULL,NULL,NULL,NULL,'2016-09-02 09:54:43',NULL,'0000-00-00 00:00:00'),('170','67',126,'attendanceToSupervirorDetail','Y',NULL,NULL,NULL,NULL,NULL,'2016-09-29 09:59:59',NULL,'0000-00-00 00:00:00'),('170','67',127,'attendanceToSupervirorAbsent','Y',NULL,NULL,NULL,NULL,NULL,'2016-09-29 10:00:03',NULL,'0000-00-00 00:00:00'),('170','67',128,'officeTime','9:30 ',NULL,NULL,NULL,NULL,NULL,'2016-09-29 10:01:12',NULL,'0000-00-00 00:00:00'),('171','68',129,'attendanceMandatory','N',NULL,NULL,NULL,NULL,NULL,'2016-10-17 13:39:48',NULL,'0000-00-00 00:00:00'),('171','68',130,'selfiMandatory','N',NULL,NULL,NULL,NULL,NULL,'2016-10-17 13:39:54',NULL,'0000-00-00 00:00:00'),('171','68',131,'geoFencing','Y',NULL,NULL,NULL,NULL,NULL,'2017-01-10 08:11:22',NULL,'0000-00-00 00:00:00'),('171','68',132,'geoFenceRange','5',NULL,NULL,NULL,NULL,NULL,'2017-01-10 08:14:10',NULL,'0000-00-00 00:00:00'),('171','68',133,'polling','900000',NULL,NULL,NULL,NULL,NULL,'2017-01-10 09:56:19',NULL,'0000-00-00 00:00:00'),('171','68',134,'productOffline','Y',NULL,NULL,NULL,NULL,NULL,'2016-10-17 13:40:23',NULL,'0000-00-00 00:00:00'),('171','68',135,'attendanceToSupervirorDetail','N',NULL,NULL,NULL,NULL,NULL,'2016-10-17 13:40:31',NULL,'0000-00-00 00:00:00'),('171','68',136,'attendanceToSupervirorAbsent','N',NULL,NULL,NULL,NULL,NULL,'2016-10-17 13:40:39',NULL,'0000-00-00 00:00:00'),('171','68',137,'officeTime','9:30',NULL,NULL,NULL,NULL,NULL,'2016-10-17 13:40:48',NULL,'0000-00-00 00:00:00'),('159','56',138,'selfiMandatory','N',NULL,NULL,NULL,NULL,NULL,'2016-11-03 08:00:40',NULL,'0000-00-00 00:00:00'),('159','56',139,'attendanceMandatory','Y',NULL,NULL,NULL,NULL,NULL,'2016-11-03 07:45:20',NULL,'0000-00-00 00:00:00'),('159','56',140,'geoFencing','Y',NULL,NULL,NULL,NULL,NULL,'2016-11-03 10:27:42',NULL,'0000-00-00 00:00:00'),('159','56',141,'geoFenceRange','N',NULL,NULL,NULL,NULL,NULL,'2016-10-27 11:18:55',NULL,'0000-00-00 00:00:00'),('159','56',142,'polling','900000',NULL,NULL,NULL,NULL,NULL,'2016-11-03 10:27:10',NULL,'0000-00-00 00:00:00'),('159','56',143,'productOffline','Y',NULL,NULL,NULL,NULL,NULL,'2016-10-27 11:18:40',NULL,'0000-00-00 00:00:00'),('159','56',144,'attendanceToSupervirorDetail','N',NULL,NULL,NULL,NULL,NULL,'2016-11-03 08:00:33',NULL,'0000-00-00 00:00:00'),('159','56',145,'attendanceToSupervirorAbsent','N',NULL,NULL,NULL,NULL,NULL,'2016-11-03 08:00:37',NULL,'0000-00-00 00:00:00'),('159','56',146,'officeTime','9:30',NULL,NULL,NULL,NULL,NULL,'2016-10-27 11:18:28',NULL,'0000-00-00 00:00:00'),('161','58',148,'checkinIgnoreTimeMinute','5',NULL,NULL,NULL,NULL,NULL,'2016-12-13 12:14:19',NULL,'0000-00-00 00:00:00'),('172','69',149,'selfiMandatory','N',NULL,NULL,NULL,NULL,NULL,'2016-11-29 05:08:49',NULL,'0000-00-00 00:00:00'),('172','69',150,'attendanceMandatory','N',NULL,NULL,NULL,NULL,NULL,'2016-11-29 05:08:53',NULL,'0000-00-00 00:00:00'),('172','69',151,'geoFencing','N',NULL,NULL,NULL,NULL,NULL,'2016-11-29 05:08:56',NULL,'0000-00-00 00:00:00'),('172','69',152,'geoFenceRange','N',NULL,NULL,NULL,NULL,NULL,'2016-11-29 05:09:09',NULL,'0000-00-00 00:00:00'),('172','69',153,'polling','60000',NULL,NULL,NULL,NULL,NULL,'2016-11-30 11:25:53',NULL,'0000-00-00 00:00:00'),('172','69',154,'productOffline','N',NULL,NULL,NULL,NULL,NULL,'2016-11-29 05:09:15',NULL,'0000-00-00 00:00:00'),('172','69',155,'attendanceToSupervirorDetail','N',NULL,NULL,NULL,NULL,NULL,'2016-11-29 05:09:21',NULL,'0000-00-00 00:00:00'),('172','69',156,'attendanceToSupervirorAbsent','N',NULL,NULL,NULL,NULL,NULL,'2016-11-29 05:09:25',NULL,'0000-00-00 00:00:00'),('172','69',157,'officeTime','9:30',NULL,NULL,NULL,NULL,NULL,'2016-11-29 05:09:32',NULL,'0000-00-00 00:00:00'),('173','70',158,'selfiMandatory','Y',NULL,NULL,NULL,NULL,NULL,'2017-01-23 10:18:03',NULL,'0000-00-00 00:00:00'),('173','70',159,'attendanceMandatory','N',NULL,NULL,NULL,NULL,NULL,'2017-01-05 12:47:23',NULL,'0000-00-00 00:00:00'),('173','70',160,'geoFencing','Y',NULL,NULL,NULL,NULL,NULL,'2017-01-06 04:36:25',NULL,'0000-00-00 00:00:00'),('173','70',161,'geoFenceRange','5',NULL,NULL,NULL,NULL,NULL,'2017-01-06 04:36:23',NULL,'0000-00-00 00:00:00'),('173','70',162,'polling','900000',NULL,NULL,NULL,NULL,NULL,'2017-01-05 12:48:42',NULL,'0000-00-00 00:00:00'),('173','70',163,'productOffline','N',NULL,NULL,NULL,NULL,NULL,'2017-01-05 12:48:44',NULL,'0000-00-00 00:00:00'),('173','70',164,'attendanceToSupervirorDetail','N',NULL,NULL,NULL,NULL,NULL,'2017-01-05 12:48:46',NULL,'0000-00-00 00:00:00'),('174','71',165,'selfiMandatory','N',NULL,NULL,NULL,NULL,NULL,'2017-01-16 09:54:37',NULL,'0000-00-00 00:00:00'),('174','71',166,'attendanceMandatory','N',NULL,NULL,NULL,NULL,NULL,'2017-01-16 09:54:39',NULL,'0000-00-00 00:00:00'),('174','71',167,'geoFencing','Y',NULL,NULL,NULL,NULL,NULL,'2017-01-16 09:54:44',NULL,'0000-00-00 00:00:00'),('174','71',168,'geoFenceRange','5',NULL,NULL,NULL,NULL,NULL,'2017-01-16 09:54:46',NULL,'0000-00-00 00:00:00'),('174','71',169,'polling','10000',NULL,NULL,NULL,NULL,NULL,'2017-06-17 07:31:10',NULL,'0000-00-00 00:00:00'),('174','71',170,'productOffline','N',NULL,NULL,NULL,NULL,NULL,'2017-01-16 09:54:54',NULL,'0000-00-00 00:00:00'),('174','71',171,'attendanceToSupervirorDetail','N',NULL,NULL,NULL,NULL,NULL,'2017-01-16 09:54:56',NULL,'0000-00-00 00:00:00'),('113','10',172,'selfiMandatory','N',NULL,NULL,NULL,NULL,NULL,'2017-02-21 05:58:18',NULL,'0000-00-00 00:00:00'),('113','10',173,'attendanceMandatory','N',NULL,NULL,NULL,NULL,NULL,'2017-02-21 05:58:20',NULL,'0000-00-00 00:00:00'),('113','10',174,'geoFencing','Y',NULL,NULL,NULL,NULL,NULL,'2017-02-21 05:58:26',NULL,'0000-00-00 00:00:00'),('113','10',175,'geoFenceRange','5',NULL,NULL,NULL,NULL,NULL,'2017-02-21 05:58:30',NULL,'0000-00-00 00:00:00'),('113','10',176,'polling','900000',NULL,NULL,NULL,NULL,NULL,'2017-02-21 05:58:37',NULL,'0000-00-00 00:00:00'),('113','10',177,'productOffline','N',NULL,NULL,NULL,NULL,NULL,'2017-02-21 05:58:39',NULL,'0000-00-00 00:00:00'),('113','10',178,'attendanceToSupervirorDetail','N',NULL,NULL,NULL,NULL,NULL,'2017-02-21 05:58:42',NULL,'0000-00-00 00:00:00'),('175','71',182,'selfiMandatory','N',NULL,NULL,NULL,NULL,NULL,'2017-03-03 10:19:16',NULL,'0000-00-00 00:00:00'),('175','71',183,'attendanceMandatory','Y',NULL,NULL,NULL,NULL,NULL,'2017-03-03 10:19:13',NULL,'0000-00-00 00:00:00'),('175','71',184,'geoFencing','Y',NULL,NULL,NULL,NULL,NULL,'2017-03-03 10:19:10',NULL,'0000-00-00 00:00:00'),('175','71',185,'geoFenceRange','5',NULL,NULL,NULL,NULL,NULL,'2017-03-03 10:19:07',NULL,'0000-00-00 00:00:00'),('175','71',186,'polling','900000',NULL,NULL,NULL,NULL,NULL,'2017-03-03 10:19:03',NULL,'0000-00-00 00:00:00'),('175','71',187,'productOffline','Y',NULL,NULL,NULL,NULL,NULL,'2017-03-03 10:18:56',NULL,'0000-00-00 00:00:00'),('175','71',188,'attendanceToSupervirorDetail','N',NULL,NULL,NULL,NULL,NULL,'2017-03-03 10:18:59',NULL,'0000-00-00 00:00:00'),('174','71',189,'checkinIgnoreTimeMinute','0',NULL,NULL,NULL,NULL,NULL,'2016-12-13 12:14:19',NULL,'0000-00-00 00:00:00'),('177','74',190,'selfiMandatory','N',NULL,NULL,NULL,NULL,NULL,'2017-06-19 06:09:20',NULL,'0000-00-00 00:00:00'),('177','74',191,'attendanceMandatory','N',NULL,NULL,NULL,NULL,NULL,'2017-06-19 06:09:22',NULL,'0000-00-00 00:00:00'),('177','74',192,'geoFencing','Y',NULL,NULL,NULL,NULL,NULL,'2017-06-19 06:09:25',NULL,'0000-00-00 00:00:00'),('177','74',193,'geoFenceRange','5',NULL,NULL,NULL,NULL,NULL,'2017-06-19 06:09:29',NULL,'0000-00-00 00:00:00'),('177','74',194,'polling','300000',NULL,NULL,NULL,NULL,NULL,'2017-07-17 11:02:38',NULL,'0000-00-00 00:00:00'),('177','74',195,'productOffline','Y',NULL,NULL,NULL,NULL,NULL,'2017-06-19 06:09:36',NULL,'0000-00-00 00:00:00'),('178','75',196,'selfiMandatory','N',NULL,NULL,NULL,NULL,NULL,'2017-08-18 13:12:19',NULL,'0000-00-00 00:00:00'),('178','75',197,'attendanceMandatory','N',NULL,NULL,NULL,NULL,NULL,'2017-08-18 13:12:24',NULL,'0000-00-00 00:00:00'),('178','75',198,'geoFencing','Y',NULL,NULL,NULL,NULL,NULL,'2017-08-18 13:12:34',NULL,'0000-00-00 00:00:00'),('178','75',199,'geoFenceRange','5',NULL,NULL,NULL,NULL,NULL,'2017-08-18 13:13:01',NULL,'0000-00-00 00:00:00'),('178','75',200,'polling','900000',NULL,NULL,NULL,NULL,NULL,'2017-08-18 13:12:57',NULL,'0000-00-00 00:00:00'),('178','75',201,'productOffline','N',NULL,NULL,NULL,NULL,NULL,'2017-08-18 13:13:04',NULL,'0000-00-00 00:00:00'),('181','78',202,'selfiMandatory','N',NULL,NULL,NULL,NULL,NULL,'2017-08-25 13:54:38',NULL,'0000-00-00 00:00:00'),('181','78',203,'attendanceMandatory','N',NULL,NULL,NULL,NULL,NULL,'2017-08-25 13:54:40',NULL,'0000-00-00 00:00:00'),('181','78',204,'geoFencing','N',NULL,NULL,NULL,NULL,NULL,'2017-08-25 13:54:44',NULL,'0000-00-00 00:00:00'),('181','78',205,'geoFenceRange','0',NULL,NULL,NULL,NULL,NULL,'2017-08-25 13:54:46',NULL,'0000-00-00 00:00:00'),('181','78',206,'polling','0',NULL,NULL,NULL,NULL,NULL,'2017-08-25 13:54:55',NULL,'0000-00-00 00:00:00'),('181','78',207,'productOffline','N',NULL,NULL,NULL,NULL,NULL,'2017-08-25 13:54:51',NULL,'0000-00-00 00:00:00');

/*Table structure for table `tbl_super_admin_screen` */

DROP TABLE IF EXISTS `tbl_super_admin_screen`;

CREATE TABLE `tbl_super_admin_screen` (
  `screenId` int(11) NOT NULL AUTO_INCREMENT,
  `menuId` int(11) DEFAULT NULL,
  `screenName` varchar(150) DEFAULT NULL,
  `screenPage` varchar(50) DEFAULT NULL,
  `screenIcon` varchar(255) DEFAULT NULL,
  `screenMaster` varchar(255) DEFAULT NULL,
  `screenRank` tinyint(5) DEFAULT NULL,
  `deleted` enum('on','off') DEFAULT 'off',
  PRIMARY KEY (`screenId`)
) ENGINE=InnoDB AUTO_INCREMENT=16 DEFAULT CHARSET=latin1;

/*Data for the table `tbl_super_admin_screen` */

insert  into `tbl_super_admin_screen` values (1,1,'Organisation Unit','oubu',NULL,NULL,NULL,'off'),(2,1,'Business Unit','bu',NULL,NULL,NULL,'off'),(3,1,'Role Creation','role',NULL,NULL,NULL,'off'),(4,9,'OU-BU Module Mapping','oubuModuleMapping',NULL,NULL,NULL,'off'),(5,9,'Web Menu Screen Mapping','WebScreen',NULL,NULL,NULL,'on'),(6,9,'App Menu Screen Mapping','appMenuScreenMapping',NULL,NULL,NULL,'on'),(7,9,'Web Role Screen Mapping','webRoleScreenMapping',NULL,NULL,NULL,'off'),(8,9,'App Role Screen Mapping ','appRoleScreenMapping',NULL,NULL,NULL,'off'),(9,1,'App Menu','appMenu',NULL,NULL,NULL,'off'),(10,1,'Web Menu','webMenu',NULL,NULL,NULL,'off'),(11,1,'Modules','modules',NULL,NULL,NULL,'off'),(12,1,'Web Screen','webScreenList',NULL,NULL,NULL,'off'),(13,1,'App Screen','appScreen',NULL,NULL,NULL,'off'),(14,9,'Module Web-Screen Mapping','moduleScreenMapping',NULL,NULL,NULL,'off'),(15,9,'Module app-Screen Mapping','appModuleScreenMapping',NULL,NULL,NULL,'off');

/*Table structure for table `tbl_web_role_screen_mapping` */

DROP TABLE IF EXISTS `tbl_web_role_screen_mapping`;

CREATE TABLE `tbl_web_role_screen_mapping` (
  `web_role_mapping_id` int(11) NOT NULL AUTO_INCREMENT,
  `roleId` int(11) NOT NULL,
  `roleView` enum('on','off') DEFAULT 'off',
  `roleAdd` enum('on','off') NOT NULL DEFAULT 'off',
  `roleEdit` enum('on','off') NOT NULL DEFAULT 'off',
  `roleDelete` enum('on','off') DEFAULT 'off',
  `menuId` int(11) DEFAULT NULL,
  `screenId` int(11) NOT NULL,
  `moduleMappingId` int(11) DEFAULT NULL,
  PRIMARY KEY (`web_role_mapping_id`)
) ENGINE=InnoDB AUTO_INCREMENT=169 DEFAULT CHARSET=latin1;

/*Data for the table `tbl_web_role_screen_mapping` */

insert  into `tbl_web_role_screen_mapping` values (1,5,'on','off','off','off',1,1,1),(2,5,'on','off','off','off',1,2,1),(3,5,'on','off','off','off',2,3,1),(4,5,'on','off','off','off',2,4,1),(5,5,'on','off','off','off',2,5,1),(6,5,'on','off','off','off',1,1,2),(7,5,'on','off','off','off',3,6,2),(8,6,'on','off','off','off',1,1,1),(9,6,'on','off','off','off',1,1,2),(10,5,'on','off','off','off',3,7,1),(11,5,'on','off','off','off',1,8,1),(12,5,'on','off','off','off',1,9,1),(13,5,'on','off','off','off',1,10,1),(14,5,'on','off','off','off',2,11,1),(15,5,'on','off','off','off',2,12,1),(16,5,'on','off','off','off',1,13,1),(17,5,'on','off','off','off',1,14,1),(18,5,'on','off','off','off',4,15,1),(19,5,'on','off','off','off',4,16,1),(20,5,'on','off','off','off',6,17,1),(21,5,'on','off','off','off',4,18,1),(22,5,'on','off','off','off',5,19,1),(23,5,'on','off','off','off',2,20,1),(24,5,'on','off','off','off',3,23,1),(25,5,'on','off','off','off',3,24,1),(26,5,'on','off','off','off',1,1,3),(27,5,'on','off','off','off',1,2,3),(28,5,'on','off','off','off',2,3,3),(29,5,'on','off','off','off',2,4,3),(30,5,'on','off','off','off',2,5,3),(31,5,'on','off','off','off',1,1,3),(32,5,'on','off','off','off',3,7,3),(33,5,'on','off','off','off',1,8,3),(34,5,'on','off','off','off',1,9,3),(35,5,'on','off','off','off',1,10,3),(36,5,'on','off','off','off',2,11,3),(37,5,'on','off','off','off',2,12,3),(38,5,'on','off','off','off',1,13,3),(39,5,'on','off','off','off',1,14,3),(40,5,'on','off','off','off',4,15,3),(41,5,'on','off','off','off',4,16,3),(42,5,'on','off','off','off',6,17,3),(43,5,'on','off','off','off',4,18,3),(44,5,'on','off','off','off',5,19,3),(45,5,'on','off','off','off',2,20,3),(46,5,'on','off','off','off',3,23,3),(47,5,'on','off','off','off',3,24,3),(57,5,'on','off','off','off',3,6,3),(58,5,'on','off','off','off',5,25,3),(59,5,'on','off','off','off',3,26,3),(60,5,'on','off','off','off',6,27,3),(61,5,'on','off','off','off',5,25,1),(62,5,'on','off','off','off',3,26,1),(63,5,'on','off','off','off',1,1,4),(64,5,'on','off','off','off',1,2,4),(65,5,'on','off','off','off',1,8,4),(66,5,'on','off','off','off',2,3,4),(67,5,'on','off','off','off',2,4,4),(68,5,'on','off','off','off',2,5,4),(69,5,'on','off','off','off',2,11,4),(70,5,'on','off','off','off',3,6,4),(71,5,'on','off','off','off',3,23,4),(72,5,'on','off','off','off',3,26,4),(73,5,'on','off','off','off',3,24,4),(74,5,'on','off','off','off',3,7,4),(75,5,'on','off','off','off',4,16,4),(76,5,'on','off','off','off',4,18,4),(77,5,'on','off','off','off',6,27,4),(78,5,'on','off','off','off',7,28,1),(79,5,'on','off','off','off',7,29,1),(80,5,'on','off','off','off',1,1,5),(81,5,'on','off','off','off',1,2,5),(82,5,'on','off','off','off',2,3,5),(83,5,'on','off','off','off',2,5,5),(84,5,'on','off','off','off',1,8,5),(85,5,'on','off','off','off',7,28,5),(86,5,'on','off','off','off',7,29,5),(119,5,'off','off','off','off',2,4,5),(120,5,'on','off','off','off',1,1,10),(121,5,'on','off','off','off',1,2,10),(122,5,'on','off','off','off',2,3,10),(123,5,'on','off','off','off',2,4,10),(124,5,'on','off','off','off',2,5,10),(125,5,'on','off','off','off',3,7,10),(126,5,'on','off','off','off',1,8,10),(127,5,'on','off','off','off',1,9,10),(128,5,'on','off','off','off',1,10,10),(129,5,'on','off','off','off',2,11,10),(130,5,'on','off','off','off',2,12,10),(131,5,'on','off','off','off',1,13,10),(132,5,'on','off','off','off',1,14,10),(133,5,'on','off','off','off',4,15,10),(134,5,'on','off','off','off',4,16,10),(135,5,'on','off','off','off',3,17,10),(136,5,'on','off','off','off',4,18,10),(137,5,'on','off','off','off',3,19,10),(138,5,'on','off','off','off',2,20,10),(139,5,'on','off','off','off',3,23,10),(140,5,'on','off','off','off',3,24,10),(141,5,'on','off','off','off',5,25,10),(142,5,'on','off','off','off',3,26,10),(143,5,'on','off','off','off',7,28,10),(144,5,'on','off','off','off',7,29,10),(145,5,'on','off','off','off',8,31,10),(146,5,'on','off','off','off',8,32,10),(151,6,'on','off','off','off',2,3,5),(152,6,'on','off','off','off',2,5,5),(153,6,'on','off','off','off',7,28,5),(154,6,'on','off','off','off',7,29,5),(158,5,'on','off','off','off',1,1,11),(159,5,'on','off','off','off',1,2,11),(160,5,'on','off','off','off',2,3,11),(161,5,'on','off','off','off',2,5,11),(162,5,'on','off','off','off',1,8,11),(163,5,'on','off','off','off',7,28,11),(164,5,'on','off','off','off',7,29,11),(165,5,'on','off','off','off',12,33,13),(166,5,'on','off','off','off',12,34,13),(167,5,'on','off','off','off',12,35,13),(168,5,'on','off','off','off',12,36,13);

/*Table structure for table `tbl_web_screen` */

DROP TABLE IF EXISTS `tbl_web_screen`;

CREATE TABLE `tbl_web_screen` (
  `screenId` int(11) NOT NULL AUTO_INCREMENT,
  `menuId` int(11) DEFAULT NULL,
  `screenName` varchar(150) DEFAULT NULL,
  `screenPage` varchar(50) DEFAULT NULL,
  `screenDescription` varchar(255) DEFAULT NULL,
  `screenIcon` varchar(255) DEFAULT NULL,
  `screenMaster` varchar(255) DEFAULT NULL,
  `screenRank` int(11) DEFAULT NULL,
  `deleted` enum('on','off') DEFAULT 'off',
  `createdDate` timestamp NULL DEFAULT CURRENT_TIMESTAMP,
  PRIMARY KEY (`screenId`)
) ENGINE=InnoDB AUTO_INCREMENT=37 DEFAULT CHARSET=latin1;

/*Data for the table `tbl_web_screen` */

insert  into `tbl_web_screen` values (1,1,'Users','users','','screenIcon1504504514Jellyfish.jpg',NULL,1,'off','2017-08-31 05:48:21'),(2,1,'Employee','employee',NULL,NULL,NULL,NULL,'off','2017-08-31 05:48:21'),(3,2,'Customer','customer',NULL,NULL,NULL,NULL,'off','2017-08-31 05:48:21'),(4,2,'Location','location',NULL,NULL,NULL,NULL,'off','2017-08-31 05:48:21'),(5,2,'Contact','contact',NULL,NULL,NULL,NULL,'off','2017-08-31 05:48:21'),(6,3,'Check In Report - Auto','checkInReport',NULL,NULL,NULL,NULL,'off','2017-08-31 05:48:21'),(7,3,'Check In Report - Mannual','CheckInMannualNew',NULL,NULL,NULL,NULL,'off','2017-08-31 05:48:21'),(8,1,'Meta Data','Metadata',NULL,NULL,NULL,NULL,'off','2017-08-31 05:48:21'),(9,1,'Checklist Header','checklistHeader',NULL,NULL,NULL,NULL,'off','2017-08-31 05:48:21'),(10,1,'Checklist Activity','checklist',NULL,NULL,NULL,NULL,'off','2017-08-31 05:48:21'),(11,2,'Employee Location Mapping','EmployeeLocation',NULL,NULL,NULL,NULL,'off','2017-08-31 05:48:21'),(12,2,'Checklist to Customer Mapping','ChecklistCustomerMapping',NULL,NULL,NULL,NULL,'off','2017-08-31 05:48:21'),(13,1,'Feedback Rating','FeedbackRating',NULL,NULL,NULL,NULL,'off','2017-08-31 05:48:21'),(14,1,'Feedback Rating Mapping','FeedbackRatingMapping',NULL,NULL,NULL,NULL,'off','2017-08-31 05:48:21'),(15,4,'Daily Attendance Report','DailyAttendance',NULL,NULL,NULL,NULL,'off','2017-08-31 05:48:21'),(16,4,'Monthly Attendance Report','monthlyAttendance',NULL,NULL,NULL,NULL,'off','2017-08-31 05:48:21'),(17,3,'Push Notification','pushNotification',NULL,NULL,NULL,NULL,'off','2017-08-31 05:48:21'),(18,4,'Photo Attendance','PhotoAttendance',NULL,NULL,NULL,NULL,'off','2017-08-31 05:48:21'),(19,3,'HOTO Report','HotoReport',NULL,NULL,NULL,NULL,'off','2017-08-31 05:48:21'),(20,2,'Tour Plan','tourPlan',NULL,NULL,NULL,NULL,'off','2017-08-31 05:48:21'),(23,3,'Polling Report','PollingReport',NULL,NULL,NULL,NULL,'off','2017-08-31 05:48:21'),(24,3,'Check In Report - Fake','FakeCheckReport',NULL,NULL,NULL,NULL,'off','2017-08-31 05:48:21'),(25,5,'Checklist Report','ChecklistReport',NULL,NULL,NULL,NULL,'off','2017-08-31 05:48:21'),(26,3,'View Map','mapView',NULL,NULL,NULL,NULL,'off','2017-08-31 05:48:21'),(27,6,'Users Unlock','usersUnlock',NULL,NULL,NULL,NULL,'off','2017-08-31 05:48:21'),(28,7,'Deal','pipline/deal',NULL,NULL,NULL,NULL,'off','2017-08-31 05:48:21'),(29,7,'Activities','pipline/activities',NULL,NULL,NULL,NULL,'off','2017-08-31 05:48:21'),(30,1,'OU','oubu',NULL,NULL,NULL,NULL,'off','2017-08-31 05:48:21'),(31,8,'Project','project',NULL,NULL,NULL,NULL,'off','2017-08-31 05:48:21'),(32,8,'Task','task',NULL,NULL,NULL,NULL,'off','2017-08-31 05:48:21'),(33,12,'Activity','TimeSheetActivity',NULL,NULL,NULL,NULL,'off','2017-09-01 14:13:31'),(34,12,'Assign Activity to Project','ActivityProjectMap',NULL,NULL,NULL,NULL,'off','2017-09-01 14:13:37'),(35,12,'Assign Team to Project','ProjectEmployeeMap',NULL,NULL,NULL,NULL,'off','2017-09-01 14:13:43'),(36,12,'Timesheet Details','ViewTimeSheet',NULL,'screenIcon1505286411Daisy.jpg',NULL,0,'off','2017-09-01 14:13:44');

/*Table structure for table `tmp_app_role_screen_mapping` */

DROP TABLE IF EXISTS `tmp_app_role_screen_mapping`;

CREATE TABLE `tmp_app_role_screen_mapping` (
  `ouId` varchar(250) DEFAULT NULL,
  `buId` varchar(250) DEFAULT NULL,
  `roleId` varchar(250) DEFAULT NULL,
  `roleView` varchar(250) DEFAULT NULL,
  `moduleMappingId` varchar(250) DEFAULT NULL,
  `menuId` varchar(350) DEFAULT NULL,
  `screenId` varchar(250) DEFAULT NULL
) ENGINE=InnoDB DEFAULT CHARSET=latin1;

/*Data for the table `tmp_app_role_screen_mapping` */

insert  into `tmp_app_role_screen_mapping` values ('181','78','6','on','11','4','6');

/*Table structure for table `tmp_web_role_screen_mapping` */

DROP TABLE IF EXISTS `tmp_web_role_screen_mapping`;

CREATE TABLE `tmp_web_role_screen_mapping` (
  `roleId` varchar(250) DEFAULT NULL,
  `roleView` varchar(250) DEFAULT NULL,
  `moduleMappingId` varchar(250) DEFAULT NULL,
  `menuId` varchar(350) DEFAULT NULL,
  `screenId` varchar(250) DEFAULT NULL
) ENGINE=InnoDB DEFAULT CHARSET=latin1;

/*Data for the table `tmp_web_role_screen_mapping` */

insert  into `tmp_web_role_screen_mapping` values ('5','on','13','12','33'),('5','on','13','12','34'),('5','on','13','12','35'),('5','on','13','12','36');

/*Table structure for table `users` */

DROP TABLE IF EXISTS `users`;

CREATE TABLE `users` (
  `userId` int(11) unsigned NOT NULL AUTO_INCREMENT,
  `ouId` int(11) NOT NULL,
  `buId` int(11) NOT NULL,
  `roleId` int(11) DEFAULT NULL,
  `firstName` varchar(45) DEFAULT NULL,
  `lastName` varchar(45) DEFAULT NULL,
  `tel` varchar(20) DEFAULT NULL,
  `mobile` varchar(255) DEFAULT NULL,
  `email` varchar(100) DEFAULT NULL,
  `userName` varchar(50) DEFAULT NULL,
  `password` varchar(50) DEFAULT NULL,
  `department` varchar(255) DEFAULT NULL,
  `designation` varchar(255) DEFAULT NULL,
  `reportingTo` varchar(255) DEFAULT NULL,
  `block` enum('on','off') DEFAULT 'off',
  `deleted` enum('on','off') DEFAULT 'off',
  `createdBy` int(11) DEFAULT NULL,
  `creationDate` datetime DEFAULT CURRENT_TIMESTAMP,
  `updatedBy` int(11) DEFAULT NULL,
  `updatedDate` timestamp NOT NULL DEFAULT CURRENT_TIMESTAMP ON UPDATE CURRENT_TIMESTAMP,
  `userLastip` int(11) DEFAULT NULL,
  `UserType` varchar(25) DEFAULT NULL,
  `employeeId` int(11) DEFAULT NULL,
  `DefaultDashboard` varchar(255) DEFAULT NULL,
  `apnId` varchar(255) DEFAULT 'N' COMMENT 'Y:yes,N:no',
  `gcmId` varchar(255) DEFAULT NULL,
  `paymentMade` enum('Y','N') DEFAULT 'Y',
  PRIMARY KEY (`userId`)
) ENGINE=InnoDB AUTO_INCREMENT=1181 DEFAULT CHARSET=latin1;

/*Data for the table `users` */

insert  into `users` values (1,177,74,6,'Mayank Dixit',NULL,NULL,'9650856666','mayank.dixit@tenonservices.com','Mayank Dixit','123456','506','556',NULL,'off','off',NULL,'2017-07-03 18:35:33',NULL,'2017-07-04 09:40:30',NULL,'user',1,NULL,'N','eAd6xfwTdX4:APA91bE9GWu35ggkKRUaohTQGTuXfRuCo1hR_jyP6ME-Kz66yy2dtoF2jiugO2f1aHhUUCr1OIL9pVyzXYQFHAhONTgd1_XGsa1To1M1_DGN3XmwtUyMdyi54IdJrqRbWghGg9FvAYEO','Y'),(2,177,74,6,'Manoj Singh',NULL,NULL,'9560694411','manoj.singh@tenonservices.com','Manoj Singh','123456','506','555',NULL,'off','off',NULL,'2017-07-03 18:35:33',NULL,'2017-08-25 16:07:07',NULL,'user',2,NULL,'N','cbmueegMAnE:APA91bGY8bwvAipOOU3fccpcjcxIonCJTFyyFhNdk70HosqYg2cARV-3dkle3tvwYaTfKkI7r2A4r4Cldl7J9Q9A-hejQUtpmyrruQM_FUqU6cjLqa8y65ErNbobJSDvJwiOF09cHNNz','Y'),(3,177,74,6,'Alok Rout',NULL,NULL,'7506794040','Alok.rout@tenonservices.com','Alok Rout','123456','506','555',NULL,'off','off',NULL,'2017-07-03 18:35:33',NULL,'2017-07-03 13:05:34',NULL,'user',3,NULL,'N',NULL,'Y'),(4,177,74,6,'Bedabrata Rath',NULL,NULL,'9650796194','bedabrata.rath@tenonservices.com','Bedabrata Rath','123456','506','554',NULL,'off','off',NULL,'2017-07-03 18:35:33',NULL,'2017-07-12 15:27:32',NULL,'user',4,NULL,'N','fdNP-ToeaGw:APA91bHUvgLsYl7RKmcslEMFGH6kuHSCrVZcUOmqZRT3n90UGq7Pg7CEmcaUdtQ8-AOVATiRiOTDmkvoIDVXwovtyQXqkr0NQg5jGfBy3yMPJLvFgXR9czze_shBWT3udZ2tiHozdoPw','Y'),(5,177,74,6,'Ashish Dixit',NULL,NULL,'8187991000','ashish.dixit@tenonservices.com','Ashish Dixit','123456','506','554',NULL,'off','off',NULL,'2017-07-03 18:35:33',NULL,'2017-09-20 12:54:32',NULL,'user',5,NULL,'N','dTKgOEqyJzo:APA91bHcI6NfTFlYWj9zpgDVJzyNj4sC29BD4dB136P5QMuBDNQw09uwBF6dTLvjwXrxH7f-kQcDVMKFHIaY1ulGOTqKlOyEay_NI_cdYKHDp1gjArFyZyiAXCMXbz6G6oWi9eik2xnG','Y'),(6,177,74,6,'OBALDUR RAHMAN',NULL,NULL,'7836845935','','OBALDUR RAHMAN','123456','506','513',NULL,'off','off',NULL,'2017-07-03 18:35:33',NULL,'2017-07-03 13:05:34',NULL,'user',6,NULL,'N',NULL,'Y'),(7,177,74,6,'NAWSHAD SEKH',NULL,NULL,'7065329441','','NAWSHAD SEKH','123456','506','513',NULL,'off','off',NULL,'2017-07-03 18:35:33',NULL,'2017-07-03 13:05:35',NULL,'user',7,NULL,'N',NULL,'Y'),(8,177,74,6,'MINARUL ISLAM',NULL,NULL,'8377822494','','MINARUL ISLAM','123456','506','531',NULL,'off','off',NULL,'2017-07-03 18:35:33',NULL,'2017-07-03 13:05:35',NULL,'user',8,NULL,'N',NULL,'Y'),(9,177,74,6,'ARSHAD SEKH',NULL,NULL,'7742142555','','ARSHAD SEKH','123456','506','513',NULL,'off','off',NULL,'2017-07-03 18:35:33',NULL,'2017-07-03 13:05:35',NULL,'user',9,NULL,'N',NULL,'Y'),(10,177,74,6,'DEVI LAL',NULL,NULL,'8860574234','','DEVI LAL','123456','506','531',NULL,'off','off',NULL,'2017-07-03 18:35:33',NULL,'2017-07-03 13:05:35',NULL,'user',10,NULL,'N',NULL,'Y'),(11,177,74,6,'Manish Kumar',NULL,NULL,'9205106905','','Manish Kumar','123456','506','513',NULL,'off','off',NULL,'2017-07-03 18:35:33',NULL,'2017-07-03 13:05:35',NULL,'user',11,NULL,'N',NULL,'Y'),(12,177,74,6,'DEEPAK',NULL,NULL,'8285697874','','DEEPAK','123456','506','513',NULL,'off','off',NULL,'2017-07-03 18:35:33',NULL,'2017-07-03 13:05:35',NULL,'user',12,NULL,'N',NULL,'Y'),(13,177,74,6,'REJAUL ISLAM',NULL,NULL,'8287876584','','REJAUL ISLAM','123456','506','513',NULL,'off','off',NULL,'2017-07-03 18:35:33',NULL,'2017-07-03 13:05:35',NULL,'user',13,NULL,'N',NULL,'Y'),(14,177,74,6,'Farid Sekh',NULL,NULL,'8609182795','','Farid Sekh','123456','506','513',NULL,'off','off',NULL,'2017-07-03 18:35:33',NULL,'2017-07-03 13:05:35',NULL,'user',14,NULL,'N',NULL,'Y'),(15,177,74,6,'Sonarul Islam',NULL,NULL,'9555312408','','Sonarul Islam','123456','506','513',NULL,'off','off',NULL,'2017-07-03 18:35:33',NULL,'2017-07-03 13:05:35',NULL,'user',15,NULL,'N',NULL,'Y'),(16,177,74,6,'Tinku',NULL,NULL,'9891783748','','Tinku','123456','506','513',NULL,'off','off',NULL,'2017-07-03 18:35:34',NULL,'2017-07-03 13:05:35',NULL,'user',16,NULL,'N',NULL,'Y'),(17,177,74,6,'SANIJ AKHTAR',NULL,NULL,'8826832798','','SANIJ AKHTAR','123456','506','513',NULL,'off','off',NULL,'2017-07-03 18:35:34',NULL,'2017-07-03 13:05:35',NULL,'user',17,NULL,'N',NULL,'Y'),(18,177,74,6,'BAJRANGI DAS',NULL,NULL,'7838710128','','BAJRANGI DAS','123456','506','513',NULL,'off','off',NULL,'2017-07-03 18:35:34',NULL,'2017-07-03 13:05:35',NULL,'user',18,NULL,'N',NULL,'Y'),(19,177,74,6,'RAJVEER SINGH',NULL,NULL,'9891611189','','RAJVEER SINGH','123456','506','551',NULL,'off','off',NULL,'2017-07-03 18:35:34',NULL,'2017-07-03 13:05:35',NULL,'user',19,NULL,'N',NULL,'Y'),(20,177,74,6,'ABDUL WAHIB',NULL,NULL,'7557225215','','ABDUL WAHIB','123456','506','531',NULL,'off','off',NULL,'2017-07-03 18:35:34',NULL,'2017-07-03 13:05:35',NULL,'user',20,NULL,'N',NULL,'Y'),(21,177,74,6,'Munni Devi',NULL,NULL,'8287633892','','Munni Devi','123456','506','533',NULL,'off','off',NULL,'2017-07-03 18:35:34',NULL,'2017-07-03 13:05:35',NULL,'user',21,NULL,'N',NULL,'Y'),(22,177,74,6,'PINTU DAS',NULL,NULL,'7065267576','','PINTU DAS','123456','506','531',NULL,'off','off',NULL,'2017-07-03 18:35:34',NULL,'2017-07-03 13:05:35',NULL,'user',22,NULL,'N',NULL,'Y'),(23,177,74,6,'KAPIL CHAND',NULL,NULL,'8882127605','','KAPIL CHAND','123456','506','531',NULL,'off','off',NULL,'2017-07-03 18:35:34',NULL,'2017-07-03 13:05:35',NULL,'user',23,NULL,'N',NULL,'Y'),(24,177,74,6,'MITHUN GHOSH',NULL,NULL,'9015378423','','MITHUN GHOSH','123456','506','513',NULL,'off','off',NULL,'2017-07-03 18:35:34',NULL,'2017-07-03 13:05:35',NULL,'user',24,NULL,'N',NULL,'Y'),(25,177,74,6,'REJA HOSSAIN',NULL,NULL,'8447376539','','REJA HOSSAIN','123456','506','531',NULL,'off','off',NULL,'2017-07-03 18:35:34',NULL,'2017-07-03 13:05:35',NULL,'user',25,NULL,'N',NULL,'Y'),(26,177,74,6,'RAKIB ALI',NULL,NULL,'7838880254','','RAKIB ALI','123456','506','531',NULL,'off','off',NULL,'2017-07-03 18:35:34',NULL,'2017-07-03 13:05:36',NULL,'user',26,NULL,'N',NULL,'Y'),(27,177,74,6,'Irsad Hossain',NULL,NULL,'9564824214','','Irsad Hossain','123456','506','531',NULL,'off','off',NULL,'2017-07-03 18:35:34',NULL,'2017-07-03 13:05:36',NULL,'user',27,NULL,'N',NULL,'Y'),(28,177,74,6,'SOURAV',NULL,NULL,'9891400236','','SOURAV','123456','506','513',NULL,'off','off',NULL,'2017-07-03 18:35:34',NULL,'2017-07-03 13:05:36',NULL,'user',28,NULL,'N',NULL,'Y'),(29,177,74,6,'RAKESH SHUKLA',NULL,NULL,'7532944031','','RAKESH SHUKLA','123456','506','532',NULL,'off','off',NULL,'2017-07-03 18:35:34',NULL,'2017-07-03 13:05:36',NULL,'user',29,NULL,'N',NULL,'Y'),(30,177,74,6,'TALEB ALI',NULL,NULL,'8802779849','','TALEB ALI','123456','506','513',NULL,'off','off',NULL,'2017-07-03 18:35:34',NULL,'2017-07-03 13:05:36',NULL,'user',30,NULL,'N',NULL,'Y'),(31,177,74,6,'MD. AJAUL HOQUE',NULL,NULL,'9599965411','','MD. AJAUL HOQUE','123456','506','513',NULL,'off','off',NULL,'2017-07-03 18:35:34',NULL,'2017-07-03 13:05:36',NULL,'user',31,NULL,'N',NULL,'Y'),(32,177,74,6,'CHANDRADIP KHALKHO',NULL,NULL,'9654212894','','CHANDRADIP KHALKHO','123456','506','513',NULL,'off','off',NULL,'2017-07-03 18:35:34',NULL,'2017-07-03 13:05:36',NULL,'user',32,NULL,'N',NULL,'Y'),(33,177,74,6,'HASIBUL SEKH',NULL,NULL,'9650787215','','HASIBUL SEKH','123456','506','513',NULL,'off','off',NULL,'2017-07-03 18:35:34',NULL,'2017-07-03 13:05:36',NULL,'user',33,NULL,'N',NULL,'Y'),(34,177,74,6,'SEKH ECHHOB',NULL,NULL,'8882493811','','SEKH ECHHOB','123456','506','513',NULL,'off','off',NULL,'2017-07-03 18:35:34',NULL,'2017-07-03 13:05:36',NULL,'user',34,NULL,'N',NULL,'Y'),(35,177,74,6,'MAJIBUR RAHAMAN',NULL,NULL,'8882270460','','MAJIBUR RAHAMAN','123456','506','513',NULL,'off','off',NULL,'2017-07-03 18:35:35',NULL,'2017-07-03 13:05:36',NULL,'user',35,NULL,'N',NULL,'Y'),(36,177,74,6,'CHIRANJIT GHOSH',NULL,NULL,'8800429862','','CHIRANJIT GHOSH','123456','506','513',NULL,'off','off',NULL,'2017-07-03 18:35:35',NULL,'2017-07-03 13:05:36',NULL,'user',36,NULL,'N',NULL,'Y'),(37,177,74,6,'BALVEER SINGH',NULL,NULL,'7042369754','','BALVEER SINGH','123456','506','527',NULL,'off','off',NULL,'2017-07-03 18:35:35',NULL,'2017-07-03 13:05:36',NULL,'user',37,NULL,'N',NULL,'Y'),(38,177,74,6,'Rabendra',NULL,NULL,'7533039788','','Rabendra','123456','506','513',NULL,'off','off',NULL,'2017-07-03 18:35:35',NULL,'2017-07-03 13:05:36',NULL,'user',38,NULL,'N',NULL,'Y'),(39,177,74,6,'Ramkumar',NULL,NULL,'9560181323','','Ramkumar','123456','506','513',NULL,'off','off',NULL,'2017-07-03 18:35:35',NULL,'2017-07-03 13:05:36',NULL,'user',39,NULL,'N',NULL,'Y'),(40,177,74,6,'Janak Chouhan',NULL,NULL,'8800459352','','Janak Chouhan','123456','506','513',NULL,'off','off',NULL,'2017-07-03 18:35:35',NULL,'2017-07-03 13:05:36',NULL,'user',40,NULL,'N',NULL,'Y'),(41,177,74,6,'ASHOK',NULL,NULL,'8745042781','','ASHOK','123456','506','513',NULL,'off','off',NULL,'2017-07-03 18:35:35',NULL,'2017-07-03 13:05:36',NULL,'user',41,NULL,'N',NULL,'Y'),(42,177,74,6,'SUSHIL BAG',NULL,NULL,'9002168200','','SUSHIL BAG','123456','506','513',NULL,'off','off',NULL,'2017-07-03 18:35:35',NULL,'2017-07-03 13:05:36',NULL,'user',42,NULL,'N',NULL,'Y'),(43,177,74,6,'MUKTHAR HOSSAIN',NULL,NULL,'9873007190','','MUKTHAR HOSSAIN','123456','506','513',NULL,'off','off',NULL,'2017-07-03 18:35:35',NULL,'2017-07-03 13:05:36',NULL,'user',43,NULL,'N',NULL,'Y'),(44,177,74,6,'Sandeep Kumar',NULL,NULL,'9813252772','','Sandeep Kumar','123456','506','513',NULL,'off','off',NULL,'2017-07-03 18:35:35',NULL,'2017-07-03 13:05:36',NULL,'user',44,NULL,'N',NULL,'Y'),(45,177,74,6,'DHARMENDRA KUMAR',NULL,NULL,'844933545','','DHARMENDRA KUMAR','123456','506','513',NULL,'off','off',NULL,'2017-07-03 18:35:35',NULL,'2017-07-03 13:05:37',NULL,'user',45,NULL,'N',NULL,'Y'),(46,177,74,6,'BIRBAL MARDI',NULL,NULL,'7210915207','','BIRBAL MARDI','123456','506','513',NULL,'off','off',NULL,'2017-07-03 18:35:35',NULL,'2017-07-03 13:05:37',NULL,'user',46,NULL,'N',NULL,'Y'),(47,177,74,6,'ALAUDDIN MIA',NULL,NULL,'8802187545','','ALAUDDIN MIA','123456','506','513',NULL,'off','off',NULL,'2017-07-03 18:35:35',NULL,'2017-07-03 13:05:37',NULL,'user',47,NULL,'N',NULL,'Y'),(48,177,74,6,'Deepak Tanwar',NULL,NULL,'9599607594','','Deepak Tanwar','123456','506','513',NULL,'off','off',NULL,'2017-07-03 18:35:35',NULL,'2017-07-03 13:05:37',NULL,'user',48,NULL,'N',NULL,'Y'),(49,177,74,6,'SANOJIT ROUTH',NULL,NULL,'7838306775','','SANOJIT ROUTH','123456','506','535',NULL,'off','off',NULL,'2017-07-03 18:35:35',NULL,'2017-07-03 13:05:37',NULL,'user',49,NULL,'N',NULL,'Y'),(50,177,74,6,'SURAJ PAL',NULL,NULL,'9910564682','','SURAJ PAL','123456','506','513',NULL,'off','off',NULL,'2017-07-03 18:35:35',NULL,'2017-07-03 13:05:37',NULL,'user',50,NULL,'N',NULL,'Y'),(51,177,74,6,'Gulshan Zareen Khan',NULL,NULL,'9810814984','','Gulshan Zareen Khan','123456','506','529',NULL,'off','off',NULL,'2017-07-03 18:35:35',NULL,'2017-07-03 13:05:37',NULL,'user',51,NULL,'N',NULL,'Y'),(52,177,74,6,'JITENDRA SRIVASTAVA',NULL,NULL,'9811905266','','JITENDRA SRIVASTAVA','123456','506','545',NULL,'off','off',NULL,'2017-07-03 18:35:35',NULL,'2017-07-03 13:05:37',NULL,'user',52,NULL,'N',NULL,'Y'),(53,177,74,6,'SONU',NULL,NULL,'9871855161','','SONU','123456','506','531',NULL,'off','off',NULL,'2017-07-03 18:35:35',NULL,'2017-07-13 11:26:16',NULL,'user',53,NULL,'N','ctHJLxIR3lQ:APA91bFkhiQ5w2KtSJ-zlEwdVTA8b37OZgLpaY4L1B05P7nvnZSDbQpR3ywYSx1vqSAoEktd3-nnYMOGhxUYSXeI744yNY0XkhkkUl9iLKUjyzxx9zWL1FTTiAxBfNTT54o7PnZ6Dmfe','Y'),(54,177,74,6,'Sandeep Kumar',NULL,NULL,'9050555095','','Sandeep Kumar','123456','506','525',NULL,'off','off',NULL,'2017-07-03 18:35:36',NULL,'2017-07-03 13:05:37',NULL,'user',54,NULL,'N',NULL,'Y'),(55,177,74,6,'Rajendar Yadav',NULL,NULL,'9650960931','','Rajendar Yadav','123456','506','525',NULL,'off','off',NULL,'2017-07-03 18:35:36',NULL,'2017-07-03 13:05:37',NULL,'user',55,NULL,'N',NULL,'Y'),(56,177,74,6,'Ambuj',NULL,NULL,'7210435351','','Ambuj','123456','506','525',NULL,'off','off',NULL,'2017-07-03 18:35:36',NULL,'2017-07-03 13:05:37',NULL,'user',56,NULL,'N',NULL,'Y'),(57,177,74,6,'Chander Prakash',NULL,NULL,'9560218221','','Chander Prakash','123456','506','525',NULL,'off','off',NULL,'2017-07-03 18:35:36',NULL,'2017-07-03 13:05:37',NULL,'user',57,NULL,'N',NULL,'Y'),(58,177,74,6,'Mahanand Mishra',NULL,NULL,'8527505944','','Mahanand Mishra','123456','506','525',NULL,'off','off',NULL,'2017-07-03 18:35:36',NULL,'2017-07-03 13:05:37',NULL,'user',58,NULL,'N',NULL,'Y'),(59,177,74,6,'Brijesh',NULL,NULL,'9599756492','','Brijesh','123456','506','525',NULL,'off','off',NULL,'2017-07-03 18:35:36',NULL,'2017-07-03 13:05:37',NULL,'user',59,NULL,'N',NULL,'Y'),(60,177,74,6,'Sulinder Choudhary',NULL,NULL,'8587828550','','Sulinder Choudhary','123456','506','525',NULL,'off','off',NULL,'2017-07-03 18:35:36',NULL,'2017-07-03 13:05:37',NULL,'user',60,NULL,'N',NULL,'Y'),(61,177,74,6,'Nitish Kumar',NULL,NULL,'9910947221','','Nitish Kumar','123456','506','525',NULL,'off','off',NULL,'2017-07-03 18:35:36',NULL,'2017-07-03 13:05:37',NULL,'user',61,NULL,'N',NULL,'Y'),(62,177,74,6,'Sanjay Tiwari',NULL,NULL,'9555223127','','Sanjay Tiwari','123456','506','525',NULL,'off','off',NULL,'2017-07-03 18:35:36',NULL,'2017-07-03 13:05:37',NULL,'user',62,NULL,'N',NULL,'Y'),(63,177,74,6,'Santosh Ram',NULL,NULL,'9718987715','','Santosh Ram','123456','506','525',NULL,'off','off',NULL,'2017-07-03 18:35:36',NULL,'2017-07-03 13:05:38',NULL,'user',63,NULL,'N',NULL,'Y'),(64,177,74,6,'Ramakant',NULL,NULL,'7531907565','','Ramakant','123456','506','525',NULL,'off','off',NULL,'2017-07-03 18:35:36',NULL,'2017-07-03 13:05:38',NULL,'user',64,NULL,'N',NULL,'Y'),(65,177,74,6,'Arvind Kumar Yadav',NULL,NULL,'8800755398','','Arvind Kumar Yadav','123456','506','525',NULL,'off','off',NULL,'2017-07-03 18:35:36',NULL,'2017-07-03 13:05:38',NULL,'user',65,NULL,'N',NULL,'Y'),(66,177,74,6,'Arvind Kumar Verma',NULL,NULL,'9810488921','','Arvind Kumar Verma','123456','506','524',NULL,'off','off',NULL,'2017-07-03 18:35:36',NULL,'2017-07-03 13:05:38',NULL,'user',66,NULL,'N',NULL,'Y'),(67,177,74,6,'Tanmaya Panigrahi',NULL,NULL,'9078885126','tanamaya.panigrahi@rotopower.in','Tanmaya Panigrahi','123456','506','554',NULL,'off','off',NULL,'2017-07-03 18:35:36',NULL,'2017-07-03 13:05:38',NULL,'user',67,NULL,'N',NULL,'Y'),(68,177,74,6,'Nirakar Singh',NULL,NULL,'9078885124','Nirakar.rout@tenonservices.com','Nirakar Singh','123456','506','554',NULL,'off','off',NULL,'2017-07-03 18:35:36',NULL,'2017-07-03 13:05:38',NULL,'user',68,NULL,'N',NULL,'Y'),(69,177,74,6,'VISHAL SRIVASTAVA',NULL,NULL,'9416177199','akashbarda@rediffmail.com','VISHAL SRIVASTAVA','123456','506','523',NULL,'off','off',NULL,'2017-07-03 18:35:36',NULL,'2017-07-03 13:05:38',NULL,'user',69,NULL,'N',NULL,'Y'),(70,177,74,6,'Nand','Kishor',NULL,'8560088495','akashbarda@rediffmail.com','Nand Kishor','123456','506','532',NULL,'off','off',NULL,'2017-07-03 18:35:36',NULL,'2017-10-10 07:13:40',NULL,'user',70,NULL,'N','emvr_dET-N4:APA91bGFkdt-0UyQjK8dcBg7sKiNoQaCwC0efZOfVKkKrEc3PQ5E9e4ONXk5wlfWdsvFtHk103ORPmJDRwim1Ejfqj1g_tLR0Vqkma7gVITcJ1rgVmYUk1DrWtR2isvdgAhzVFpBtfJk','Y'),(71,177,74,6,'Ankit','Yadav',NULL,'8115661564','akashbarda@rediffmail.com','Ankit Yadav','123456','506','552',NULL,'off','off',NULL,'2017-07-03 18:35:36',NULL,'2017-09-19 10:56:06',NULL,'user',71,NULL,'N','c_4vIsqbVIw:APA91bE6JukemFjODQDVTUkRg6P-WjmCB9Qls7mLBXKaQTEZGKCyEIUKCw42qVXY6Tf2r8n5IkVRjn8m8PDXEvX2mTrFz8DP9LltKAc_OSytFFdvUw_81D3T6w7lHV1ebDMMdBoUGyZm','Y'),(72,177,74,6,'Davinder Singh',NULL,NULL,'9811086412','davinder.kumar@tenonservices.com','Davinder Singh','123456','506','554',NULL,'off','off',NULL,'2017-07-03 18:35:37',NULL,'2017-09-15 04:11:24',NULL,'user',72,NULL,'N','eUILnRCMmXI:APA91bEA1yxU1VxalTOFb5fdqoPWXHZw_vhj5wnIKSqPJvUnf3idaqaGlwk8watT8CeHW-S8p0LGFY_yvL-oUOpEs3IUN_lcLp9WWF5imMOTQauRJHtO3_y5_ULjkfOyuGUI5hGw6nR5','Y'),(73,177,74,6,'Sumit Tanwar',NULL,NULL,'9971940073','akashbarda@rediffmail.com','Sumit Tanwar','123456','506','532',NULL,'off','off',NULL,'2017-07-03 18:35:37',NULL,'2017-07-03 13:05:38',NULL,'user',73,NULL,'N',NULL,'Y'),(74,177,74,6,'Narendra Singh Bhakuni',NULL,NULL,'9654469217','akashbarda@rediffmail.com','Narendra Singh Bhakuni','123456','506','531',NULL,'off','off',NULL,'2017-07-03 18:35:37',NULL,'2017-07-03 13:05:38',NULL,'user',74,NULL,'N',NULL,'Y'),(75,177,74,6,'Vinod',NULL,NULL,'7290881640','akashbarda@rediffmail.com','Vinod','123456','506','513',NULL,'off','off',NULL,'2017-07-03 18:35:37',NULL,'2017-07-03 13:05:38',NULL,'user',75,NULL,'N',NULL,'Y'),(76,177,74,6,'Vinay Kumar',NULL,NULL,'7210187235','akashbarda@rediffmail.com','Vinay Kumar','123456','506','513',NULL,'off','off',NULL,'2017-07-03 18:35:37',NULL,'2017-07-03 13:05:38',NULL,'user',76,NULL,'N',NULL,'Y'),(77,177,74,6,'RAM PRATAP SINGH',NULL,NULL,'9871383980','akashbarda@rediffmail.com','RAM PRATAP SINGH','123456','506','551',NULL,'off','off',NULL,'2017-07-03 18:35:37',NULL,'2017-07-03 13:05:38',NULL,'user',77,NULL,'N',NULL,'Y'),(78,177,74,6,'PUSHKAR',NULL,NULL,'8287849207','akashbarda@rediffmail.com','PUSHKAR','123456','506','513',NULL,'off','off',NULL,'2017-07-03 18:35:37',NULL,'2017-07-03 13:05:38',NULL,'user',78,NULL,'N',NULL,'Y'),(79,177,74,6,'VISHAL GOSWAMI',NULL,NULL,'9650789321','akashbarda@rediffmail.com','VISHAL GOSWAMI','123456','506','531',NULL,'off','off',NULL,'2017-07-03 18:35:37',NULL,'2017-07-03 13:05:38',NULL,'user',79,NULL,'N',NULL,'Y'),(80,177,74,6,'VINOD KUMAR',NULL,NULL,'8287690500','akashbarda@rediffmail.com','VINOD KUMAR','123456','506','513',NULL,'off','off',NULL,'2017-07-03 18:35:37',NULL,'2017-07-03 13:05:38',NULL,'user',80,NULL,'N',NULL,'Y'),(81,177,74,6,'MAHANNAD BHUIYA',NULL,NULL,'9716645065','akashbarda@rediffmail.com','MAHANNAD BHUIYA','123456','506','513',NULL,'off','off',NULL,'2017-07-03 18:35:37',NULL,'2017-07-03 13:05:38',NULL,'user',81,NULL,'N',NULL,'Y'),(82,177,74,6,'SURESH SINGH',NULL,NULL,'7858843801','akashbarda@rediffmail.com','SURESH SINGH','123456','506','513',NULL,'off','off',NULL,'2017-07-03 18:35:37',NULL,'2017-07-03 13:05:39',NULL,'user',82,NULL,'N',NULL,'Y'),(83,177,74,6,'BABURAM',NULL,NULL,'9953638830','akashbarda@rediffmail.com','BABURAM','123456','506','531',NULL,'off','off',NULL,'2017-07-03 18:35:37',NULL,'2017-07-03 13:05:39',NULL,'user',83,NULL,'N',NULL,'Y'),(84,177,74,6,'SAGAR BARMAN',NULL,NULL,'9717159680','akashbarda@rediffmail.com','SAGAR BARMAN','123456','506','513',NULL,'off','off',NULL,'2017-07-03 18:35:37',NULL,'2017-07-03 13:05:39',NULL,'user',84,NULL,'N',NULL,'Y'),(85,177,74,6,'MANGALDIP ROY',NULL,NULL,'8745923446','akashbarda@rediffmail.com','MANGALDIP ROY','123456','506','513',NULL,'off','off',NULL,'2017-07-03 18:35:37',NULL,'2017-07-03 13:05:39',NULL,'user',85,NULL,'N',NULL,'Y'),(86,177,74,6,'JOHAN BODRA',NULL,NULL,'9871675002','akashbarda@rediffmail.com','JOHAN BODRA','123456','506','513',NULL,'off','off',NULL,'2017-07-03 18:35:37',NULL,'2017-07-03 13:05:39',NULL,'user',86,NULL,'N',NULL,'Y'),(87,177,74,6,'ASIM KHLKHO',NULL,NULL,'9910271406','akashbarda@rediffmail.com','ASIM KHLKHO','123456','506','513',NULL,'off','off',NULL,'2017-07-03 18:35:37',NULL,'2017-07-03 13:05:39',NULL,'user',87,NULL,'N',NULL,'Y'),(88,177,74,6,'BENSEN HASHA',NULL,NULL,'7531041096','akashbarda@rediffmail.com','BENSEN HASHA','123456','506','513',NULL,'off','off',NULL,'2017-07-03 18:35:37',NULL,'2017-07-03 13:05:39',NULL,'user',88,NULL,'N',NULL,'Y'),(89,177,74,6,'JYOTI DEVI',NULL,NULL,'8582029710','akashbarda@rediffmail.com','JYOTI DEVI','123456','506','533',NULL,'off','off',NULL,'2017-07-03 18:35:37',NULL,'2017-07-03 13:05:39',NULL,'user',89,NULL,'N',NULL,'Y'),(90,177,74,6,'RINA MAJUMDAR',NULL,NULL,'9899245164','akashbarda@rediffmail.com','RINA MAJUMDAR','123456','506','533',NULL,'off','off',NULL,'2017-07-03 18:35:37',NULL,'2017-07-03 13:05:39',NULL,'user',90,NULL,'N',NULL,'Y'),(91,177,74,6,'PRAMOD KUMAR',NULL,NULL,'9910374703','akashbarda@rediffmail.com','PRAMOD KUMAR','123456','506','531',NULL,'off','off',NULL,'2017-07-03 18:35:38',NULL,'2017-07-03 13:05:39',NULL,'user',91,NULL,'N',NULL,'Y'),(92,177,74,6,'Ajay Gorait',NULL,NULL,'7838306379','akashbarda@rediffmail.com','Ajay Gorait','123456','506','531',NULL,'off','off',NULL,'2017-07-03 18:35:38',NULL,'2017-07-04 10:23:56',NULL,'user',92,NULL,'N','dzhdaKOROSE:APA91bEw5Iceuvw5VvvrjVPIOHfgKkAuJ6HtcgWTRBQWMW-9MOHLp-kKM3CDX7z66BieFv-Fib4-HYhLO8odUMvEpgzGGHJcWItPw5TCc-FH10sCpEaTkhLH-gGS3OWPy-Fq45IU5c8J','Y'),(93,177,74,6,'SIIYA RAM',NULL,NULL,'9711836553','akashbarda@rediffmail.com','SIIYA RAM','123456','506','522',NULL,'off','off',NULL,'2017-07-03 18:35:38',NULL,'2017-07-03 13:05:39',NULL,'user',93,NULL,'N',NULL,'Y'),(94,177,74,6,'Deepak Kumar',NULL,NULL,'9650104514','choudharydk308@gmail.com','Deepak Kumar','123456','506','532',NULL,'off','off',NULL,'2017-07-03 18:35:38',NULL,'2017-07-03 13:05:39',NULL,'user',94,NULL,'N',NULL,'Y'),(95,177,74,6,'Hariom sharma',NULL,NULL,'9718183468','akashbarda@rediffmail.com','Hariom sharma','123456','506','513',NULL,'off','off',NULL,'2017-07-03 18:35:38',NULL,'2017-07-03 13:05:39',NULL,'user',95,NULL,'N',NULL,'Y'),(96,177,74,6,'SHALU',NULL,NULL,'9717983193','akashbarda@rediffmail.com','SHALU','123456','506','513',NULL,'off','off',NULL,'2017-07-03 18:35:38',NULL,'2017-07-03 13:05:39',NULL,'user',96,NULL,'N',NULL,'Y'),(97,177,74,6,'SUKAN ROOPCHAND',NULL,NULL,'9015358069','akashbarda@rediffmail.com','SUKAN ROOPCHAND','123456','506','513',NULL,'off','off',NULL,'2017-07-03 18:35:38',NULL,'2017-07-03 13:05:39',NULL,'user',97,NULL,'N',NULL,'Y'),(98,177,74,6,'CHANDER BHAN',NULL,NULL,'8860648834','akashbarda@rediffmail.com','CHANDER BHAN','123456','506','513',NULL,'off','off',NULL,'2017-07-03 18:35:38',NULL,'2017-07-03 13:05:39',NULL,'user',98,NULL,'N',NULL,'Y'),(99,177,74,6,'Akash Kumar',NULL,NULL,'8569944801','Akash.kumar@tenonservices.com','Akash Kumar','123456','506','554',NULL,'off','off',NULL,'2017-07-03 18:35:38',NULL,'2017-10-09 14:37:48',NULL,'user',99,NULL,'N','dx-vS9CB9ac:APA91bG0sBfDFHO2iITudS5GShswxnn9MGuwA1eAZS5pUkilB-jbQjvRQrLuORXlUVyU8c8uENVzwXLEHxj_lCYprr8pTu8y6HfTufaFVXrv0QeNshTGT7w8vZeT8faxw9lYtm6z8lWY','Y'),(100,177,74,6,'Sangram Dhar',NULL,NULL,'9717002222','sangram.dhar@tenonservices.com','Sangram Dhar','123456','548','549',NULL,'off','off',NULL,'2017-07-03 18:35:38',NULL,'2017-07-03 13:05:39',NULL,'user',100,NULL,'N',NULL,'Y'),(101,177,74,6,'Angad Rajain',NULL,NULL,'9650800011','angad.rajain@tenonservices.com','Angad Rajain','123456','548','550',NULL,'off','off',NULL,'2017-07-03 18:35:38',NULL,'2017-07-03 13:54:52',NULL,'user',101,NULL,'N','fdNP-ToeaGw:APA91bHUvgLsYl7RKmcslEMFGH6kuHSCrVZcUOmqZRT3n90UGq7Pg7CEmcaUdtQ8-AOVATiRiOTDmkvoIDVXwovtyQXqkr0NQg5jGfBy3yMPJLvFgXR9czze_shBWT3udZ2tiHozdoPw','Y'),(102,177,74,6,'Rajesh','Prasad',NULL,'9627943831','rajes2580@gmail.com','Rajesh Prasad','123456','506','551',NULL,'off','off',NULL,'2017-07-03 18:35:38',NULL,'2017-08-08 08:02:09',NULL,'user',102,NULL,'N','czcSJIfzWPk:APA91bEmJoPGHgyn_KXJBcrCJ3hcLc0GhK0Z4HeLQikn6irPnA8AILGw9SYjAizp5O5EQC2ldna4e3s_5ykUVdYKffwYPcz5dpWtJ91s881MCVhX74y4DxX_SXzxPiwZMvSMvk0O7AXZ','Y'),(103,177,74,6,'Naresh Chand',NULL,NULL,'9650796200','nareschand9650@gmail.com','Naresh Chand','123456','506','552',NULL,'off','off',NULL,'2017-07-03 18:35:38',NULL,'2017-08-28 08:43:50',NULL,'user',103,NULL,'N','fk6wIBO7sbw:APA91bH3XobwZBEWf3WUMO4blHPvtRUoRbRDPearekih2zRLgOs5o7plMwydmFUpANeXJRahIO96utdoWhO4AQUp_7UdurUXecILc-X-I2dz1QJPaHQ_PGRH5rx2s_WRGPSaKjcwaD45','Y'),(104,177,74,6,'Ved prakash',NULL,NULL,'9599204528','vedprakashholkar@gmail.com','Ved prakash','123456','506','551',NULL,'off','off',NULL,'2017-07-03 18:35:38',NULL,'2017-10-12 02:39:18',NULL,'user',104,NULL,'N','cpd-WYOwSgw:APA91bGuvxNKRz7w2sUmKIWzuoGPdOvnIaKhy5pwNzZaPYiFe2pe4ei8CMscozIqHutzCOBUqQAUpEhaUmAo5hv9DHwBA73oE36-CZWACl5wnh7GdeO9_tSGIgDRGi8lxkwS8v7mskkO','Y'),(105,177,74,6,'Korban Ali khan',NULL,NULL,'9650796148','korban.ali@tenonservices.com','Korban Ali khan','123456','506','554',NULL,'off','off',NULL,'2017-07-03 18:35:38',NULL,'2017-07-03 13:05:40',NULL,'user',105,NULL,'N',NULL,'Y'),(106,177,74,6,'Deepak Singh',NULL,NULL,'9555446585','deepak.singh@tenonservices.com','Deepak Singh','123456','506','553',NULL,'off','off',NULL,'2017-07-03 18:35:38',NULL,'2017-07-03 13:05:40',NULL,'user',106,NULL,'N',NULL,'Y'),(107,177,74,6,'Prem','Chand',NULL,'8445708555','premaaashishmbd@gmail.com','Prem Chand','123456','506','532',NULL,'off','off',NULL,'2017-07-03 18:35:38',NULL,'2017-08-22 07:18:28',NULL,'user',107,NULL,'N','ctZwK5hKSvE:APA91bFn6tk7U2kJoJPCitSGx9R5rkwxs5woeZhY-Se90Hnpc-kVI4rvmaIOaCv6bp1E2vWWz353Q17gruFeJWpTomOQeU8FkXzRMKD7RqyDA4hXnGMb-FuuYdoyjayfFgYL5gnIOYxT','Y'),(108,177,74,6,'Prakash Sethy',NULL,NULL,'9741287746','Prakashsethy88@gamil.com','Prakash Sethy','123456','506','552',NULL,'off','off',NULL,'2017-07-03 18:35:38',NULL,'2017-07-03 13:05:40',NULL,'user',108,NULL,'N',NULL,'Y'),(109,177,74,6,'Dalip','Kumar',NULL,'9799345218','kittu111211@gmail.com','Dalip Kumar','123456','506','532',NULL,'off','off',NULL,'2017-07-03 18:35:39',NULL,'2017-09-20 05:58:32',NULL,'user',109,NULL,'N','eblfmcahyfI:APA91bFdwTjLn8Va_QF-qXrzbvgjrKLHafSV4MBR_qDaV35_IokoEvjXgaOMZoIb4qfDQCc4PdcrkLb9BzmwHo0RCVT_T1NGTxafD_JCLC-QDLO-D0fPV3V3QtO9V1_ZwpM0pUJZ3WqA','Y'),(110,177,74,6,'Bismaya Pradhan',NULL,NULL,'9206509769','jabamayee91@gmail.com','Bismaya Pradhan','123456','506','552',NULL,'off','off',NULL,'2017-07-03 18:35:39',NULL,'2017-07-03 13:05:40',NULL,'user',110,NULL,'N',NULL,'Y'),(111,177,74,6,'Babu Lal',NULL,NULL,'9571934301','sahulal1989@gmail.com','Babu Lal','123456','506','552',NULL,'off','off',NULL,'2017-07-03 18:35:39',NULL,'2017-07-11 07:00:07',NULL,'user',111,NULL,'N','d3Xfkx1-4og:APA91bGnSdc4NvR18wEngEiSBfQtQDi0eWz4vW7CNvqdSTbhUpmgeMxCARhfjG_sJgf8zGJ7vMWvaB6uHYaNIS6p-CCIumaQfh2BLRM04eYGmOOq3OCHMcr6IKCl214lc6jvRmGFXY4e','Y'),(112,177,74,6,'Rohit','Rohit',NULL,'9988067896','rohitchoudahary85@gmail.com','Rohit','123456','506','552',NULL,'off','off',NULL,'2017-07-03 18:35:39',NULL,'2017-10-13 04:49:40',NULL,'user',112,NULL,'N','c-RiY85JU_4:APA91bGrWWHfEKIxN7v0plst-za4RX0NOJ4P9pouwSqq6fhd-CDSfGyuQrM-sbbHTRpbs2iy8BoAlQTU4n4BIlILLGT7qcPvnqHTPeXKRx-449bfdO9Rs0M91lrmUmAG2HnNPLINsQah','Y'),(113,177,74,6,'Sanjeev','Ratan',NULL,'7888825224','sanjeevratan786100@gmail.com','Sanjeev Ratan','123456','506','532',NULL,'off','off',NULL,'2017-07-03 18:35:39',NULL,'2017-09-04 11:28:39',NULL,'user',113,NULL,'N','fEWEnuClmaU:APA91bG5ZUsgQSrxJkdxbukwBoDw32Oj-GmaMnzpWJdDj5b7zghFVAypnxrjSMEYVpHRyXtJRS3_S-_KCudwkV0H0vRH3B08dagLRudG0dbWgsw1Mt86hnTb3ElrfzPNRkvi0CY4N-SQ','Y'),(114,177,74,6,'Raju','Ram',NULL,'7814653427','rajuram1976@yahoo.in','Raju Ram','123456','506','532',NULL,'off','off',NULL,'2017-07-03 18:35:39',NULL,'2017-11-05 12:34:56',NULL,'user',114,NULL,'N','ehz9EZUXznc:APA91bHgNMi0qAgy_J0pbI9lCM6bN0DJABmFGzjy3YWccVhYVEdsVZnZGcXeKOpwjW7A8dbGtxBDgKAUqlEfhB-jlqe0eTvUkiXbLIi4lcyqYc3_c2fRfwUcNeJcyn7T0pdQopbFPgF2','Y'),(115,177,74,6,'Mahendra Sethi',NULL,NULL,'7022890372','Mahendra.sethi@tenonservices.c','Mahendra Sethi','123456','506','553',NULL,'off','off',NULL,'2017-07-03 18:35:39',NULL,'2017-07-03 13:05:40',NULL,'user',115,NULL,'N',NULL,'Y'),(116,177,74,6,'Raghvendra Kr. Singh',NULL,NULL,'9971116947','raghvendra@tenonservices.com','Raghvendra Kr. Singh','123456','506','554',NULL,'off','off',NULL,'2017-07-03 18:35:39',NULL,'2017-07-03 13:05:40',NULL,'user',116,NULL,'N',NULL,'Y'),(117,177,74,6,'Akshaya Pati',NULL,NULL,'9830508095','','Akshaya Pati','123456','506','554',NULL,'off','off',NULL,'2017-07-03 18:35:39',NULL,'2017-09-14 08:25:51',NULL,'user',117,NULL,'N','cxiPnpt9bbM:APA91bFf67XtVUXZi6DsT4Zu0HRitVA9kS9RR8JkWhegQS5OwVCkstC9m9XEvY1Vqz_gF0wNOutq-ifb2mj0gTs92cNkUAx0uffO7C0laN6DbkVpj0NnE4SCPebtC0nQILSeuArPQq9E','Y'),(118,177,74,6,'Birendra Panda',NULL,NULL,'8975966300','','Birendra Panda','123456','506','553',NULL,'off','off',NULL,'2017-07-03 18:35:39',NULL,'2017-07-03 13:05:40',NULL,'user',118,NULL,'N',NULL,'Y'),(119,177,74,6,'Dharmendra','Shekhawat',NULL,'8955608188','','Dharmendra Singh Shekhawat','123456','506','532',NULL,'off','off',NULL,'2017-07-03 18:35:39',NULL,'2017-09-22 08:13:47',NULL,'user',119,NULL,'N','cvfF1RKDKI8:APA91bF6K4IN5gW66HqlhBt2wwEXADa6I8u7ucRU_AXKQaTR4KUYsUHdQBa8U4afiKBj9MObJRX0QTomKKaJ3_YrUI98U4g0BRSSSKWK6LOI7PJIYWvFnJ8ZXStCF97cvx0OmvPUQLAF','Y'),(120,177,74,6,'Gopinath','Updhyaya',NULL,'8790167722','','Gopinath Updhyaya','123456','506','555',NULL,'off','off',NULL,'2017-07-03 18:35:39',NULL,'2017-07-26 12:31:48',NULL,'user',120,NULL,'N',NULL,'Y'),(121,177,74,6,'Prem','Priya',NULL,'9801061000','','Prem Priya','123456','506','532',NULL,'off','off',NULL,'2017-07-03 18:35:39',NULL,'2017-07-10 05:47:57',NULL,'user',121,NULL,'N',NULL,'Y'),(122,177,74,6,'Shyamsundar','Rana',NULL,'9884173363','','Shyamsundar Rana','123456','506','519',NULL,'off','off',NULL,'2017-07-03 18:35:39',NULL,'2017-07-10 05:56:50',NULL,'user',122,NULL,'N',NULL,'Y'),(123,177,74,6,'Sukant Samal',NULL,NULL,'9925376411','sukanta.samal@rotopower.in','Sukant Samal','123456','506','519',NULL,'off','off',NULL,'2017-07-03 18:35:39',NULL,'2017-07-03 13:05:41',NULL,'user',123,NULL,'N',NULL,'Y'),(124,177,74,6,'Suryamani',NULL,NULL,'9122306061','','Suryamani','123456','506','532',NULL,'off','off',NULL,'2017-07-03 18:35:39',NULL,'2017-07-03 13:05:41',NULL,'user',124,NULL,'N',NULL,'Y'),(125,177,74,6,'T.','Murli',NULL,'8297211880','','T. N Murli','123456','506','554',NULL,'off','off',NULL,'2017-07-03 18:35:39',NULL,'2017-08-08 10:20:47',NULL,'user',125,NULL,'N','e6PpCIp-ZVc:APA91bGvC_6eHeElXaIFqsFrClfU-9MGPUaJxwegqG5FlJXn5jPaDejoU1eCAFKJNzKjt-PPu-fddmuGDR6FOg63kcbHJdDDmNozQXuHbfA1NnS-JHgP6mb2cr9XDGM-A3ylG9iktbaE','Y'),(126,177,74,6,'Rafikul islam',NULL,NULL,'7274809341','','Rafikul islam','123456','506','531',NULL,'off','off',NULL,'2017-07-03 18:35:39',NULL,'2017-07-03 13:05:41',NULL,'user',126,NULL,'N',NULL,'Y'),(127,177,74,6,'Barun Kumar',NULL,NULL,'9350342211','','Barun Kumar','123456','506','545',NULL,'off','off',NULL,'2017-07-03 18:35:39',NULL,'2017-07-05 04:33:09',NULL,'user',127,NULL,'N','coVCAcn4SHQ:APA91bFVZdagBdRZK-PVS6-Ko19BmyT1Lb2z49AWm6OOpqiIhjBq-dXdPI_pi6UIzkUO8nfIcsOns66UVkw5k2MB6e77TaA7Rb0aGUytmwzXRrO6VBygUcR1phZpDy-IzZCYJyuaNuDX','Y'),(128,177,74,6,'Sarbeswar','Nath',NULL,'9662030416','sarbeswar_nath@yahoo.com','Sarbeswar Nath','123456','506','553',NULL,'off','off',NULL,'2017-07-03 18:35:40',NULL,'2017-09-11 03:58:08',NULL,'user',128,NULL,'N','cHEd_WZFNRg:APA91bH_YLs7455wNRhAUjoHtSsF_pZCGkFIWjg0GjIgjWJn95IAgzr_wUhacDDi5VJDKtS4i4dny6y6t38kAeBDP91uGDT78T0kQoicvAG9dZ2M2qBcC2T9rk5Of-zQRKHnTn5qwK6l','Y'),(129,177,74,6,'Prasant Nath',NULL,NULL,'9687915608','prasant.nath70@gmail.com','Prasant Nath','123456','506','554',NULL,'off','off',NULL,'2017-07-03 18:35:40',NULL,'2017-07-03 13:05:41',NULL,'user',129,NULL,'N',NULL,'Y'),(130,177,74,6,'Sambhu Mohanty',NULL,NULL,'9818706957','spoc.delhivery@tenonservices.com','Sambhu Mohanty','123456','506','519',NULL,'off','off',NULL,'2017-07-03 18:35:40',NULL,'2017-07-03 13:05:41',NULL,'user',130,NULL,'N',NULL,'Y'),(131,177,74,6,'Virbhan Singh',NULL,NULL,'8506912821','','Virbhan Singh','123456','506','532',NULL,'off','off',NULL,'2017-07-03 18:35:42',NULL,'2017-07-06 05:27:51',NULL,'user',183,NULL,'N','fpqNDX2pG54:APA91bEahful359r22GyZ8MLMbxpVeZstuvOPbCmo_p65fduhJr-k_juRyQFwq-X8hkNNB1v3KIK60aBbUJsEx7bUT34F-Dle_OmxGuHMYVks_nTZfxDC3iVzBUZ6UMkzGai0tJfk1cG','Y'),(132,177,74,5,'Admin',NULL,NULL,'tenonFMAdmin','temon3@tenon.com\r','tenonFMAdmin','123456',NULL,NULL,NULL,'off','off',NULL,'2017-07-03 13:21:11',NULL,'2017-07-03 13:29:26',NULL,NULL,NULL,NULL,'N',NULL,'Y'),(133,177,74,6,'Biswanath Sahoo',NULL,NULL,'7836845230','','Biswanath Sahoo','123456','506','554',NULL,'off','off',NULL,'2017-07-03 18:52:38',NULL,'2017-07-03 13:22:39',NULL,'user',184,NULL,'N',NULL,'Y'),(134,177,74,6,'Abhimanyu','Sarangi',NULL,'8888888888','','Abhimanyu Sarangi','123456','506','532',NULL,'off','off',NULL,'2017-07-04 11:41:50',NULL,'2017-08-09 07:24:19',NULL,'user',186,NULL,'N',NULL,'Y'),(135,177,74,6,'SONU',NULL,NULL,'8053483922','','SONU','123456','506','513',NULL,'off','off',NULL,'2017-07-04 13:12:20',NULL,'2017-07-04 07:42:22',NULL,'user',187,NULL,'N',NULL,'Y'),(136,177,74,6,'RAVI KUMAR',NULL,NULL,'9671797401','','RAVI KUMAR','123456','506','513',NULL,'off','off',NULL,'2017-07-04 13:12:20',NULL,'2017-07-04 07:42:22',NULL,'user',188,NULL,'N',NULL,'Y'),(137,177,74,6,'VIJENDRA KUMAR',NULL,NULL,'9690486617','','VIJENDRA KUMAR','123456','506','535',NULL,'off','off',NULL,'2017-07-04 13:12:20',NULL,'2017-07-04 07:42:22',NULL,'user',189,NULL,'N',NULL,'Y'),(138,177,74,6,'SACHIN KUMAR',NULL,NULL,'9891114324','','SACHIN KUMAR','123456','506','535',NULL,'off','off',NULL,'2017-07-04 13:12:20',NULL,'2017-07-04 07:42:22',NULL,'user',190,NULL,'N',NULL,'Y'),(139,177,74,6,'MERZA AZAHURRIDIN',NULL,NULL,'8882685551','','MERZA AZAHURRIDIN','123456','506','535',NULL,'off','off',NULL,'2017-07-04 13:12:20',NULL,'2017-07-04 07:42:22',NULL,'user',191,NULL,'N',NULL,'Y'),(140,177,74,6,'ASHOK KUMAR',NULL,NULL,'7388695002','','ASHOK KUMAR','123456','506','513',NULL,'off','off',NULL,'2017-07-04 13:12:20',NULL,'2017-07-17 11:09:04',NULL,'user',192,NULL,'N','dW9wA2LUFXc:APA91bHC8ww4I842LsKo0CFDTqx23HBexmSx5BoByQjvHGpqJxE_Wr1HGjJOj8J7dXpx1yAYlTeaXC_XKM0zkZS3LIMo5qjRKFf0qqrSPbMNCJykr2IZ2pBoxCuar0FHwqyqBUwcWfWA','Y'),(141,177,74,6,'DOODHNATH',NULL,NULL,'7398459701','','DOODHNATH','123456','506','535',NULL,'off','off',NULL,'2017-07-04 13:12:20',NULL,'2017-07-04 07:42:22',NULL,'user',193,NULL,'N',NULL,'Y'),(142,177,74,6,'KISMAT LAL',NULL,NULL,'8607844028','','KISMAT LAL','123456','506','513',NULL,'off','off',NULL,'2017-07-04 13:12:20',NULL,'2017-07-04 07:42:22',NULL,'user',194,NULL,'N',NULL,'Y'),(143,177,74,6,'SATISH KUMAR',NULL,NULL,'8650862662','','SATISH KUMAR','123456','506','513',NULL,'off','off',NULL,'2017-07-04 13:12:20',NULL,'2017-07-04 07:42:22',NULL,'user',195,NULL,'N',NULL,'Y'),(144,177,74,6,'LALIT KUMAR',NULL,NULL,'7237962837','','LALIT KUMAR','123456','506','513',NULL,'off','off',NULL,'2017-07-04 13:12:20',NULL,'2017-07-04 07:42:22',NULL,'user',196,NULL,'N',NULL,'Y'),(145,177,74,6,'RAVI',NULL,NULL,'9897561869','','RAVI','123456','506','513',NULL,'off','off',NULL,'2017-07-04 13:12:20',NULL,'2017-07-04 07:42:22',NULL,'user',197,NULL,'N',NULL,'Y'),(146,177,74,6,'MUKESH KUMAR NISHAD',NULL,NULL,'9873388799','','MUKESH KUMAR NISHAD','123456','506','513',NULL,'off','off',NULL,'2017-07-04 13:12:20',NULL,'2017-07-04 07:42:22',NULL,'user',198,NULL,'N',NULL,'Y'),(147,177,74,6,'Kharak Singh',NULL,NULL,'9465429713','','Kharak Singh','123456','506','513',NULL,'off','off',NULL,'2017-07-04 13:12:20',NULL,'2017-07-04 07:42:22',NULL,'user',199,NULL,'N',NULL,'Y'),(148,177,74,6,'Kamal',NULL,NULL,'8860030614','','Kamal','123456','506','513',NULL,'off','off',NULL,'2017-07-04 13:12:21',NULL,'2017-07-04 07:42:22',NULL,'user',200,NULL,'N',NULL,'Y'),(149,177,74,6,'Sushil Kumar',NULL,NULL,'9911309046','','Sushil Kumar','123456','506','513',NULL,'off','off',NULL,'2017-07-04 13:12:21',NULL,'2017-07-04 07:42:22',NULL,'user',201,NULL,'N',NULL,'Y'),(150,177,74,6,'Arjun',NULL,NULL,'9582905123','','Arjun','123456','506','513',NULL,'off','off',NULL,'2017-07-04 13:12:21',NULL,'2017-07-04 07:42:23',NULL,'user',202,NULL,'N',NULL,'Y'),(151,177,74,6,'Vineet Kumar',NULL,NULL,'9711206298','','Vineet Kumar','123456','506','513',NULL,'off','off',NULL,'2017-07-04 13:12:21',NULL,'2017-07-04 07:42:23',NULL,'user',203,NULL,'N',NULL,'Y'),(152,177,74,6,'Aftab Alam',NULL,NULL,'9956642490','','Aftab Alam','123456','506','513',NULL,'off','off',NULL,'2017-07-04 13:12:21',NULL,'2017-07-04 07:42:23',NULL,'user',204,NULL,'N',NULL,'Y'),(153,177,74,6,'SHRI LAL',NULL,NULL,'8427554092','','SHRI LAL','123456','506','513',NULL,'off','off',NULL,'2017-07-04 13:12:21',NULL,'2017-07-04 07:42:23',NULL,'user',205,NULL,'N',NULL,'Y'),(154,177,74,6,'SONU',NULL,NULL,'7837597644','','SONU','123456','506','513',NULL,'off','off',NULL,'2017-07-04 13:12:21',NULL,'2017-07-04 07:42:23',NULL,'user',206,NULL,'N',NULL,'Y'),(155,177,74,6,'Kishan Kumar',NULL,NULL,'9118967832','','Kishan Kumar','123456','506','513',NULL,'off','off',NULL,'2017-07-04 13:12:21',NULL,'2017-07-04 07:42:23',NULL,'user',207,NULL,'N',NULL,'Y'),(156,177,74,6,'Vinay Sonkar',NULL,NULL,'8381973300','','Vinay Sonkar','123456','506','513',NULL,'off','off',NULL,'2017-07-04 13:12:21',NULL,'2017-07-04 07:42:23',NULL,'user',208,NULL,'N',NULL,'Y'),(157,177,74,6,'VINEET KUMAR',NULL,NULL,'9696524019','','VINEET KUMAR','123456','506','513',NULL,'off','off',NULL,'2017-07-04 13:12:21',NULL,'2017-07-04 07:42:23',NULL,'user',209,NULL,'N',NULL,'Y'),(158,177,74,6,'VISHES SHUKLA',NULL,NULL,'9125886803','','VISHES SHUKLA','123456','506','513',NULL,'off','off',NULL,'2017-07-04 13:12:21',NULL,'2017-07-04 07:42:23',NULL,'user',210,NULL,'N',NULL,'Y'),(159,177,74,6,'ARUN KUMAR',NULL,NULL,'8853739368','','ARUN KUMAR','123456','506','513',NULL,'off','off',NULL,'2017-07-04 13:12:21',NULL,'2017-07-04 07:42:23',NULL,'user',211,NULL,'N',NULL,'Y'),(160,177,74,6,'AMIT KUMAR',NULL,NULL,'9598969695','','AMIT KUMAR','123456','506','513',NULL,'off','off',NULL,'2017-07-04 13:12:21',NULL,'2017-07-04 07:42:23',NULL,'user',212,NULL,'N',NULL,'Y'),(161,177,74,6,'SUSHIL KUMAR',NULL,NULL,'8053988626','','SUSHIL KUMAR','123456','506','513',NULL,'off','off',NULL,'2017-07-04 13:12:21',NULL,'2017-07-04 07:42:23',NULL,'user',213,NULL,'N',NULL,'Y'),(162,177,74,6,'Suresh chand',NULL,NULL,'8542823698','','Suresh chand','123456','506','513',NULL,'off','off',NULL,'2017-07-04 13:12:21',NULL,'2017-07-04 07:42:23',NULL,'user',214,NULL,'N',NULL,'Y'),(163,177,74,6,'Yash pal',NULL,NULL,'8393849037','','Yash pal','123456','506','513',NULL,'off','off',NULL,'2017-07-04 13:12:21',NULL,'2017-08-29 08:15:32',NULL,'user',215,NULL,'N','d0nXkGCNlo8:APA91bG85jiUETyBx9p0v5k_8r3ot8YX76y-0T4HXVtqCt9Y90fWnjREr1cuAXHw6y4zziDUoyHwTnm0YRFUrQfTTem9GDmEjDJsyOX45YnlAOeUepEVo75EdPoACLxAF_q-QFehDqol','Y'),(164,177,74,6,'Akash kumar',NULL,NULL,'9120665910','','Akash kumar','123456','506','513',NULL,'off','off',NULL,'2017-07-04 13:12:21',NULL,'2017-08-23 06:41:02',NULL,'user',216,NULL,'N','d2IClk78IQA:APA91bFXQw40hPtjExXuBeasDwvhVP-970ZDT7O7ckMtHgPdZkmssZMFKHp7FG3sE5bfGYVmlO7oU-lVmSbLplQul6DGCKwYw9hqEJQsQXAEh6hniSpf2Zir4t3lsyQ52BV4gr3jUnBF','Y'),(165,177,74,6,'AJAY KUMAR',NULL,NULL,'7838393711','','AJAY KUMAR','123456','506','513',NULL,'off','off',NULL,'2017-07-04 13:12:21',NULL,'2017-07-04 07:42:23',NULL,'user',217,NULL,'N',NULL,'Y'),(166,177,74,6,'Rajkumar',NULL,NULL,'8057932480','','Rajkumar','123456','506','513',NULL,'off','off',NULL,'2017-07-04 13:12:22',NULL,'2017-07-04 07:42:23',NULL,'user',218,NULL,'N',NULL,'Y'),(167,177,74,6,'Akshay balmiki',NULL,NULL,'9696649412','','Akshay balmiki','123456','506','513',NULL,'off','off',NULL,'2017-07-04 13:12:22',NULL,'2017-07-04 07:42:23',NULL,'user',219,NULL,'N',NULL,'Y'),(168,177,74,6,'SONU KUMAR',NULL,NULL,'8860410441','','SONU KUMAR','123456','506','535',NULL,'off','off',NULL,'2017-07-04 13:12:22',NULL,'2017-07-04 07:42:24',NULL,'user',220,NULL,'N',NULL,'Y'),(169,177,74,6,'Vipin Kumar',NULL,NULL,'7210687724','','Vipin Kumar','123456','506','513',NULL,'off','off',NULL,'2017-07-04 13:12:22',NULL,'2017-07-04 07:42:24',NULL,'user',221,NULL,'N',NULL,'Y'),(170,177,74,6,'Manoj',NULL,NULL,'9891408361','','Manoj','123456','506','513',NULL,'off','off',NULL,'2017-07-04 13:12:22',NULL,'2017-07-04 07:42:24',NULL,'user',222,NULL,'N',NULL,'Y'),(171,177,74,6,'Navneet Kumar',NULL,NULL,'8802832346','','Navneet Kumar','123456','506','513',NULL,'off','off',NULL,'2017-07-04 13:12:22',NULL,'2017-07-04 07:42:24',NULL,'user',223,NULL,'N',NULL,'Y'),(172,177,74,6,'SATENDRA KUMAR',NULL,NULL,'9560618180','','SATENDRA KUMAR','123456','506','513',NULL,'off','off',NULL,'2017-07-04 13:12:22',NULL,'2017-07-04 07:42:24',NULL,'user',224,NULL,'N',NULL,'Y'),(173,177,74,6,'DEEPAK KUMAR',NULL,NULL,'8130754616','','DEEPAK KUMAR','123456','506','513',NULL,'off','off',NULL,'2017-07-04 13:12:22',NULL,'2017-07-04 07:42:24',NULL,'user',225,NULL,'N',NULL,'Y'),(174,177,74,6,'HARISH CHANDRA',NULL,NULL,'9654268075','','HARISH CHANDRA','123456','506','513',NULL,'off','off',NULL,'2017-07-04 13:12:22',NULL,'2017-07-04 07:42:24',NULL,'user',226,NULL,'N',NULL,'Y'),(175,177,74,6,'Abhishek',NULL,NULL,'9599308372','','Abhishek','123456','506','513',NULL,'off','off',NULL,'2017-07-04 13:12:22',NULL,'2017-07-04 07:42:24',NULL,'user',227,NULL,'N',NULL,'Y'),(176,177,74,6,'Arun',NULL,NULL,'9728289336','','Arun','123456','506','513',NULL,'off','off',NULL,'2017-07-04 13:12:22',NULL,'2017-07-04 07:42:24',NULL,'user',228,NULL,'N',NULL,'Y'),(177,177,74,6,'DHEERAJ',NULL,NULL,'8882592795','','DHEERAJ','123456','506','513',NULL,'off','off',NULL,'2017-07-04 13:12:22',NULL,'2017-07-04 07:42:24',NULL,'user',229,NULL,'N',NULL,'Y'),(178,177,74,6,'GOVINDE SAINI',NULL,NULL,'9807669710','','GOVINDE SAINI','123456','506','513',NULL,'off','off',NULL,'2017-07-04 13:12:22',NULL,'2017-08-01 06:38:01',NULL,'user',230,NULL,'N','fa_LWKo3AWQ:APA91bFojRoFeGtTB9wxLiuZyLi0dhLVU--JG1paMr6VBP8I5b0vMnpBxeUHpOlKpESQF558LffmS5wVziqTZSgxLo8HUDdDfNj-BysMH1Zh6qICtecsuo3rzvdhwZmyn8gs3Xp6pTjj','Y'),(179,177,74,6,'ASHISH KUMAR',NULL,NULL,'9794221270','','ASHISH KUMAR','123456','506','513',NULL,'off','off',NULL,'2017-07-04 13:12:22',NULL,'2017-07-04 07:42:24',NULL,'user',231,NULL,'N',NULL,'Y'),(180,177,74,6,'ANKIT KUMAR',NULL,NULL,'8922019536','','ANKIT KUMAR','123456','506','513',NULL,'off','off',NULL,'2017-07-04 13:12:22',NULL,'2017-07-04 07:42:24',NULL,'user',232,NULL,'N',NULL,'Y'),(181,177,74,6,'SAURABH KUMAR',NULL,NULL,'9670090072','','SAURABH KUMAR','123456','506','513',NULL,'off','off',NULL,'2017-07-04 13:12:22',NULL,'2017-07-12 06:30:14',NULL,'user',233,NULL,'N','c_JpfVMRLjc:APA91bFr4AoXNMoBAuVnvTDrObzXIPW4jKRjOK8PE5g1-ShEpRxneRbLLzfjbDXE3yZzmmOFeRkaOSPrmBI3dfazW96Mw0PX6jFDaBmyghmFIIM71fpvBvDqkhu6ZKE6geOGtU8z6yP8','Y'),(182,177,74,6,'NAUSHAD AHAMAD',NULL,NULL,'9125776430','','NAUSHAD AHAMAD','123456','506','513',NULL,'off','off',NULL,'2017-07-04 13:12:23',NULL,'2017-07-04 07:42:24',NULL,'user',234,NULL,'N',NULL,'Y'),(183,177,74,6,'RAM KUMAR',NULL,NULL,'7398554492','','RAM KUMAR','123456','506','513',NULL,'off','off',NULL,'2017-07-04 13:12:23',NULL,'2017-07-04 07:42:24',NULL,'user',235,NULL,'N',NULL,'Y'),(184,177,74,6,'SATENDRA YADAV',NULL,NULL,'9670274431','','SATENDRA YADAV','123456','506','513',NULL,'off','off',NULL,'2017-07-04 13:12:23',NULL,'2017-07-04 07:42:24',NULL,'user',236,NULL,'N',NULL,'Y'),(185,177,74,6,'MUNNA LAL',NULL,NULL,'9170315737','','MUNNA LAL','123456','506','513',NULL,'off','off',NULL,'2017-07-04 13:12:23',NULL,'2017-07-04 07:42:25',NULL,'user',237,NULL,'N',NULL,'Y'),(186,177,74,6,'ASIF HUSAIN',NULL,NULL,'8687555139','','ASIF HUSAIN','123456','506','513',NULL,'off','off',NULL,'2017-07-04 13:12:23',NULL,'2017-07-04 07:42:25',NULL,'user',238,NULL,'N',NULL,'Y'),(187,177,74,6,'SURAJ KUMAR JAISHWAL',NULL,NULL,'9648090708','','SURAJ KUMAR JAISHWAL','123456','506','513',NULL,'off','off',NULL,'2017-07-04 13:12:23',NULL,'2017-07-04 07:42:25',NULL,'user',239,NULL,'N',NULL,'Y'),(188,177,74,6,'RAJESH KUMAR',NULL,NULL,'7071731772','','RAJESH KUMAR','123456','506','513',NULL,'off','off',NULL,'2017-07-04 13:12:23',NULL,'2017-07-04 07:42:25',NULL,'user',240,NULL,'N',NULL,'Y'),(189,177,74,6,'MUKESH KUMAR',NULL,NULL,'7071904344','','MUKESH KUMAR','123456','506','513',NULL,'off','off',NULL,'2017-07-04 13:12:23',NULL,'2017-07-04 07:42:25',NULL,'user',241,NULL,'N',NULL,'Y'),(190,177,74,6,'RANJJAN MOURYA',NULL,NULL,'9839888117','','RANJJAN MOURYA','123456','506','513',NULL,'off','off',NULL,'2017-07-04 13:12:23',NULL,'2017-07-04 07:42:25',NULL,'user',242,NULL,'N',NULL,'Y'),(191,177,74,6,'ASWINI KUMAR NIRMAL',NULL,NULL,'8791889219','','ASWINI KUMAR NIRMAL','123456','506','513',NULL,'off','off',NULL,'2017-07-04 13:12:23',NULL,'2017-07-04 07:42:25',NULL,'user',243,NULL,'N',NULL,'Y'),(192,177,74,6,'SANJAY KUMAR',NULL,NULL,'9045204872','','SANJAY KUMAR','123456','506','513',NULL,'off','off',NULL,'2017-07-04 13:12:23',NULL,'2017-07-04 07:42:25',NULL,'user',244,NULL,'N',NULL,'Y'),(193,177,74,6,'MOHAN KUMAR',NULL,NULL,'9651530131','','MOHAN KUMAR','123456','506','513',NULL,'off','off',NULL,'2017-07-04 13:12:23',NULL,'2017-07-04 07:42:25',NULL,'user',245,NULL,'N',NULL,'Y'),(194,177,74,6,'DHERMENRDRS KUMAR',NULL,NULL,'8808220483','','DHERMENRDRS KUMAR','123456','506','513',NULL,'off','off',NULL,'2017-07-04 13:12:23',NULL,'2017-07-04 07:42:25',NULL,'user',246,NULL,'N',NULL,'Y'),(195,177,74,6,'MANOJ KUMAR SAIN',NULL,NULL,'8960055439','','MANOJ KUMAR SAIN','123456','506','513',NULL,'off','off',NULL,'2017-07-04 13:12:23',NULL,'2017-07-04 07:42:25',NULL,'user',247,NULL,'N',NULL,'Y'),(196,177,74,6,'SURENDRA',NULL,NULL,'8129752490','','SURENDRA','123456','506','513',NULL,'off','off',NULL,'2017-07-04 13:12:23',NULL,'2017-07-04 07:42:25',NULL,'user',248,NULL,'N',NULL,'Y'),(197,177,74,6,'KRISHNA PAL',NULL,NULL,'9837802838','','KRISHNA PAL','123456','506','513',NULL,'off','off',NULL,'2017-07-04 13:12:23',NULL,'2017-07-04 07:42:25',NULL,'user',249,NULL,'N',NULL,'Y'),(198,177,74,6,'VINAY KUMAR',NULL,NULL,'8218592344','','VINAY KUMAR','123456','506','513',NULL,'off','off',NULL,'2017-07-04 13:12:23',NULL,'2017-07-04 07:42:25',NULL,'user',250,NULL,'N',NULL,'Y'),(199,177,74,6,'LOKENDRA MADHUKER',NULL,NULL,'9219418001','','LOKENDRA MADHUKER','123456','506','513',NULL,'off','off',NULL,'2017-07-04 13:12:23',NULL,'2017-07-04 07:42:25',NULL,'user',251,NULL,'N',NULL,'Y'),(200,177,74,6,'ATUL SINGH',NULL,NULL,'9506968229','','ATUL SINGH','123456','506','513',NULL,'off','off',NULL,'2017-07-04 13:12:23',NULL,'2017-07-04 07:42:25',NULL,'user',252,NULL,'N',NULL,'Y'),(201,177,74,6,'DINESH KUMAR',NULL,NULL,'7052729094','','DINESH KUMAR','123456','506','513',NULL,'off','off',NULL,'2017-07-04 13:12:24',NULL,'2017-07-04 07:42:25',NULL,'user',253,NULL,'N',NULL,'Y'),(202,177,74,6,'MANGE RAM',NULL,NULL,'8941006734','','MANGE RAM','123456','506','513',NULL,'off','off',NULL,'2017-07-04 13:12:24',NULL,'2017-07-04 07:42:25',NULL,'user',254,NULL,'N',NULL,'Y'),(203,177,74,6,'RANU KUMAR RAWAT',NULL,NULL,'9161479807','','RANU KUMAR RAWAT','123456','506','513',NULL,'off','off',NULL,'2017-07-04 13:12:24',NULL,'2017-07-04 07:42:26',NULL,'user',255,NULL,'N',NULL,'Y'),(204,177,74,6,'SUMIT KUMAR GUPTA',NULL,NULL,'7309079133','','SUMIT KUMAR GUPTA','123456','506','513',NULL,'off','off',NULL,'2017-07-04 13:12:24',NULL,'2017-07-04 07:42:26',NULL,'user',256,NULL,'N',NULL,'Y'),(205,177,74,6,'ANURAG',NULL,NULL,'8923633926','','ANURAG','123456','506','513',NULL,'off','off',NULL,'2017-07-04 13:12:24',NULL,'2017-07-04 07:42:26',NULL,'user',257,NULL,'N',NULL,'Y'),(206,177,74,6,'BEERU',NULL,NULL,'7860839095','','BEERU','123456','506','513',NULL,'off','off',NULL,'2017-07-04 13:12:24',NULL,'2017-08-05 07:01:29',NULL,'user',258,NULL,'N','e7tL3_iPY6Q:APA91bFkTB_7iDr3hi_7byUrgQFtzgSqqjNWKEWmWq3-FkmhsMHoVKAr3xFm7-o1GELoonF3f13AOjEGnPbqBPFnPbZuZTHN319WtKljwUcoGRyyV-k8hTVAZcd-J2n1DhLSXlgrslWV','Y'),(207,177,74,6,'SINDHU',NULL,NULL,'7599464218','','SINDHU','123456','506','513',NULL,'off','off',NULL,'2017-07-04 13:12:24',NULL,'2017-07-04 07:42:26',NULL,'user',259,NULL,'N',NULL,'Y'),(208,177,74,6,'ASHISH RANJAN',NULL,NULL,'8171813123','','ASHISH RANJAN','123456','506','513',NULL,'off','off',NULL,'2017-07-04 13:12:24',NULL,'2017-07-04 07:42:26',NULL,'user',260,NULL,'N',NULL,'Y'),(209,177,74,6,'KRISHNA KUMAR',NULL,NULL,'7080626312','','KRISHNA KUMAR','123456','506','513',NULL,'off','off',NULL,'2017-07-04 13:12:24',NULL,'2017-07-04 07:42:26',NULL,'user',261,NULL,'N',NULL,'Y'),(210,177,74,6,'RANJEET KUMAR',NULL,NULL,'7275877712','','RANJEET KUMAR','123456','506','513',NULL,'off','off',NULL,'2017-07-04 13:12:24',NULL,'2017-07-04 07:42:26',NULL,'user',262,NULL,'N',NULL,'Y'),(211,177,74,6,'SANDEEP KUMAR DUBEY',NULL,NULL,'9044004918','','SANDEEP KUMAR DUBEY','123456','506','513',NULL,'off','off',NULL,'2017-07-04 13:12:24',NULL,'2017-07-04 07:42:26',NULL,'user',263,NULL,'N',NULL,'Y'),(212,177,74,6,'PRAMOD KUMAR',NULL,NULL,'7291087120','','PRAMOD KUMAR','123456','506','513',NULL,'off','off',NULL,'2017-07-04 13:12:24',NULL,'2017-07-04 07:42:26',NULL,'user',264,NULL,'N',NULL,'Y'),(213,177,74,6,'MANOJ KUMAR',NULL,NULL,'9305401376','','MANOJ KUMAR','123456','506','513',NULL,'off','off',NULL,'2017-07-04 13:12:24',NULL,'2017-07-04 07:42:26',NULL,'user',265,NULL,'N',NULL,'Y'),(214,177,74,6,'DILIP KUMAR',NULL,NULL,'9889968851','','DILIP KUMAR','123456','506','513',NULL,'off','off',NULL,'2017-07-04 13:12:24',NULL,'2017-07-04 07:42:26',NULL,'user',266,NULL,'N',NULL,'Y'),(215,177,74,6,'SUJEET KUMAR',NULL,NULL,'8563924770','','SUJEET KUMAR','123456','506','513',NULL,'off','off',NULL,'2017-07-04 13:12:24',NULL,'2017-07-04 07:42:26',NULL,'user',267,NULL,'N',NULL,'Y'),(216,177,74,6,'RAVI KUMAR',NULL,NULL,'8687832329','','RAVI KUMAR','123456','506','513',NULL,'off','off',NULL,'2017-07-04 13:12:24',NULL,'2017-07-04 07:42:26',NULL,'user',268,NULL,'N',NULL,'Y'),(217,177,74,6,'RAJESH KUMAR',NULL,NULL,'7217250120','','RAJESH KUMAR','123456','506','513',NULL,'off','off',NULL,'2017-07-04 13:12:24',NULL,'2017-07-04 07:42:26',NULL,'user',269,NULL,'N',NULL,'Y'),(218,177,74,6,'MAHESH KUMAR SRIVASTAVA',NULL,NULL,'7310165003','','MAHESH KUMAR SRIVASTAVA','123456','506','513',NULL,'off','off',NULL,'2017-07-04 13:12:24',NULL,'2017-07-04 07:42:26',NULL,'user',270,NULL,'N',NULL,'Y'),(219,177,74,6,'MOHD NAFEES',NULL,NULL,'8115246671','','MOHD NAFEES','123456','506','513',NULL,'off','off',NULL,'2017-07-04 13:12:24',NULL,'2017-07-04 07:42:26',NULL,'user',271,NULL,'N',NULL,'Y'),(220,177,74,6,'DHARMENDRA',NULL,NULL,'8604483887','','DHARMENDRA','123456','506','513',NULL,'off','off',NULL,'2017-07-04 13:12:25',NULL,'2017-07-04 07:42:26',NULL,'user',272,NULL,'N',NULL,'Y'),(221,177,74,6,'RAHUL KUMAR',NULL,NULL,'8423772928','','RAHUL KUMAR','123456','506','513',NULL,'off','off',NULL,'2017-07-04 13:12:25',NULL,'2017-08-04 06:45:43',NULL,'user',273,NULL,'N','dcj8P876x6A:APA91bGQSTAYDhpRN2GwJm5n0TTBBtqgQKV0yw94MmHkBX7ubnFvPRm09qLaklghDe9SChdbuS834TdSZVc1FG6YCwll61TBt5npt01Sxf8_l9XyheVo6UyZoZ_HMn7SBJ3YngysaxXs','Y'),(222,177,74,6,'Anil Kumar',NULL,NULL,'9058182210','','Anil Kumar','123456','506','513',NULL,'off','off',NULL,'2017-07-04 13:12:25',NULL,'2017-07-04 07:42:27',NULL,'user',274,NULL,'N',NULL,'Y'),(223,177,74,6,'Rohit Kumar',NULL,NULL,'9896022254','','Rohit Kumar','123456','506','513',NULL,'off','off',NULL,'2017-07-04 13:12:25',NULL,'2017-07-04 07:42:27',NULL,'user',275,NULL,'N',NULL,'Y'),(224,177,74,6,'RINKU',NULL,NULL,'8439894616','','RINKU','123456','506','513',NULL,'off','off',NULL,'2017-07-04 13:12:25',NULL,'2017-07-04 07:42:27',NULL,'user',276,NULL,'N',NULL,'Y'),(225,177,74,6,'Arjun',NULL,NULL,'8860490296','','Arjun','123456','506','513',NULL,'off','off',NULL,'2017-07-04 13:12:25',NULL,'2017-07-04 07:42:27',NULL,'user',277,NULL,'N',NULL,'Y'),(226,177,74,6,'Piyush Kumar',NULL,NULL,'9198386831','','Piyush Kumar','123456','506','513',NULL,'off','off',NULL,'2017-07-04 13:12:25',NULL,'2017-07-04 07:42:27',NULL,'user',278,NULL,'N',NULL,'Y'),(227,177,74,6,'AMIT KASHYAP',NULL,NULL,'7887258085','','AMIT KASHYAP','123456','506','535',NULL,'off','off',NULL,'2017-07-04 13:12:25',NULL,'2017-07-04 07:42:27',NULL,'user',279,NULL,'N',NULL,'Y'),(228,177,74,6,'RAJEEV GUPTA',NULL,NULL,'8953985302','','RAJEEV GUPTA','123456','506','535',NULL,'off','off',NULL,'2017-07-04 13:12:25',NULL,'2017-08-11 09:17:02',NULL,'user',280,NULL,'N','fLAM8esHyBs:APA91bFlB1u5tRO8HLw6kwT5mQjCr3LRDVkGWRoSdZOkwgAeOysfxO2_NcHKNIidnMbcRYKCGr2qrjT7PjU6jNgPHg6COVW8CbYHSfiG1i11cBhPJt9u6-EWiYkCFRAwiJDfpL6FcoOV','Y'),(229,177,74,6,'RAJA BABU',NULL,NULL,'8960309385','','RAJA BABU','123456','506','513',NULL,'off','off',NULL,'2017-07-04 13:12:25',NULL,'2017-07-04 07:42:27',NULL,'user',281,NULL,'N',NULL,'Y'),(230,177,74,6,'ANOOP SAXENA',NULL,NULL,'9520362091','','ANOOP SAXENA','123456','506','535',NULL,'off','off',NULL,'2017-07-04 13:12:25',NULL,'2017-07-04 07:42:27',NULL,'user',282,NULL,'N',NULL,'Y'),(231,177,74,6,'DHARMENDRA KUMAR VISHWKERMA',NULL,NULL,'9838322025','','DHARMENDRA KUMAR VISHWKERMA','123456','506','513',NULL,'off','off',NULL,'2017-07-04 13:12:25',NULL,'2017-07-04 07:42:27',NULL,'user',283,NULL,'N',NULL,'Y'),(232,177,74,6,'ABHISHEK KUMAR',NULL,NULL,'8581973300','','ABHISHEK KUMAR','123456','506','513',NULL,'off','off',NULL,'2017-07-04 13:12:25',NULL,'2017-07-04 07:42:27',NULL,'user',284,NULL,'N',NULL,'Y'),(233,177,74,6,'MANJEET KUMAR',NULL,NULL,'8896984604','','MANJEET KUMAR','123456','506','513',NULL,'off','off',NULL,'2017-07-04 13:12:25',NULL,'2017-07-04 07:42:27',NULL,'user',285,NULL,'N',NULL,'Y'),(234,177,74,6,'SAMSAD',NULL,NULL,'8933903936','','SAMSAD','123456','506','513',NULL,'off','off',NULL,'2017-07-04 13:12:25',NULL,'2017-07-04 07:42:27',NULL,'user',286,NULL,'N',NULL,'Y'),(235,177,74,6,'LALBABU RAWAT',NULL,NULL,'9026214237','','LALBABU RAWAT','123456','506','513',NULL,'off','off',NULL,'2017-07-04 13:12:25',NULL,'2017-07-04 07:42:27',NULL,'user',287,NULL,'N',NULL,'Y'),(236,177,74,6,'RAHUL KUMAR',NULL,NULL,'9368565752','','RAHUL KUMAR','123456','506','513',NULL,'off','off',NULL,'2017-07-04 13:12:25',NULL,'2017-07-04 07:42:27',NULL,'user',288,NULL,'N',NULL,'Y'),(237,177,74,6,'RINKU',NULL,NULL,'8923058112','','RINKU','123456','506','535',NULL,'off','off',NULL,'2017-07-04 13:12:25',NULL,'2017-07-04 07:42:27',NULL,'user',289,NULL,'N',NULL,'Y'),(238,177,74,6,'BHARAT',NULL,NULL,'8923516811','','BHARAT','123456','506','513',NULL,'off','off',NULL,'2017-07-04 13:12:26',NULL,'2017-07-04 07:42:27',NULL,'user',290,NULL,'N',NULL,'Y'),(239,177,74,6,'SUSHIL KUMAR PANDAY',NULL,NULL,'8533804736','','SUSHIL KUMAR PANDAY','123456','506','513',NULL,'off','off',NULL,'2017-07-04 13:12:26',NULL,'2017-07-04 07:42:27',NULL,'user',291,NULL,'N',NULL,'Y'),(240,177,74,6,'RAMDHAN',NULL,NULL,'9690763829','','RAMDHAN','123456','506','513',NULL,'off','off',NULL,'2017-07-04 13:12:26',NULL,'2017-07-04 07:42:28',NULL,'user',292,NULL,'N',NULL,'Y'),(241,177,74,6,'ABHISEK KUMAR',NULL,NULL,'9936997170','','ABHISEK KUMAR','123456','506','535',NULL,'off','off',NULL,'2017-07-04 13:12:26',NULL,'2017-07-04 07:42:28',NULL,'user',293,NULL,'N',NULL,'Y'),(242,177,74,6,'SUSHEEL KUMAR',NULL,NULL,'8009033170','','SUSHEEL KUMAR','123456','506','513',NULL,'off','off',NULL,'2017-07-04 13:12:26',NULL,'2017-07-04 07:42:28',NULL,'user',294,NULL,'N',NULL,'Y'),(243,177,74,6,'SHANI KUMAR',NULL,NULL,'9389049387','','SHANI KUMAR','123456','506','535',NULL,'off','off',NULL,'2017-07-04 13:12:26',NULL,'2017-07-04 07:42:28',NULL,'user',295,NULL,'N',NULL,'Y'),(244,177,74,6,'RAKESH KUMAR',NULL,NULL,'9719637402','','RAKESH KUMAR','123456','506','513',NULL,'off','off',NULL,'2017-07-04 13:12:26',NULL,'2017-07-04 07:42:28',NULL,'user',296,NULL,'N',NULL,'Y'),(245,177,74,6,'SACHIN',NULL,NULL,'9759274253','','SACHIN','123456','506','535',NULL,'off','off',NULL,'2017-07-04 13:12:26',NULL,'2017-07-04 07:42:28',NULL,'user',297,NULL,'N',NULL,'Y'),(246,177,74,6,'ASHOK KUMAR',NULL,NULL,'8192075085','','ASHOK KUMAR','123456','506','513',NULL,'off','off',NULL,'2017-07-04 13:12:26',NULL,'2017-07-04 07:42:28',NULL,'user',298,NULL,'N',NULL,'Y'),(247,177,74,6,'SWATANTRA KUMAR',NULL,NULL,'9451122372','','SWATANTRA KUMAR','123456','506','513',NULL,'off','off',NULL,'2017-07-04 13:12:26',NULL,'2017-07-04 07:42:28',NULL,'user',299,NULL,'N',NULL,'Y'),(248,177,74,6,'MANOJ KUMAR',NULL,NULL,'7398804413','','MANOJ KUMAR','123456','506','513',NULL,'off','off',NULL,'2017-07-04 13:12:26',NULL,'2017-07-04 07:42:28',NULL,'user',300,NULL,'N',NULL,'Y'),(249,177,74,6,'NURSINGH VARUN',NULL,NULL,'9795616519','','NURSINGH VARUN','123456','506','513',NULL,'off','off',NULL,'2017-07-04 13:12:26',NULL,'2017-07-04 07:42:28',NULL,'user',301,NULL,'N',NULL,'Y'),(250,177,74,6,'VIKESH',NULL,NULL,'9047185787','','VIKESH','123456','506','513',NULL,'off','off',NULL,'2017-07-04 13:12:26',NULL,'2017-07-04 07:42:28',NULL,'user',302,NULL,'N',NULL,'Y'),(251,177,74,6,'JEETU KUMAR',NULL,NULL,'7417204553','','JEETU KUMAR','123456','506','513',NULL,'off','off',NULL,'2017-07-04 13:12:26',NULL,'2017-07-04 07:42:28',NULL,'user',303,NULL,'N',NULL,'Y'),(252,177,74,6,'RAHUL KUMAR',NULL,NULL,'7417594246','','RAHUL KUMAR','123456','506','513',NULL,'off','off',NULL,'2017-07-04 13:12:26',NULL,'2017-07-04 07:42:28',NULL,'user',304,NULL,'N',NULL,'Y'),(253,177,74,6,'AJEET KUMAR',NULL,NULL,'8423094480','','AJEET KUMAR','123456','506','513',NULL,'off','off',NULL,'2017-07-04 13:12:26',NULL,'2017-07-04 07:42:28',NULL,'user',305,NULL,'N',NULL,'Y'),(254,177,74,6,'OM PRAKSAH',NULL,NULL,'9795925925','','OM PRAKSAH','123456','506','513',NULL,'off','off',NULL,'2017-07-04 13:12:26',NULL,'2017-07-29 07:01:08',NULL,'user',306,NULL,'N','d5HVKlrofoM:APA91bFAEA3MjDVuhtX4eQCAtaugBfuQfvJSbFMJNJxAp98j1duknf9im1B7DaE_KFsQsCLVgtfyz6RwEKjUX0fzPoA6H9M3S3Y5GVNCZwrTpqUhN3Nmou7L4PsSqfORmcas4vg0A6VN','Y'),(255,177,74,6,'MONU KUMAR',NULL,NULL,'9598099076','','MONU KUMAR','123456','506','513',NULL,'off','off',NULL,'2017-07-04 13:12:26',NULL,'2017-07-17 05:49:59',NULL,'user',307,NULL,'N','dXbd4K15l5o:APA91bGwuuWBAaq09ckrA1ovepxrvtETLgA1H5ToKvpRz7khSBRCgoDmrntqU5iYv_26Ew4EBMJnxj7Xc9fczhSpazpOOf1Qs2iKc9KA4m6pSQ2dhMOStC1LgsH3O2UfRpX9DjyWtRps','Y'),(256,177,74,6,'DHEERAJ KUMAR',NULL,NULL,'8574890339','','DHEERAJ KUMAR','123456','506','513',NULL,'off','off',NULL,'2017-07-04 13:12:26',NULL,'2017-07-07 08:04:10',NULL,'user',308,NULL,'N','dC26ffZKEhs:APA91bFZgeSV_ChZkcaZ1spQ7OjMKKEQVbkfnYpHTQVOkcUUl6LeX1RLKV9-aWTkrtEfoYW0GrVq_inbblObtwLmO2AI28vDiH5UXiQebi3VW-MJlFAdZGgUDbTs8-eY-nTyCuIKF1FO','Y'),(257,177,74,6,'SHIVA',NULL,NULL,'8445305079','','SHIVA','123456','506','513',NULL,'off','off',NULL,'2017-07-04 13:12:27',NULL,'2017-07-10 07:19:25',NULL,'user',309,NULL,'N','fdNP-ToeaGw:APA91bHUvgLsYl7RKmcslEMFGH6kuHSCrVZcUOmqZRT3n90UGq7Pg7CEmcaUdtQ8-AOVATiRiOTDmkvoIDVXwovtyQXqkr0NQg5jGfBy3yMPJLvFgXR9czze_shBWT3udZ2tiHozdoPw','Y'),(258,177,74,6,'SALIM KHAN',NULL,NULL,'7783954505','','SALIM KHAN','123456','506','513',NULL,'off','off',NULL,'2017-07-04 13:12:27',NULL,'2017-07-17 05:56:43',NULL,'user',310,NULL,'N','e2SOzfeqTwY:APA91bEo_sO3wUzgzkUkBdtBUjCmNSR62AhL9RG50KJ61G6u8T8RmXBICZpCW0lZrNh6Un0F1QlKvKhVyDapwU7cymeQc11LkuL_-QtDk1OKVl8QgqIk-hlRzBvo3CHsfyXNQXUw-u8u','Y'),(259,177,74,6,'Vishal Chandel',NULL,NULL,'7906109516','','Vishal Chandel','123456','506','513',NULL,'off','off',NULL,'2017-07-04 13:12:27',NULL,'2017-07-04 07:42:29',NULL,'user',311,NULL,'N',NULL,'Y'),(260,177,74,6,'ANOOP KUMAR',NULL,NULL,'8090309127','','ANOOP KUMAR','123456','506','535',NULL,'off','off',NULL,'2017-07-04 13:12:27',NULL,'2017-07-04 07:42:29',NULL,'user',312,NULL,'N',NULL,'Y'),(261,177,74,6,'GOVINDA PRASAD',NULL,NULL,'958091704','','GOVINDA PRASAD','123456','506','513',NULL,'off','off',NULL,'2017-07-04 13:12:27',NULL,'2017-07-04 07:42:29',NULL,'user',313,NULL,'N',NULL,'Y'),(262,177,74,6,'DINESH BABU',NULL,NULL,'8543997833','','DINESH BABU','123456','506','535',NULL,'off','off',NULL,'2017-07-04 13:12:27',NULL,'2017-07-04 07:42:29',NULL,'user',314,NULL,'N',NULL,'Y'),(263,177,74,6,'LUCKY',NULL,NULL,'8382808045','','LUCKY','123456','506','513',NULL,'off','off',NULL,'2017-07-04 13:12:27',NULL,'2017-08-02 05:43:12',NULL,'user',315,NULL,'N','dlWzeEamYRk:APA91bHMVgQ6mEqfFROzOlRTO_F8dUJ3DiVawzsa_z1olI4uXEdJguiUdt20o4gvvWVuysvGlzeeHiM9HhQYvViJCH5BXgCZA7RJjy8r-fs4AhwPBNtQsHwitgNfymZZLmsubdDVwFBs','Y'),(264,177,74,6,'RAJEEV KUMAR',NULL,NULL,'9759423535','','RAJEEV KUMAR','123456','506','513',NULL,'off','off',NULL,'2017-07-04 13:12:27',NULL,'2017-08-11 06:49:22',NULL,'user',316,NULL,'N','fjcGvGmaCUc:APA91bE0llz18M9TiGkecTqpBx6rd4hY-5Orxsl64UjGBRP1y_7gPHw0DhFeWiYZM8DM-1W6gwJvvjGRYZiVUHxZihuFh3Qq-wLe6vUQcgc2flNCgHbvJCz_qVtHtYqE9FRn9UNnUAy1','Y'),(265,177,74,6,'KAUSHAL KUMAR',NULL,NULL,'9045077505','','KAUSHAL KUMAR','123456','506','535',NULL,'off','off',NULL,'2017-07-04 13:12:27',NULL,'2017-07-04 07:42:29',NULL,'user',317,NULL,'N',NULL,'Y'),(266,177,74,6,'SANJEEB CHAUHAN',NULL,NULL,'8171518217','','SANJEEB CHAUHAN','123456','506','513',NULL,'off','off',NULL,'2017-07-04 13:12:27',NULL,'2017-07-04 07:42:29',NULL,'user',318,NULL,'N',NULL,'Y'),(267,177,74,6,'CHAMAN KUMAR',NULL,NULL,'7499811281','','CHAMAN KUMAR','123456','506','513',NULL,'off','off',NULL,'2017-07-04 13:12:27',NULL,'2017-07-04 07:42:29',NULL,'user',319,NULL,'N',NULL,'Y'),(268,177,74,6,'Amit Kumar',NULL,NULL,'8449562899','','Amit Kumar','123456','506','513',NULL,'off','off',NULL,'2017-07-04 13:12:27',NULL,'2017-07-04 07:42:29',NULL,'user',320,NULL,'N',NULL,'Y'),(269,177,74,6,'VISHESH',NULL,NULL,'9927692744','','VISHESH','123456','506','513',NULL,'off','off',NULL,'2017-07-04 13:12:27',NULL,'2017-07-04 07:42:29',NULL,'user',321,NULL,'N',NULL,'Y'),(270,177,74,6,'VINEET KUMAR',NULL,NULL,'9651681212','','VINEET KUMAR','123456','506','535',NULL,'off','off',NULL,'2017-07-04 13:12:27',NULL,'2017-07-04 07:42:29',NULL,'user',322,NULL,'N',NULL,'Y'),(271,177,74,6,'Shivam',NULL,NULL,'8979195086','','Shivam','123456','506','513',NULL,'off','off',NULL,'2017-07-04 13:12:27',NULL,'2017-07-04 07:42:29',NULL,'user',323,NULL,'N',NULL,'Y'),(272,177,74,6,'Prarit','Jain',NULL,'9811205365','test@test.com','Prarit Jain','123456','506','554','Functional Reporting','off','off',NULL,'2017-07-05 17:22:10',NULL,'2017-08-03 13:02:07',NULL,'user',324,NULL,'N','fl9HVaGe27U:APA91bF45V8jfq6N6Jh-ruh4N3JgIufskF8sttRFOCYgxWkqRzM5n0-Lxa2OactU94Jq_OWntINddLWwRym0jBSgidTv-T4DQfQxN0--PCN6M2By8Y2KbIz19kqP_1tdNrLc_18P-oQ8','Y'),(273,177,74,6,'Rakesh','Kumar',NULL,'9312801882','test@test.com','Rakesh Kumar','123456','506','535','Functional Reporting','off','off',NULL,'2017-07-06 06:19:53',NULL,'2017-07-06 09:35:12',NULL,'Employee',141,NULL,'N','fioLXU5s77k:APA91bGIncFQ2oJJMILgoKPwZqN6-yMkLF6ahpTnYNsESL1juUZLqhoyRdD_ETY-xyxIGDhT5-2AJMCRJQnU5hq_OqRXOAOmwSgs6kGUlAzK4g5cS3ZDeBY0l3GnEz_bDkCNeTR4J_be','Y'),(274,177,74,6,'Code','testing',NULL,'9718640435','test@codecube.com','Code cube testing','123456','558','535',NULL,'off','off',NULL,'2017-07-06 08:04:57',NULL,'2017-09-28 13:03:44',NULL,'Employee',325,NULL,'N','doJ9LA3o-v4:APA91bGzN69wC77i9d-E-2AOuiIsaeJ_RUV3k7piNEUafTmCRTAEsszMVbQ__K84y6tZXBp9CuDckqslWN9Ga8s79LhZHcuYAMY5HrrXIy8Fn4DBr83HBeaBe8PPMiGk5LsPd7v9CYaP','Y'),(275,177,74,6,'Ravi','Kumar',NULL,'7678493726','akashbarda@rediffmail.com','Ravi Kumar','123456','506','513','103','off','off',NULL,'2017-07-06 10:27:00',NULL,'2017-07-14 05:31:06',NULL,'Employee',326,NULL,'N','fioLXU5s77k:APA91bGIncFQ2oJJMILgoKPwZqN6-yMkLF6ahpTnYNsESL1juUZLqhoyRdD_ETY-xyxIGDhT5-2AJMCRJQnU5hq_OqRXOAOmwSgs6kGUlAzK4g5cS3ZDeBY0l3GnEz_bDkCNeTR4J_be','Y'),(276,177,74,6,'Sanjay Tanti',NULL,NULL,'7292028472','','Sanjay Tanti','123456','506','513',NULL,'off','off',NULL,'2017-07-06 10:48:57',NULL,'2017-07-06 10:48:57',NULL,'user',131,NULL,'N',NULL,'Y'),(277,177,74,6,'Rahul',NULL,NULL,'7551127734','','Rahul','123456','506','538',NULL,'off','off',NULL,'2017-07-06 10:48:57',NULL,'2017-07-06 10:48:57',NULL,'user',132,NULL,'N',NULL,'Y'),(278,177,74,6,'Nekul Beniwal',NULL,NULL,'8800248788','','Nekul Beniwal','123456','506','538',NULL,'off','off',NULL,'2017-07-06 10:48:57',NULL,'2017-07-13 07:18:12',NULL,'user',133,NULL,'N','cYqbC7kUKq8:APA91bEBtQudLAQJEvyTBW9rtiqMyQjDbIihx2j30C3roZ9SRppOuubGdBdttjIwDtDEnmRxLlX3mUXSdlbaH-awyQWfkPn_jHVBNMdBrLoqfjPyQcutUweOSuUA-l__zph6pVMXIglV','Y'),(279,177,74,6,'Ram Avtar',NULL,NULL,'8586955104','','Ram Avtar','123456','506','538',NULL,'off','off',NULL,'2017-07-06 10:48:57',NULL,'2017-07-06 10:48:57',NULL,'user',134,NULL,'N',NULL,'Y'),(280,177,74,6,'Manoj Kumar',NULL,NULL,'9868337374','','Manoj Kumar','123456','506','534',NULL,'off','off',NULL,'2017-07-06 10:48:57',NULL,'2017-07-06 10:48:57',NULL,'user',135,NULL,'N',NULL,'Y'),(281,177,74,6,'Rohit Giri',NULL,NULL,'8882907213','','Rohit Giri','123456','506','535',NULL,'off','off',NULL,'2017-07-06 10:48:57',NULL,'2017-07-06 10:48:57',NULL,'user',136,NULL,'N',NULL,'Y'),(282,177,74,6,'Lalit Mohan',NULL,NULL,'8750628283','','Lalit Mohan','123456','506','513',NULL,'off','off',NULL,'2017-07-06 10:48:57',NULL,'2017-07-06 10:48:57',NULL,'user',137,NULL,'N',NULL,'Y'),(283,177,74,6,'Manoj Kumar',NULL,NULL,'9069163513','','Manoj Kumar','123456','506','513',NULL,'off','off',NULL,'2017-07-06 10:48:57',NULL,'2017-07-06 10:48:57',NULL,'user',138,NULL,'N',NULL,'Y'),(284,177,74,6,'Santosh Singh',NULL,NULL,'7053730227','','Santosh Singh','123456','506','534',NULL,'off','off',NULL,'2017-07-06 10:48:57',NULL,'2017-07-06 10:48:57',NULL,'user',139,NULL,'N',NULL,'Y'),(285,177,74,6,'Sajid',NULL,NULL,'9911817714','','Sajid','123456','506','534',NULL,'off','off',NULL,'2017-07-06 10:48:57',NULL,'2017-07-06 10:48:57',NULL,'user',140,NULL,'N',NULL,'Y'),(287,177,74,6,'Golu',NULL,NULL,'9582424362','','Golu','123456','506','513',NULL,'off','off',NULL,'2017-07-06 10:48:57',NULL,'2017-07-06 10:48:57',NULL,'user',143,NULL,'N',NULL,'Y'),(288,177,74,6,'Shyam',NULL,NULL,'9582802617','','Shyam','123456','506','513',NULL,'off','off',NULL,'2017-07-06 10:48:57',NULL,'2017-07-06 10:48:57',NULL,'user',144,NULL,'N',NULL,'Y'),(289,177,74,6,'Ravi',NULL,NULL,'8505853029','','Ravi','123456','506','535',NULL,'off','off',NULL,'2017-07-06 10:48:57',NULL,'2017-07-06 10:48:57',NULL,'user',145,NULL,'N',NULL,'Y'),(290,177,74,6,'Anil',NULL,NULL,'9953295992','','Anil','123456','506','534',NULL,'off','off',NULL,'2017-07-06 10:48:57',NULL,'2017-07-06 10:48:57',NULL,'user',146,NULL,'N',NULL,'Y'),(291,177,74,6,'Gaurav Singh',NULL,NULL,'9999493395','','Gaurav Singh','123456','506','534',NULL,'off','off',NULL,'2017-07-06 10:48:57',NULL,'2017-07-06 10:48:57',NULL,'user',147,NULL,'N',NULL,'Y'),(292,177,74,6,'Suraj Ale',NULL,NULL,'9999054111','','Suraj Ale','123456','506','534',NULL,'off','off',NULL,'2017-07-06 10:48:57',NULL,'2017-07-06 10:48:57',NULL,'user',148,NULL,'N',NULL,'Y'),(293,177,74,6,'Pintu',NULL,NULL,'7503996592','','Pintu','123456','506','513',NULL,'off','off',NULL,'2017-07-06 10:48:57',NULL,'2017-07-06 10:48:57',NULL,'user',149,NULL,'N',NULL,'Y'),(294,177,74,6,'Dharmendra Jain',NULL,NULL,'9911969647','','Dharmendra Jain','123456','506','513',NULL,'off','off',NULL,'2017-07-06 10:48:57',NULL,'2017-07-06 10:48:57',NULL,'user',150,NULL,'N',NULL,'Y'),(295,177,74,6,'Hari Das',NULL,NULL,'8826635781','','Hari Das','123456','506','513',NULL,'off','off',NULL,'2017-07-06 10:48:57',NULL,'2017-07-06 10:48:57',NULL,'user',151,NULL,'N',NULL,'Y'),(296,177,74,6,'Savita',NULL,NULL,'9560528915','','Savita','123456','506','533',NULL,'off','off',NULL,'2017-07-06 10:48:57',NULL,'2017-07-06 10:48:57',NULL,'user',152,NULL,'N',NULL,'Y'),(297,177,74,6,'Sajjan Singh',NULL,NULL,'9711857911','','Sajjan Singh','123456','506','531',NULL,'off','off',NULL,'2017-07-06 10:48:57',NULL,'2017-07-06 10:48:57',NULL,'user',153,NULL,'N',NULL,'Y'),(298,177,74,6,'Shivrattan',NULL,NULL,'9990512969','','Shivrattan','123456','506','551',NULL,'off','off',NULL,'2017-07-06 10:48:57',NULL,'2017-07-08 07:58:47',NULL,'user',154,NULL,'N','fxKJkVi5dJk:APA91bF8iTaSWzqt0Ww9TmvIMc0ceu2D5SdgmPG1Lx_jso38jungerFapiB70KGOZSPLvVClwCq7DD-AVfT0DucZtZf6pNKZLfHZLUZQHb4JKw5J-2O6x8Z2eewwp2ttLIbwSWrAGs8j','Y'),(299,177,74,6,'Neeraj',NULL,NULL,'9212285584','','Neeraj','123456','506','535',NULL,'off','off',NULL,'2017-07-06 10:48:57',NULL,'2017-07-08 07:54:18',NULL,'user',155,NULL,'N','fR-T4VB5EII:APA91bGTW54cLfNdzdMxIR4Nk4prOery-ebxroVJx9-G4bXIA1h5eaonyrf79ozz3_5oJktpDQm4P6cxrYy_dEqfOMXq9reCl29FXYa6jcFPQaajBq8OnkyY4D2UAl54bYe5BgXGnV1v','Y'),(300,177,74,6,'Deepak Kumar',NULL,NULL,'8447035478','','Deepak Kumar','123456','506','535',NULL,'off','off',NULL,'2017-07-06 10:48:57',NULL,'2017-07-06 10:48:57',NULL,'user',156,NULL,'N',NULL,'Y'),(301,177,74,6,'Sunita',NULL,NULL,'8447327054','','Sunita','123456','506','533',NULL,'off','off',NULL,'2017-07-06 10:48:57',NULL,'2017-07-06 10:48:57',NULL,'user',157,NULL,'N',NULL,'Y'),(302,177,74,6,'Vishal',NULL,NULL,'9958054934','','Vishal','123456','506','513',NULL,'off','off',NULL,'2017-07-06 10:48:57',NULL,'2017-07-06 10:48:57',NULL,'user',158,NULL,'N',NULL,'Y'),(303,177,74,6,'Aman','Singh',NULL,'8851727501','','Aman Singh','123456','506','514',NULL,'off','off',NULL,'2017-07-06 10:48:57',NULL,'2017-07-10 05:57:09',NULL,'user',159,NULL,'N',NULL,'Y'),(304,177,74,6,'Manoj',NULL,NULL,'9718415149','','Manoj','123456','506','513',NULL,'off','off',NULL,'2017-07-06 10:48:57',NULL,'2017-07-06 10:48:57',NULL,'user',160,NULL,'N',NULL,'Y'),(305,177,74,6,'Rohit',NULL,NULL,'8010130927','','Rohit','123456','506','513',NULL,'off','off',NULL,'2017-07-06 10:48:57',NULL,'2017-07-06 10:48:57',NULL,'user',161,NULL,'N',NULL,'Y'),(306,177,74,6,'Pappu',NULL,NULL,'9891624472','','Pappu','123456','506','513',NULL,'off','off',NULL,'2017-07-06 10:48:57',NULL,'2017-07-06 10:48:57',NULL,'user',162,NULL,'N',NULL,'Y'),(307,177,74,6,'Vijay',NULL,NULL,'7503134601','','Vijay','750313','506','513',NULL,'off','off',NULL,'2017-07-06 10:48:57',NULL,'2017-08-11 06:41:36',NULL,'user',163,NULL,'N','deWCYWmM5ZI:APA91bF749jXgig-fUg4wRD6zxlIdsExLnOq_Fy9ENWulLFR8aEQ7QEsmEsQNnyHyCJ-y0J6i6a1PJYouGTNSwQBu2V6joVM67h3vaAfBsvTjWcF6kZnkAr5tOGXe_DyffCYd7X83X22','Y'),(308,177,74,6,'Deepak Bgel',NULL,NULL,'8750604512','','Deepak Bgel','123456','506','513',NULL,'off','off',NULL,'2017-07-06 10:48:57',NULL,'2017-07-11 10:38:59',NULL,'user',164,NULL,'N','cFnrR7JeYxY:APA91bH-BoM5-i4jmls8J4ygEjax8Q4Ga3FW8mjsCdLjYKPhnxD-mKMRqMzE6B9qK4m5cthYoHhGbdKd5RjUHc4i1QnrCyJA6QC3JU9WwAOpAw1ZNfbjseNLfDMgziFpBpg9YbO6bci0','Y'),(309,177,74,6,'Ravi',NULL,NULL,'9560629771','','Ravi','123456','506','513',NULL,'off','off',NULL,'2017-07-06 10:48:57',NULL,'2017-07-06 10:48:57',NULL,'user',165,NULL,'N',NULL,'Y'),(310,177,74,6,'Azad Ali',NULL,NULL,'9717213820','','Azad Ali','123456','506','513',NULL,'off','off',NULL,'2017-07-06 10:48:57',NULL,'2017-07-06 10:48:57',NULL,'user',166,NULL,'N',NULL,'Y'),(311,177,74,6,'Suraj Kumar',NULL,NULL,'9717445510','','Suraj Kumar','123456','506','513',NULL,'off','off',NULL,'2017-07-06 10:48:57',NULL,'2017-07-06 10:48:57',NULL,'user',167,NULL,'N',NULL,'Y'),(312,177,74,6,'Saharukh Khan',NULL,NULL,'7210708392','','Saharukh Khan','123456','506','513',NULL,'off','off',NULL,'2017-07-06 10:48:57',NULL,'2017-07-06 10:48:57',NULL,'user',168,NULL,'N',NULL,'Y'),(313,177,74,6,'Vikas',NULL,NULL,'8285170274','','Vikas','123456','506','513',NULL,'off','off',NULL,'2017-07-06 10:48:57',NULL,'2017-07-06 10:48:57',NULL,'user',169,NULL,'N',NULL,'Y'),(314,177,74,6,'Shivam',NULL,NULL,'7042881844','','Shivam','123456','506','513',NULL,'off','off',NULL,'2017-07-06 10:48:57',NULL,'2017-07-06 10:48:57',NULL,'user',170,NULL,'N',NULL,'Y'),(315,177,74,6,'Sunil kumar',NULL,NULL,'8882272454','','Sunil kumar','123456','506','513',NULL,'off','off',NULL,'2017-07-06 10:48:57',NULL,'2017-07-06 10:48:57',NULL,'user',171,NULL,'N',NULL,'Y'),(316,177,74,6,'Ajay Kumar',NULL,NULL,'9599176465','','Ajay Kumar','123456','506','513',NULL,'off','off',NULL,'2017-07-06 10:48:57',NULL,'2017-07-07 02:46:13',NULL,'user',172,NULL,'N','dcw_af2YCEc:APA91bFP5YW0rqhPQ28zfQi2eWaDqOHEXrCsWWpVm8dakO7Tm-dQoBTdwQni0zKt6ML_KQLDVaxTkQAM8UI-mWUKVGPc-t635yKg7hkBZYNEHITuw1YWGBI0JCcJAPQ_BjeeeqEp2hCe','Y'),(317,177,74,6,'Manoj Kumar',NULL,NULL,'9953268346','','Manoj Kumar','123456','506','535',NULL,'off','off',NULL,'2017-07-06 10:48:57',NULL,'2017-07-06 11:50:49',NULL,'user',173,NULL,'N','dTbvEbWwwW4:APA91bGZGpvAUiEFkBaDp9MNG3EXavU77D9S7jQ622_XyZTzRKKGKdvYaP850m57lEYimcH-zhDZks_e3g6WmXpH4uEkzG_b7xGPZ14VXF4t5CRRAYfKc8T1JaoHQGYoADwR1A2Hb8EA','Y'),(318,177,74,6,'Saurav',NULL,NULL,'9654887497','','Saurav','123456','506','535',NULL,'off','off',NULL,'2017-07-06 10:48:57',NULL,'2017-07-06 10:49:35',NULL,'user',174,NULL,'N','dTbvEbWwwW4:APA91bGZGpvAUiEFkBaDp9MNG3EXavU77D9S7jQ622_XyZTzRKKGKdvYaP850m57lEYimcH-zhDZks_e3g6WmXpH4uEkzG_b7xGPZ14VXF4t5CRRAYfKc8T1JaoHQGYoADwR1A2Hb8EA','Y'),(319,177,74,6,'Manish Kumar',NULL,NULL,'9971824235','','Manish Kumar','123456','506','535',NULL,'off','off',NULL,'2017-07-06 10:48:57',NULL,'2017-07-06 11:48:40',NULL,'user',175,NULL,'N','dTbvEbWwwW4:APA91bGZGpvAUiEFkBaDp9MNG3EXavU77D9S7jQ622_XyZTzRKKGKdvYaP850m57lEYimcH-zhDZks_e3g6WmXpH4uEkzG_b7xGPZ14VXF4t5CRRAYfKc8T1JaoHQGYoADwR1A2Hb8EA','Y'),(320,177,74,6,'Raj Kumar',NULL,NULL,'9212925813','','Raj Kumar','123456','506','513',NULL,'off','off',NULL,'2017-07-06 10:48:57',NULL,'2017-07-06 11:29:04',NULL,'user',176,NULL,'N','dTbvEbWwwW4:APA91bGZGpvAUiEFkBaDp9MNG3EXavU77D9S7jQ622_XyZTzRKKGKdvYaP850m57lEYimcH-zhDZks_e3g6WmXpH4uEkzG_b7xGPZ14VXF4t5CRRAYfKc8T1JaoHQGYoADwR1A2Hb8EA','Y'),(321,177,74,6,'Sanjay Kumar',NULL,NULL,'8447096883','','Sanjay Kumar','123456','506','534',NULL,'off','off',NULL,'2017-07-06 10:48:57',NULL,'2017-07-06 10:48:57',NULL,'user',177,NULL,'N',NULL,'Y'),(322,177,74,6,'Rambir Singh',NULL,NULL,'8826033346','','Rambir Singh','123456','506','534',NULL,'off','off',NULL,'2017-07-06 10:48:57',NULL,'2017-07-06 10:48:57',NULL,'user',178,NULL,'N',NULL,'Y'),(323,177,74,6,'Bhagwan Dass',NULL,NULL,'9211702931','','Bhagwan Dass','123456','506','513',NULL,'off','off',NULL,'2017-07-06 10:48:57',NULL,'2017-07-06 11:25:46',NULL,'user',179,NULL,'N','dTbvEbWwwW4:APA91bGZGpvAUiEFkBaDp9MNG3EXavU77D9S7jQ622_XyZTzRKKGKdvYaP850m57lEYimcH-zhDZks_e3g6WmXpH4uEkzG_b7xGPZ14VXF4t5CRRAYfKc8T1JaoHQGYoADwR1A2Hb8EA','Y'),(324,177,74,6,'Seema',NULL,NULL,'9958220797','','Seema','123456','506','533',NULL,'off','off',NULL,'2017-07-06 10:48:57',NULL,'2017-07-06 10:48:57',NULL,'user',180,NULL,'N',NULL,'Y'),(325,177,74,6,'Saroj Kumar Sah',NULL,NULL,'8802870182','','Saroj Kumar Sah','123456','506','505',NULL,'off','off',NULL,'2017-07-06 10:48:57',NULL,'2017-07-06 10:48:57',NULL,'user',181,NULL,'N',NULL,'Y'),(326,177,74,6,'Ram Niwas',NULL,NULL,'8826703460','','Ram Niwas','123456','506','513',NULL,'off','off',NULL,'2017-07-06 10:48:57',NULL,'2017-07-06 11:46:26',NULL,'user',182,NULL,'N','dTbvEbWwwW4:APA91bGZGpvAUiEFkBaDp9MNG3EXavU77D9S7jQ622_XyZTzRKKGKdvYaP850m57lEYimcH-zhDZks_e3g6WmXpH4uEkzG_b7xGPZ14VXF4t5CRRAYfKc8T1JaoHQGYoADwR1A2Hb8EA','Y'),(339,177,74,6,'RAVICHANDRAN',NULL,NULL,'9884321159','','RAVICHANDRAN','123456','506','536',NULL,'off','off',NULL,'2017-07-06 18:24:44',NULL,'2017-07-06 12:54:47',NULL,'user',327,NULL,'N',NULL,'Y'),(340,177,74,6,'ATANU LAHIRI',NULL,NULL,'9748344301','','ATANU LAHIRI','123456','506','551',NULL,'off','off',NULL,'2017-07-06 18:27:18',NULL,'2017-07-06 12:57:21',NULL,'user',328,NULL,'N',NULL,'Y'),(341,177,74,6,'SANJAY CHAKRABORTY',NULL,NULL,'9836277458','','SANJAY CHAKRABORTY','123456','506','513',NULL,'off','off',NULL,'2017-07-06 18:27:18',NULL,'2017-07-06 12:57:21',NULL,'user',329,NULL,'N',NULL,'Y'),(342,177,74,6,'RAJU BAIDYA',NULL,NULL,'9609275543','','RAJU BAIDYA','123456','506','513',NULL,'off','off',NULL,'2017-07-06 18:27:18',NULL,'2017-07-06 12:57:21',NULL,'user',330,NULL,'N',NULL,'Y'),(343,177,74,6,'SANJAY SARKAR',NULL,NULL,'8653762939','','SANJAY SARKAR','123456','506','513',NULL,'off','off',NULL,'2017-07-06 18:27:18',NULL,'2017-07-06 12:57:21',NULL,'user',331,NULL,'N',NULL,'Y'),(344,177,74,6,'ASHISH BALMIKI',NULL,NULL,'8958827170','','ASHISH BALMIKI','123456','506','513',NULL,'off','off',NULL,'2017-07-06 18:27:18',NULL,'2017-07-06 12:57:22',NULL,'user',332,NULL,'N',NULL,'Y'),(345,177,74,6,'SUNNY BALMIKI',NULL,NULL,'8267844076','','SUNNY BALMIKI','123456','506','535',NULL,'off','off',NULL,'2017-07-06 18:27:18',NULL,'2017-07-06 12:57:22',NULL,'user',333,NULL,'N',NULL,'Y'),(346,177,74,6,'NABA KUMAR KHANRA',NULL,NULL,'9874885154','','NABA KUMAR KHANRA','123456','506','551',NULL,'off','off',NULL,'2017-07-06 18:27:19',NULL,'2017-07-06 12:57:22',NULL,'user',334,NULL,'N',NULL,'Y'),(347,177,74,6,'LAKSHMI DAS',NULL,NULL,'8981680093','','LAKSHMI DAS','123456','506','513',NULL,'off','off',NULL,'2017-07-06 18:27:19',NULL,'2017-07-06 12:57:22',NULL,'user',335,NULL,'N',NULL,'Y'),(348,177,74,6,'ROSHAN',NULL,NULL,'7737944330','','ROSHAN','123456','506','513',NULL,'off','off',NULL,'2017-07-06 18:27:19',NULL,'2017-07-06 12:57:22',NULL,'user',336,NULL,'N',NULL,'Y'),(349,177,74,6,'BABLU BADYAKAR',NULL,NULL,'9614292366','','BABLU BADYAKAR','123456','506','513',NULL,'off','off',NULL,'2017-07-06 18:27:19',NULL,'2017-07-06 12:57:22',NULL,'user',337,NULL,'N',NULL,'Y'),(350,177,74,6,'HIMANSHU BARUI',NULL,NULL,'8981264108','','HIMANSHU BARUI','123456','506','531',NULL,'off','off',NULL,'2017-07-06 18:27:19',NULL,'2017-07-06 12:57:22',NULL,'user',338,NULL,'N',NULL,'Y'),(351,177,74,6,'DEBJIT KOLEY',NULL,NULL,'9433105924','','DEBJIT KOLEY','123456','506','551',NULL,'off','off',NULL,'2017-07-06 18:27:19',NULL,'2017-07-06 12:57:22',NULL,'user',339,NULL,'N',NULL,'Y'),(352,177,74,6,'IMRAT SINGH',NULL,NULL,'8251855220','','IMRAT SINGH','123456','506','513',NULL,'off','off',NULL,'2017-07-06 18:27:19',NULL,'2017-07-06 12:57:22',NULL,'user',340,NULL,'N',NULL,'Y'),(353,177,74,6,'KARUNAKARAN',NULL,NULL,'9840867363','','KARUNAKARAN','123456','506','535',NULL,'off','off',NULL,'2017-07-06 18:27:19',NULL,'2017-07-06 12:57:22',NULL,'user',341,NULL,'N',NULL,'Y'),(354,177,74,6,'U VIJAYALAKSHMI',NULL,NULL,'8124302247','','U VIJAYALAKSHMI','123456','506','533',NULL,'off','off',NULL,'2017-07-06 18:27:19',NULL,'2017-07-06 12:57:22',NULL,'user',342,NULL,'N',NULL,'Y'),(355,177,74,6,'SUENDRA KUMAR',NULL,NULL,'9667384020','','SUENDRA KUMAR','123456','506','513',NULL,'off','off',NULL,'2017-07-06 18:27:19',NULL,'2017-07-06 12:57:22',NULL,'user',343,NULL,'N',NULL,'Y'),(356,177,74,6,'VIJAY SAINI',NULL,NULL,'9610769758','','VIJAY SAINI','123456','506','513',NULL,'off','off',NULL,'2017-07-06 18:27:19',NULL,'2017-07-06 12:57:22',NULL,'user',344,NULL,'N',NULL,'Y'),(357,177,74,6,'MAKVANA CHETAN',NULL,NULL,'9033881921','','MAKVANA CHETAN','123456','506','513',NULL,'off','off',NULL,'2017-07-06 18:27:19',NULL,'2017-07-06 12:57:22',NULL,'user',345,NULL,'N',NULL,'Y'),(358,177,74,6,'KRISHNAMURTHY',NULL,NULL,'9003105525','','KRISHNAMURTHY','123456','506','513',NULL,'off','off',NULL,'2017-07-06 18:27:19',NULL,'2017-07-06 12:57:22',NULL,'user',346,NULL,'N',NULL,'Y'),(359,177,74,6,'Premshankar Ramgulam Gupta',NULL,NULL,'8080078792','','Premshankar Ramgulam Gupta','123456','506','513',NULL,'off','off',NULL,'2017-07-06 18:27:19',NULL,'2017-07-06 12:57:22',NULL,'user',347,NULL,'N',NULL,'Y'),(360,177,74,6,'MANISH TAJSAWI',NULL,NULL,'9950946304','','MANISH TAJSAWI','123456','506','513',NULL,'off','off',NULL,'2017-07-06 18:27:19',NULL,'2017-07-06 12:57:22',NULL,'user',348,NULL,'N',NULL,'Y'),(361,177,74,6,'RAHUL',NULL,NULL,'7740829936','','RAHUL','123456','506','513',NULL,'off','off',NULL,'2017-07-06 18:27:19',NULL,'2017-07-06 12:57:22',NULL,'user',349,NULL,'N',NULL,'Y'),(362,177,74,6,'Hemant Jagannath Gudekar',NULL,NULL,'8898587035','','Hemant Jagannath Gudekar','123456','506','513',NULL,'off','off',NULL,'2017-07-06 18:27:19',NULL,'2017-07-06 12:57:22',NULL,'user',350,NULL,'N',NULL,'Y'),(363,177,74,6,'Ganesh Atmaram Mitagiri',NULL,NULL,'7045090165','','Ganesh Atmaram Mitagiri','123456','506','513',NULL,'off','off',NULL,'2017-07-06 18:27:19',NULL,'2017-07-06 12:57:23',NULL,'user',351,NULL,'N',NULL,'Y'),(364,177,74,6,'ARJUN KUMAR',NULL,NULL,'8502825443','','ARJUN KUMAR','123456','506','513',NULL,'off','off',NULL,'2017-07-06 18:27:19',NULL,'2017-07-06 12:57:23',NULL,'user',352,NULL,'N',NULL,'Y'),(365,177,74,6,'GOPAL RAM',NULL,NULL,'9709228972','','GOPAL RAM','123456','506','513',NULL,'off','off',NULL,'2017-07-06 18:27:20',NULL,'2017-07-06 12:57:23',NULL,'user',353,NULL,'N',NULL,'Y'),(366,177,74,6,'Basavaraju',NULL,NULL,'8951741590','','Basavaraju','123456','506','536',NULL,'off','off',NULL,'2017-07-06 18:27:20',NULL,'2017-07-06 12:57:23',NULL,'user',354,NULL,'N',NULL,'Y'),(367,177,74,6,'Girish C',NULL,NULL,'9902526779','','Girish C','123456','506','536',NULL,'off','off',NULL,'2017-07-06 18:27:20',NULL,'2017-07-06 12:57:23',NULL,'user',355,NULL,'N',NULL,'Y'),(368,177,74,6,'SAVITHRI',NULL,NULL,'9916607405','','SAVITHRI','123456','506','533',NULL,'off','off',NULL,'2017-07-06 18:27:20',NULL,'2017-07-06 12:57:23',NULL,'user',356,NULL,'N',NULL,'Y'),(369,177,74,6,'SEEMA SAMEER KALEKAR',NULL,NULL,'8879571335','','SEEMA SAMEER KALEKAR','123456','506','533',NULL,'off','off',NULL,'2017-07-06 18:27:20',NULL,'2017-07-06 12:57:23',NULL,'user',357,NULL,'N',NULL,'Y'),(370,177,74,6,'VIJAY KASHIRAM SHEDGE',NULL,NULL,'7208997155','','VIJAY KASHIRAM SHEDGE','123456','506','513',NULL,'off','off',NULL,'2017-07-06 18:27:20',NULL,'2017-07-06 12:57:23',NULL,'user',358,NULL,'N',NULL,'Y'),(371,177,74,6,'AJAY VILASRAO CHOUDHRI',NULL,NULL,'7249016695','','AJAY VILASRAO CHOUDHRI','123456','506','513',NULL,'off','off',NULL,'2017-07-06 18:27:20',NULL,'2017-07-06 12:57:23',NULL,'user',359,NULL,'N',NULL,'Y'),(372,177,74,6,'AMIT RAMLING SHINDE',NULL,NULL,'8855899931','','AMIT RAMLING SHINDE','123456','506','535',NULL,'off','off',NULL,'2017-07-06 18:27:20',NULL,'2017-07-06 12:57:23',NULL,'user',360,NULL,'N',NULL,'Y'),(373,177,74,6,'RAJESH POPAT MAKAR',NULL,NULL,'9604615878','','RAJESH POPAT MAKAR','123456','506','513',NULL,'off','off',NULL,'2017-07-06 18:27:20',NULL,'2017-07-06 12:57:23',NULL,'user',361,NULL,'N',NULL,'Y'),(374,177,74,6,'Bijendra Kumar',NULL,NULL,'9816485674','','Bijendra Kumar','123456','506','513',NULL,'off','off',NULL,'2017-07-06 18:27:20',NULL,'2017-07-06 12:57:23',NULL,'user',362,NULL,'N',NULL,'Y'),(375,177,74,6,'Gurdeep Singh',NULL,NULL,'9805154355','','Gurdeep Singh','123456','506','513',NULL,'off','off',NULL,'2017-07-06 18:27:20',NULL,'2017-07-06 12:57:23',NULL,'user',363,NULL,'N',NULL,'Y'),(376,177,74,6,'Rahul Kumar',NULL,NULL,'9882790611','','Rahul Kumar','123456','506','513',NULL,'off','off',NULL,'2017-07-06 18:27:20',NULL,'2017-07-06 12:57:23',NULL,'user',364,NULL,'N',NULL,'Y'),(377,177,74,6,'MOHINDER SINGH',NULL,NULL,'9697662330','','MOHINDER SINGH','123456','506','513',NULL,'off','off',NULL,'2017-07-06 18:27:20',NULL,'2017-07-06 12:57:23',NULL,'user',365,NULL,'N',NULL,'Y'),(378,177,74,6,'GURDAH SING',NULL,NULL,'9858633934','','GURDAH SING','123456','506','513',NULL,'off','off',NULL,'2017-07-06 18:27:20',NULL,'2017-07-06 12:57:23',NULL,'user',366,NULL,'N',NULL,'Y'),(379,177,74,6,'SALIMA ABDUL SHEKH',NULL,NULL,'9762221616','','SALIMA ABDUL SHEKH','123456','506','533',NULL,'off','off',NULL,'2017-07-06 18:27:20',NULL,'2017-07-06 12:57:23',NULL,'user',367,NULL,'N',NULL,'Y'),(380,177,74,6,'RAMILA HARISH SOLANKI',NULL,NULL,'9320598936','','RAMILA HARISH SOLANKI','123456','506','533',NULL,'off','off',NULL,'2017-07-06 18:27:20',NULL,'2017-07-06 12:57:23',NULL,'user',368,NULL,'N',NULL,'Y'),(381,177,74,6,'KAMAL KUMAR',NULL,NULL,'9988525665','','KAMAL KUMAR','123456','506','513',NULL,'off','off',NULL,'2017-07-06 18:27:20',NULL,'2017-07-06 12:57:24',NULL,'user',369,NULL,'N',NULL,'Y'),(382,177,74,6,'DATTATRAY CHOPADE',NULL,NULL,'9527939654','','DATTATRAY CHOPADE','123456','506','513',NULL,'off','off',NULL,'2017-07-06 18:27:20',NULL,'2017-07-06 12:57:24',NULL,'user',370,NULL,'N',NULL,'Y'),(383,177,74,6,'Fayaz Pasha',NULL,NULL,'9902479099','','Fayaz Pasha','123456','506','536',NULL,'off','off',NULL,'2017-07-06 18:27:21',NULL,'2017-07-06 12:57:24',NULL,'user',371,NULL,'N',NULL,'Y'),(384,177,74,6,'Muniswamaiah M',NULL,NULL,'9206713089','','Muniswamaiah M','123456','506','536',NULL,'off','off',NULL,'2017-07-06 18:27:21',NULL,'2017-07-06 12:57:24',NULL,'user',372,NULL,'N',NULL,'Y'),(385,177,74,6,'Govardan N',NULL,NULL,'9742052628','','Govardan N','123456','506','536',NULL,'off','off',NULL,'2017-07-06 18:27:21',NULL,'2017-07-06 12:57:24',NULL,'user',373,NULL,'N',NULL,'Y'),(386,177,74,6,'Krishna Shetty B S',NULL,NULL,'8971478767','','Krishna Shetty B S','123456','506','536',NULL,'off','off',NULL,'2017-07-06 18:27:21',NULL,'2017-07-06 12:57:24',NULL,'user',374,NULL,'N',NULL,'Y'),(387,177,74,6,'DHUMAL GANESH',NULL,NULL,'9624724501','','DHUMAL GANESH','123456','506','513',NULL,'off','off',NULL,'2017-07-06 18:27:21',NULL,'2017-07-06 12:57:24',NULL,'user',375,NULL,'N',NULL,'Y'),(388,177,74,6,'Devaraju',NULL,NULL,'9141016759','','Devaraju','123456','506','536',NULL,'off','off',NULL,'2017-07-06 18:27:21',NULL,'2017-07-06 12:57:24',NULL,'user',376,NULL,'N',NULL,'Y'),(389,177,74,6,'JITENDRA SINGH KANESH',NULL,NULL,'9977788324','','JITENDRA SINGH KANESH','123456','506','513',NULL,'off','off',NULL,'2017-07-06 18:27:21',NULL,'2017-07-06 12:57:24',NULL,'user',377,NULL,'N',NULL,'Y'),(390,177,74,6,'PARMAR RAJESHBHAI',NULL,NULL,'9099739048','','PARMAR RAJESHBHAI','123456','506','513',NULL,'off','off',NULL,'2017-07-06 18:27:21',NULL,'2017-07-06 12:57:24',NULL,'user',378,NULL,'N',NULL,'Y'),(391,177,74,6,'SANJAY RAJAK',NULL,NULL,'9820844048','','SANJAY RAJAK','123456','506','531',NULL,'off','off',NULL,'2017-07-06 18:27:21',NULL,'2017-07-06 12:57:24',NULL,'user',379,NULL,'N',NULL,'Y'),(392,177,74,6,'Kaapu Hanumantarayappa',NULL,NULL,'8549967117','','Kaapu Hanumantarayappa','123456','506','536',NULL,'off','off',NULL,'2017-07-06 18:27:21',NULL,'2017-07-06 12:57:24',NULL,'user',380,NULL,'N',NULL,'Y'),(393,177,74,6,'RANJIT GOGOI',NULL,NULL,'7035444755','','RANJIT GOGOI','123456','506','513',NULL,'off','off',NULL,'2017-07-06 18:27:21',NULL,'2017-07-06 12:57:24',NULL,'user',381,NULL,'N',NULL,'Y'),(394,177,74,6,'RAHUL KUMAR',NULL,NULL,'8252960853','','RAHUL KUMAR','123456','506','513',NULL,'off','off',NULL,'2017-07-06 18:27:21',NULL,'2017-07-06 12:57:24',NULL,'user',382,NULL,'N',NULL,'Y'),(395,177,74,6,'KUMAR SONI',NULL,NULL,'8602062225','','KUMAR SONI','123456','506','513',NULL,'off','off',NULL,'2017-07-06 18:27:21',NULL,'2017-07-06 12:57:24',NULL,'user',383,NULL,'N',NULL,'Y'),(396,177,74,6,'KANAKAPPA BHAJANTRI',NULL,NULL,'9741280582','','KANAKAPPA BHAJANTRI','123456','506','513',NULL,'off','off',NULL,'2017-07-06 18:27:21',NULL,'2017-07-06 12:57:24',NULL,'user',384,NULL,'N',NULL,'Y'),(397,177,74,6,'NAGARAJ K',NULL,NULL,'8867990424','','NAGARAJ K','123456','506','513',NULL,'off','off',NULL,'2017-07-06 18:27:21',NULL,'2017-07-06 12:57:24',NULL,'user',385,NULL,'N',NULL,'Y'),(398,177,74,6,'Keshav',NULL,NULL,'8123464816','','Keshav','123456','506','513',NULL,'off','off',NULL,'2017-07-06 18:27:21',NULL,'2017-07-06 12:57:24',NULL,'user',386,NULL,'N',NULL,'Y'),(399,177,74,6,'Nijamuddin C Kalasa',NULL,NULL,'9880729601','','Nijamuddin C Kalasa','123456','506','513',NULL,'off','off',NULL,'2017-07-06 18:27:21',NULL,'2017-07-06 12:57:24',NULL,'user',387,NULL,'N',NULL,'Y'),(400,177,74,6,'BABY USHA.K',NULL,NULL,'9961717641','','BABY USHA.K','123456','506','533',NULL,'off','off',NULL,'2017-07-06 18:27:21',NULL,'2017-07-06 12:57:25',NULL,'user',388,NULL,'N',NULL,'Y'),(401,177,74,6,'BHAGAVATHY',NULL,NULL,'9895629837','','BHAGAVATHY','123456','506','533',NULL,'off','off',NULL,'2017-07-06 18:27:21',NULL,'2017-07-06 12:57:25',NULL,'user',389,NULL,'N',NULL,'Y'),(402,177,74,6,'PRASANNA KUMARI.T.R',NULL,NULL,'9605311084','','PRASANNA KUMARI.T.R','123456','506','533',NULL,'off','off',NULL,'2017-07-06 18:27:22',NULL,'2017-07-06 12:57:25',NULL,'user',390,NULL,'N',NULL,'Y'),(403,177,74,6,'RADHAMANI .C.N',NULL,NULL,'8606208308','','RADHAMANI .C.N','123456','506','533',NULL,'off','off',NULL,'2017-07-06 18:27:22',NULL,'2017-07-06 12:57:25',NULL,'user',391,NULL,'N',NULL,'Y'),(404,177,74,6,'Krishnamoorthy S',NULL,NULL,'9611940975','','Krishnamoorthy S','123456','506','536',NULL,'off','off',NULL,'2017-07-06 18:27:22',NULL,'2017-07-06 12:57:25',NULL,'user',392,NULL,'N',NULL,'Y'),(405,177,74,6,'ANJU.K.P',NULL,NULL,'9048344279','','ANJU.K.P','123456','506','533',NULL,'off','off',NULL,'2017-07-06 18:27:22',NULL,'2017-07-06 12:57:25',NULL,'user',393,NULL,'N',NULL,'Y'),(406,177,74,6,'SHEEBA.P',NULL,NULL,'9605609436','','SHEEBA.P','123456','506','533',NULL,'off','off',NULL,'2017-07-06 18:27:22',NULL,'2017-07-06 12:57:25',NULL,'user',394,NULL,'N',NULL,'Y'),(407,177,74,6,'Pandiyan',NULL,NULL,'9741345865','','Pandiyan','123456','506','536',NULL,'off','off',NULL,'2017-07-06 18:27:22',NULL,'2017-07-06 12:57:25',NULL,'user',395,NULL,'N',NULL,'Y'),(408,177,74,6,'Kiran R',NULL,NULL,'9731794679','','Kiran R','123456','506','533',NULL,'off','off',NULL,'2017-07-06 18:27:22',NULL,'2017-07-06 12:57:25',NULL,'user',396,NULL,'N',NULL,'Y'),(409,177,74,6,'Manja',NULL,NULL,'9901397209','','Manja','123456','506','536',NULL,'off','off',NULL,'2017-07-06 18:27:22',NULL,'2017-07-06 12:57:25',NULL,'user',397,NULL,'N',NULL,'Y'),(410,177,74,6,'INDRA KHADIA',NULL,NULL,'9776462662','','INDRA KHADIA','123456','506','513',NULL,'off','off',NULL,'2017-07-06 18:27:22',NULL,'2017-07-06 12:57:25',NULL,'user',398,NULL,'N',NULL,'Y'),(411,177,74,6,'BALESWAR KUMURA',NULL,NULL,'7325930012','','BALESWAR KUMURA','123456','506','513',NULL,'off','off',NULL,'2017-07-06 18:27:22',NULL,'2017-07-06 12:57:25',NULL,'user',399,NULL,'N',NULL,'Y'),(412,177,74,6,'Ajmir hussain Borbhuiya',NULL,NULL,'9738178374','','Ajmir hussain Borbhuiya','123456','506','536',NULL,'off','off',NULL,'2017-07-06 18:27:22',NULL,'2017-07-06 12:57:25',NULL,'user',400,NULL,'N',NULL,'Y'),(413,177,74,6,'B S Adharsha',NULL,NULL,'9740739660','','B S Adharsha','123456','506','536',NULL,'off','off',NULL,'2017-07-06 18:27:22',NULL,'2017-07-06 12:57:25',NULL,'user',401,NULL,'N',NULL,'Y'),(414,177,74,6,'Manohar N',NULL,NULL,'8880789162','','Manohar N','123456','506','536',NULL,'off','off',NULL,'2017-07-06 18:27:22',NULL,'2017-07-06 12:57:25',NULL,'user',402,NULL,'N',NULL,'Y'),(415,177,74,6,'A.BARKATHTHULLA',NULL,NULL,'9789349841','','A.BARKATHTHULLA','123456','506','513',NULL,'off','off',NULL,'2017-07-06 18:27:22',NULL,'2017-07-06 12:57:25',NULL,'user',403,NULL,'N',NULL,'Y'),(416,177,74,6,'THAMIZHSELVI',NULL,NULL,'9894786191','','THAMIZHSELVI','123456','506','533',NULL,'off','off',NULL,'2017-07-06 18:27:22',NULL,'2017-07-06 12:57:25',NULL,'user',404,NULL,'N',NULL,'Y'),(417,177,74,6,'Abdul Kalam',NULL,NULL,'9686129388','','Abdul Kalam','123456','506','536',NULL,'off','off',NULL,'2017-07-06 18:27:22',NULL,'2017-07-06 12:57:25',NULL,'user',405,NULL,'N',NULL,'Y'),(418,177,74,6,'RAJALINGAM',NULL,NULL,'9159092309','','RAJALINGAM','123456','506','513',NULL,'off','off',NULL,'2017-07-06 18:27:22',NULL,'2017-07-06 12:57:25',NULL,'user',406,NULL,'N',NULL,'Y'),(419,177,74,6,'RAJESH G JADAV',NULL,NULL,'9725461017','','RAJESH G JADAV','123456','506','513',NULL,'off','off',NULL,'2017-07-06 18:27:22',NULL,'2017-07-06 12:57:26',NULL,'user',407,NULL,'N',NULL,'Y'),(420,177,74,6,'Nikesh  Jagadish bhai  Solanki',NULL,NULL,'8735067228','','Nikesh  Jagadish bhai  Solanki','123456','506','513',NULL,'off','off',NULL,'2017-07-06 18:27:22',NULL,'2017-07-06 12:57:26',NULL,'user',408,NULL,'N',NULL,'Y'),(421,177,74,6,'Rohit Mohit  Chandu bhai',NULL,NULL,'9173779300','','Rohit Mohit  Chandu bhai','123456','506','513',NULL,'off','off',NULL,'2017-07-06 18:27:23',NULL,'2017-07-06 12:57:26',NULL,'user',409,NULL,'N',NULL,'Y'),(422,177,74,6,'VIMAL  BHIKABHAI  SOLANKI',NULL,NULL,'9898029121','','VIMAL  BHIKABHAI  SOLANKI','123456','506','513',NULL,'off','off',NULL,'2017-07-06 18:27:23',NULL,'2017-07-06 12:57:26',NULL,'user',410,NULL,'N',NULL,'Y'),(423,177,74,6,'PAZHANISAMI C',NULL,NULL,'8675467785','','PAZHANISAMI C','123456','506','513',NULL,'off','off',NULL,'2017-07-06 18:27:23',NULL,'2017-07-06 12:57:26',NULL,'user',411,NULL,'N',NULL,'Y'),(424,177,74,6,'INAVALLI LOVA RAJU',NULL,NULL,'9951113707','','INAVALLI LOVA RAJU','123456','506','513',NULL,'off','off',NULL,'2017-07-06 18:27:23',NULL,'2017-07-06 12:57:26',NULL,'user',412,NULL,'N',NULL,'Y'),(425,177,74,6,'KANDRAPU APPALA REDDY',NULL,NULL,'9985747065','','KANDRAPU APPALA REDDY','123456','506','513',NULL,'off','off',NULL,'2017-07-06 18:27:23',NULL,'2017-07-06 12:57:26',NULL,'user',413,NULL,'N',NULL,'Y'),(426,177,74,6,'KESANAPALLI ANIL KUMAR',NULL,NULL,'9010261874','','KESANAPALLI ANIL KUMAR','123456','506','513',NULL,'off','off',NULL,'2017-07-06 18:27:23',NULL,'2017-07-06 12:57:26',NULL,'user',414,NULL,'N',NULL,'Y'),(427,177,74,6,'VAKA VENKATESWARA RAO',NULL,NULL,'9154580087','','VAKA VENKATESWARA RAO','123456','506','513',NULL,'off','off',NULL,'2017-07-06 18:27:23',NULL,'2017-07-06 12:57:26',NULL,'user',415,NULL,'N',NULL,'Y'),(428,177,74,6,'DASARI PRSSHANTH',NULL,NULL,'9666956147','','DASARI PRSSHANTH','123456','506','513',NULL,'off','off',NULL,'2017-07-06 18:27:23',NULL,'2017-07-06 12:57:26',NULL,'user',416,NULL,'N',NULL,'Y'),(429,177,74,6,'MANTHAPURI LATHA',NULL,NULL,'8897361084','','MANTHAPURI LATHA','123456','506','533',NULL,'off','off',NULL,'2017-07-06 18:27:23',NULL,'2017-07-06 12:57:26',NULL,'user',417,NULL,'N',NULL,'Y'),(430,177,74,6,'NAVEEN SAIN',NULL,NULL,'9779319039','','NAVEEN SAIN','123456','506','513',NULL,'off','off',NULL,'2017-07-06 18:27:23',NULL,'2017-07-06 12:57:26',NULL,'user',418,NULL,'N',NULL,'Y'),(431,177,74,6,'ASHISH KUMAR',NULL,NULL,'8559069037','','ASHISH KUMAR','123456','506','513',NULL,'off','off',NULL,'2017-07-06 18:27:23',NULL,'2017-07-06 12:57:26',NULL,'user',419,NULL,'N',NULL,'Y'),(432,177,74,6,'BHAGABAN MISHRA',NULL,NULL,'7384168222','','BHAGABAN MISHRA','123456','506','513',NULL,'off','off',NULL,'2017-07-06 18:27:23',NULL,'2017-07-06 12:57:26',NULL,'user',420,NULL,'N',NULL,'Y'),(433,177,74,6,'ATTUKUR SARITHA',NULL,NULL,'9030408885','','ATTUKUR SARITHA','123456','506','533',NULL,'off','off',NULL,'2017-07-06 18:27:23',NULL,'2017-07-06 12:57:26',NULL,'user',421,NULL,'N',NULL,'Y'),(434,177,74,6,'DILIP YEWLE',NULL,NULL,'8349951262','','DILIP YEWLE','123456','506','513',NULL,'off','off',NULL,'2017-07-06 18:27:23',NULL,'2017-07-06 12:57:26',NULL,'user',422,NULL,'N',NULL,'Y'),(435,177,74,6,'ROSHAN SADASHIV VARISHE',NULL,NULL,'9975201599','','ROSHAN SADASHIV VARISHE','123456','506','513',NULL,'off','off',NULL,'2017-07-06 18:27:23',NULL,'2017-07-06 12:57:26',NULL,'user',423,NULL,'N',NULL,'Y'),(436,177,74,6,'SACHIN DIGAMBAR KARAVADE',NULL,NULL,'9867037579','','SACHIN DIGAMBAR KARAVADE','123456','506','513',NULL,'off','off',NULL,'2017-07-06 18:27:23',NULL,'2017-07-06 12:57:26',NULL,'user',424,NULL,'N',NULL,'Y'),(437,177,74,6,'PRABODH BASIL TUTI',NULL,NULL,'8294043535','','PRABODH BASIL TUTI','123456','506','513',NULL,'off','off',NULL,'2017-07-06 18:27:23',NULL,'2017-07-06 12:57:26',NULL,'user',425,NULL,'N',NULL,'Y'),(438,177,74,6,'RAMPAL DHOSALE',NULL,NULL,'8602530588','','RAMPAL DHOSALE','123456','506','552',NULL,'off','off',NULL,'2017-07-06 18:27:23',NULL,'2017-07-06 12:57:27',NULL,'user',426,NULL,'N',NULL,'Y'),(439,177,74,6,'DEELIP VISVANATH SURAWARDE',NULL,NULL,'9702754429','','DEELIP VISVANATH SURAWARDE','123456','506','513',NULL,'off','off',NULL,'2017-07-06 18:27:23',NULL,'2017-07-06 12:57:27',NULL,'user',427,NULL,'N',NULL,'Y'),(440,177,74,6,'SUDHIR SEETARAM JADAV',NULL,NULL,'7498115741','','SUDHIR SEETARAM JADAV','123456','506','513',NULL,'off','off',NULL,'2017-07-06 18:27:24',NULL,'2017-07-06 12:57:27',NULL,'user',428,NULL,'N',NULL,'Y'),(441,177,74,6,'BALU SONAWANE',NULL,NULL,'9657063159','','BALU SONAWANE','123456','506','513',NULL,'off','off',NULL,'2017-07-06 18:27:24',NULL,'2017-07-06 12:57:27',NULL,'user',429,NULL,'N',NULL,'Y'),(442,177,74,6,'SUNDER',NULL,NULL,'9813027392','','SUNDER','123456','506','513',NULL,'off','off',NULL,'2017-07-06 18:27:24',NULL,'2017-07-06 12:57:27',NULL,'user',430,NULL,'N',NULL,'Y'),(443,177,74,6,'SUNAL KUMAR YADAV',NULL,NULL,'7566168988','','SUNAL KUMAR YADAV','123456','506','513',NULL,'off','off',NULL,'2017-07-06 18:27:24',NULL,'2017-07-06 12:57:27',NULL,'user',431,NULL,'N',NULL,'Y'),(444,177,74,6,'GAJENDRA SAHU',NULL,NULL,'8269188010','','GAJENDRA SAHU','123456','506','513',NULL,'off','off',NULL,'2017-07-06 18:27:24',NULL,'2017-07-06 12:57:27',NULL,'user',432,NULL,'N',NULL,'Y'),(445,177,74,6,'SANDEEP MOHAN SIRKE',NULL,NULL,'8898194504','','SANDEEP MOHAN SIRKE','123456','506','513',NULL,'off','off',NULL,'2017-07-06 18:27:24',NULL,'2017-07-06 12:57:27',NULL,'user',433,NULL,'N',NULL,'Y'),(446,177,74,6,'SATPAL KUMAR',NULL,NULL,'9729370804','','SATPAL KUMAR','123456','506','513',NULL,'off','off',NULL,'2017-07-06 18:27:24',NULL,'2017-07-06 12:57:27',NULL,'user',434,NULL,'N',NULL,'Y'),(447,177,74,6,'MANGESH DIGAMBAR SANGLE',NULL,NULL,'7303638187','','MANGESH DIGAMBAR SANGLE','123456','506','513',NULL,'off','off',NULL,'2017-07-06 18:27:24',NULL,'2017-07-06 12:57:27',NULL,'user',435,NULL,'N',NULL,'Y'),(448,177,74,6,'Jitendra meghwal',NULL,NULL,'8769792992','','Jitendra meghwal','123456','506','513',NULL,'off','off',NULL,'2017-07-06 18:27:24',NULL,'2017-07-06 12:57:27',NULL,'user',436,NULL,'N',NULL,'Y'),(449,177,74,6,'Subhash Chand',NULL,NULL,'7082392550','','Subhash Chand','123456','506','513',NULL,'off','off',NULL,'2017-07-06 18:27:24',NULL,'2017-07-06 12:57:27',NULL,'user',437,NULL,'N',NULL,'Y'),(450,177,74,6,'GANESH  DHANRAJ',NULL,NULL,'7509145005','','GANESH  DHANRAJ','123456','506','513',NULL,'off','off',NULL,'2017-07-06 18:27:24',NULL,'2017-07-06 12:57:27',NULL,'user',438,NULL,'N',NULL,'Y'),(451,177,74,6,'MANEESH',NULL,NULL,'9098902140','','MANEESH','123456','506','513',NULL,'off','off',NULL,'2017-07-06 18:27:24',NULL,'2017-07-06 12:57:27',NULL,'user',439,NULL,'N',NULL,'Y'),(452,177,74,6,'VIMAL PRAJAPATI',NULL,NULL,'8302047800','','VIMAL PRAJAPATI','123456','506','513',NULL,'off','off',NULL,'2017-07-06 18:27:24',NULL,'2017-07-06 12:57:27',NULL,'user',440,NULL,'N',NULL,'Y'),(453,177,74,6,'om Prakash Chandel',NULL,NULL,'7694817159','','om Prakash Chandel','123456','506','513',NULL,'off','off',NULL,'2017-07-06 18:27:24',NULL,'2017-07-06 12:57:27',NULL,'user',441,NULL,'N',NULL,'Y'),(454,177,74,6,'SHIV  KUMAR  CHOUDHARY',NULL,NULL,'9179589434','','SHIV  KUMAR  CHOUDHARY','123456','506','513',NULL,'off','off',NULL,'2017-07-06 18:27:24',NULL,'2017-07-06 12:57:27',NULL,'user',442,NULL,'N',NULL,'Y'),(455,177,74,6,'PRAMOD PANSARE',NULL,NULL,'8889507836','','PRAMOD PANSARE','123456','506','513',NULL,'off','off',NULL,'2017-07-06 18:27:24',NULL,'2017-07-06 12:57:27',NULL,'user',443,NULL,'N',NULL,'Y'),(456,177,74,6,'HARIBABU DIVANAPU',NULL,NULL,'8095855866','','HARIBABU DIVANAPU','123456','506','535',NULL,'off','off',NULL,'2017-07-06 18:27:24',NULL,'2017-07-06 12:57:28',NULL,'user',444,NULL,'N',NULL,'Y'),(457,177,74,6,'ANITHA P',NULL,NULL,'9739521033','','ANITHA P','123456','506','533',NULL,'off','off',NULL,'2017-07-06 18:27:24',NULL,'2017-07-06 12:57:28',NULL,'user',445,NULL,'N',NULL,'Y'),(458,177,74,6,'PARVEEN',NULL,NULL,'9789058214','','PARVEEN','123456','506','533',NULL,'off','off',NULL,'2017-07-06 18:27:25',NULL,'2017-07-06 12:57:28',NULL,'user',446,NULL,'N',NULL,'Y'),(459,177,74,6,'RUPESH BHAINSARE',NULL,NULL,'7724891602','','RUPESH BHAINSARE','123456','506','513',NULL,'off','off',NULL,'2017-07-06 18:27:25',NULL,'2017-07-06 12:57:28',NULL,'user',447,NULL,'N',NULL,'Y'),(460,177,74,6,'SOLANKI BHARATBHAI',NULL,NULL,'9714493013','','SOLANKI BHARATBHAI','123456','506','535',NULL,'off','off',NULL,'2017-07-06 18:27:25',NULL,'2017-07-06 12:57:28',NULL,'user',448,NULL,'N',NULL,'Y'),(461,177,74,6,'JITENDRA SINGH MEHAR',NULL,NULL,'9827879977','','JITENDRA SINGH MEHAR','123456','506','513',NULL,'off','off',NULL,'2017-07-06 18:27:25',NULL,'2017-07-06 12:57:28',NULL,'user',449,NULL,'N',NULL,'Y'),(462,177,74,6,'AVINASH DHOSLE',NULL,NULL,'9009451583','','AVINASH DHOSLE','123456','506','513',NULL,'off','off',NULL,'2017-07-06 18:27:25',NULL,'2017-07-06 12:57:28',NULL,'user',450,NULL,'N',NULL,'Y'),(463,177,74,6,'NIHAR RANJAN NAYAK',NULL,NULL,'8895490536','','NIHAR RANJAN NAYAK','123456','506','513',NULL,'off','off',NULL,'2017-07-06 18:27:25',NULL,'2017-07-06 12:57:28',NULL,'user',451,NULL,'N',NULL,'Y'),(464,177,74,6,'BASANT KUMAR DAS',NULL,NULL,'9439908719','','BASANT KUMAR DAS','123456','506','535',NULL,'off','off',NULL,'2017-07-06 18:27:25',NULL,'2017-07-06 12:57:28',NULL,'user',452,NULL,'N',NULL,'Y'),(465,177,74,6,'Bibatsa Behera',NULL,NULL,'9776398484','','Bibatsa Behera','123456','506','529',NULL,'off','off',NULL,'2017-07-06 18:27:25',NULL,'2017-07-06 12:57:28',NULL,'user',453,NULL,'N',NULL,'Y'),(466,177,74,6,'JAGAN MAJHEE',NULL,NULL,'7381563838','','JAGAN MAJHEE','123456','506','551',NULL,'off','off',NULL,'2017-07-06 18:27:25',NULL,'2017-07-06 12:57:28',NULL,'user',454,NULL,'N',NULL,'Y'),(467,177,74,6,'PRASANT KUMAR SAH00',NULL,NULL,'9937510804','','PRASANT KUMAR SAH00','123456','506','513',NULL,'off','off',NULL,'2017-07-06 18:27:25',NULL,'2017-07-06 12:57:28',NULL,'user',455,NULL,'N',NULL,'Y'),(468,177,74,6,'RAJKUSHAVAH',NULL,NULL,'9074856933','','RAJKUSHAVAH','123456','506','513',NULL,'off','off',NULL,'2017-07-06 18:27:25',NULL,'2017-07-06 12:57:28',NULL,'user',456,NULL,'N',NULL,'Y'),(469,177,74,6,'Raju Rana',NULL,NULL,'8087723115','','Raju Rana','123456','506','531',NULL,'off','off',NULL,'2017-07-06 18:27:25',NULL,'2017-07-06 12:57:28',NULL,'user',457,NULL,'N',NULL,'Y'),(470,177,74,6,'Hitesh candu Solanki',NULL,NULL,'9768373596','','Hitesh candu Solanki','123456','506','513',NULL,'off','off',NULL,'2017-07-06 18:27:25',NULL,'2017-07-06 12:57:28',NULL,'user',458,NULL,'N',NULL,'Y'),(471,177,74,6,'ANIL MAHADEV MOHITE',NULL,NULL,'9930120427','','ANIL MAHADEV MOHITE','123456','506','513',NULL,'off','off',NULL,'2017-07-06 18:27:25',NULL,'2017-07-06 12:57:28',NULL,'user',459,NULL,'N',NULL,'Y'),(472,177,74,6,'UCHHAMAN ALI',NULL,NULL,'8867166035','','UCHHAMAN ALI','123456','506','513',NULL,'off','off',NULL,'2017-07-06 18:27:25',NULL,'2017-07-06 12:57:28',NULL,'user',460,NULL,'N',NULL,'Y'),(473,177,74,6,'Pradeep Ramchandra Kadam',NULL,NULL,'9699073256','','Pradeep Ramchandra Kadam','123456','506','513',NULL,'off','off',NULL,'2017-07-06 18:27:25',NULL,'2017-07-06 12:57:29',NULL,'user',461,NULL,'N',NULL,'Y'),(474,177,74,6,'RABINDRA BARIK',NULL,NULL,'7978324442','','RABINDRA BARIK','123456','506','536',NULL,'off','off',NULL,'2017-07-06 18:27:25',NULL,'2017-07-06 12:57:29',NULL,'user',462,NULL,'N',NULL,'Y'),(475,177,74,6,'Venkataramu',NULL,NULL,'9008432533','','Venkataramu','123456','506','536',NULL,'off','off',NULL,'2017-07-06 18:27:26',NULL,'2017-07-06 12:57:29',NULL,'user',463,NULL,'N',NULL,'Y'),(476,177,74,6,'Nauchad Ali',NULL,NULL,'8553523026','','Nauchad Ali','123456','506','536',NULL,'off','off',NULL,'2017-07-06 18:27:26',NULL,'2017-07-06 12:57:29',NULL,'user',464,NULL,'N',NULL,'Y'),(477,177,74,6,'SHIVARAYA',NULL,NULL,'8374318824','','SHIVARAYA','123456','506','513',NULL,'off','off',NULL,'2017-07-06 18:27:26',NULL,'2017-07-06 12:57:29',NULL,'user',465,NULL,'N',NULL,'Y'),(478,177,74,6,'BUTHA SRAVAN KUMAR',NULL,NULL,'7386523434','','BUTHA SRAVAN KUMAR','123456','506','513',NULL,'off','off',NULL,'2017-07-06 18:27:26',NULL,'2017-07-06 12:57:29',NULL,'user',466,NULL,'N',NULL,'Y'),(479,177,74,6,'BHASKAR',NULL,NULL,'9989309950','','BHASKAR','123456','506','513',NULL,'off','off',NULL,'2017-07-06 18:27:26',NULL,'2017-07-06 12:57:29',NULL,'user',467,NULL,'N',NULL,'Y'),(480,177,74,6,'G VIJAY',NULL,NULL,'7794008408','','G VIJAY','123456','506','551',NULL,'off','off',NULL,'2017-07-06 18:27:26',NULL,'2017-07-06 12:57:29',NULL,'user',468,NULL,'N',NULL,'Y'),(481,177,74,6,'Nitin kesan sable',NULL,NULL,'045852958','','Nitin kesan sable','123456','506','513',NULL,'off','off',NULL,'2017-07-06 18:27:26',NULL,'2017-07-06 12:57:29',NULL,'user',469,NULL,'N',NULL,'Y'),(482,177,74,6,'Pradeep Rustum chaure',NULL,NULL,'9892688865','','Pradeep Rustum chaure','123456','506','513',NULL,'off','off',NULL,'2017-07-06 18:27:26',NULL,'2017-07-06 12:57:29',NULL,'user',470,NULL,'N',NULL,'Y'),(483,177,74,6,'ARUL',NULL,NULL,'9283341336','','ARUL','123456','506','536',NULL,'off','off',NULL,'2017-07-06 18:27:26',NULL,'2017-07-06 12:57:29',NULL,'user',471,NULL,'N',NULL,'Y'),(484,177,74,6,'SANTHAKUMAR',NULL,NULL,'9790810735','','SANTHAKUMAR','123456','506','536',NULL,'off','off',NULL,'2017-07-06 18:27:26',NULL,'2017-07-06 12:57:29',NULL,'user',472,NULL,'N',NULL,'Y'),(485,177,74,6,'ANANADAN G',NULL,NULL,'9840838391','','ANANADAN G','123456','506','536',NULL,'off','off',NULL,'2017-07-06 18:27:26',NULL,'2017-07-06 12:57:29',NULL,'user',473,NULL,'N',NULL,'Y'),(486,177,74,6,'PRAKASH',NULL,NULL,'9841891620','','PRAKASH','123456','506','536',NULL,'off','off',NULL,'2017-07-06 18:27:26',NULL,'2017-07-06 12:57:29',NULL,'user',474,NULL,'N',NULL,'Y'),(487,177,74,6,'SARASWATHY',NULL,NULL,'9677134622','','SARASWATHY','123456','506','533',NULL,'off','off',NULL,'2017-07-06 18:27:26',NULL,'2017-07-06 12:57:29',NULL,'user',475,NULL,'N',NULL,'Y'),(488,177,74,6,'GOBI',NULL,NULL,'9176113955','','GOBI','123456','506','513',NULL,'off','off',NULL,'2017-07-06 18:27:26',NULL,'2017-07-06 12:57:29',NULL,'user',476,NULL,'N',NULL,'Y'),(489,177,74,6,'M.P THIRUPAL',NULL,NULL,'9840870236','','M.P THIRUPAL','123456','506','513',NULL,'off','off',NULL,'2017-07-06 18:27:26',NULL,'2017-07-06 12:57:29',NULL,'user',477,NULL,'N',NULL,'Y'),(490,177,74,6,'SURESH YADAV',NULL,NULL,'8827432717','','SURESH YADAV','123456','506','513',NULL,'off','off',NULL,'2017-07-06 18:27:26',NULL,'2017-07-06 12:57:29',NULL,'user',478,NULL,'N',NULL,'Y'),(491,177,74,6,'JAYANTA RAJBONGSHI',NULL,NULL,'8811838453','','JAYANTA RAJBONGSHI','123456','506','513',NULL,'off','off',NULL,'2017-07-06 18:27:26',NULL,'2017-07-06 12:57:30',NULL,'user',479,NULL,'N',NULL,'Y'),(492,177,74,6,'MD. SHAHZAD ALAM',NULL,NULL,'7644036564','','MD. SHAHZAD ALAM','123456','506','513',NULL,'off','off',NULL,'2017-07-06 18:27:26',NULL,'2017-07-06 12:57:30',NULL,'user',480,NULL,'N',NULL,'Y'),(493,177,74,6,'MD. TAHIR HUSSIAN',NULL,NULL,'8092406405','','MD. TAHIR HUSSIAN','123456','506','513',NULL,'off','off',NULL,'2017-07-06 18:27:27',NULL,'2017-07-06 12:57:30',NULL,'user',481,NULL,'N',NULL,'Y'),(494,177,74,6,'M.CHARLES',NULL,NULL,'9566152853','','M.CHARLES','123456','506','551',NULL,'off','off',NULL,'2017-07-06 18:27:27',NULL,'2017-07-06 12:57:30',NULL,'user',482,NULL,'N',NULL,'Y'),(495,177,74,6,'FAROOQ FAIJUDDIN SHAIKH',NULL,NULL,'7715873771','','FAROOQ FAIJUDDIN SHAIKH','123456','506','513',NULL,'off','off',NULL,'2017-07-06 18:27:27',NULL,'2017-07-06 12:57:30',NULL,'user',483,NULL,'N',NULL,'Y'),(496,177,74,6,'VIKRAM SINGH JATEA',NULL,NULL,'7740867535','','VIKRAM SINGH JATEA','123456','506','513',NULL,'off','off',NULL,'2017-07-06 18:27:27',NULL,'2017-07-06 12:57:30',NULL,'user',484,NULL,'N',NULL,'Y'),(497,177,74,6,'SHANMUGAM',NULL,NULL,'8489557942','','SHANMUGAM','123456','506','513',NULL,'off','off',NULL,'2017-07-06 18:27:27',NULL,'2017-07-06 12:57:30',NULL,'user',485,NULL,'N',NULL,'Y'),(498,177,74,6,'M VINOTH',NULL,NULL,'9941460995','','M VINOTH','123456','506','513',NULL,'off','off',NULL,'2017-07-06 18:27:27',NULL,'2017-07-06 12:57:30',NULL,'user',486,NULL,'N',NULL,'Y'),(499,177,74,6,'K SARATHKUMAR',NULL,NULL,'9791171431','','K SARATHKUMAR','123456','506','513',NULL,'off','off',NULL,'2017-07-06 18:27:27',NULL,'2017-07-06 12:57:30',NULL,'user',487,NULL,'N',NULL,'Y'),(500,177,74,6,'KUPPUSWAMY',NULL,NULL,'9600072138','','KUPPUSWAMY','123456','506','536',NULL,'off','off',NULL,'2017-07-06 18:27:27',NULL,'2017-07-06 12:57:30',NULL,'user',488,NULL,'N',NULL,'Y'),(501,177,74,6,'BABU K',NULL,NULL,'9698880852','','BABU K','123456','506','513',NULL,'off','off',NULL,'2017-07-06 18:27:27',NULL,'2017-07-06 12:57:30',NULL,'user',489,NULL,'N',NULL,'Y'),(502,177,74,6,'SATHISH K',NULL,NULL,'9629813842','','SATHISH K','123456','506','551',NULL,'off','off',NULL,'2017-07-06 18:27:27',NULL,'2017-07-06 12:57:30',NULL,'user',490,NULL,'N',NULL,'Y'),(503,177,74,6,'P BHARATHI',NULL,NULL,'9367759416','','P BHARATHI','123456','506','551',NULL,'off','off',NULL,'2017-07-06 18:27:27',NULL,'2017-07-06 12:57:30',NULL,'user',491,NULL,'N',NULL,'Y'),(504,177,74,6,'BALAKUMAR MARI',NULL,NULL,'8608384524','','BALAKUMAR MARI','123456','506','513',NULL,'off','off',NULL,'2017-07-06 18:27:27',NULL,'2017-07-06 12:57:30',NULL,'user',492,NULL,'N',NULL,'Y'),(505,177,74,6,'NARAYAN DASHRATH GAVAS',NULL,NULL,'7887741050','','NARAYAN DASHRATH GAVAS','123456','506','513',NULL,'off','off',NULL,'2017-07-06 18:27:27',NULL,'2017-07-06 12:57:30',NULL,'user',493,NULL,'N',NULL,'Y'),(506,177,74,6,'LAHORI MOHAMMADUMAR',NULL,NULL,'8401065123','','LAHORI MOHAMMADUMAR','123456','506','534',NULL,'off','off',NULL,'2017-07-06 18:27:27',NULL,'2017-07-06 12:57:30',NULL,'user',494,NULL,'N',NULL,'Y'),(507,177,74,6,'SOLANKI HIREN',NULL,NULL,'9998079596','','SOLANKI HIREN','123456','506','534',NULL,'off','off',NULL,'2017-07-06 18:27:27',NULL,'2017-07-06 12:57:30',NULL,'user',495,NULL,'N',NULL,'Y'),(508,177,74,6,'KIRAN KUMAR MAKWANA',NULL,NULL,'7600684760','','KIRAN KUMAR MAKWANA','123456','506','513',NULL,'off','off',NULL,'2017-07-06 18:27:27',NULL,'2017-07-06 12:57:30',NULL,'user',496,NULL,'N',NULL,'Y'),(509,177,74,6,'PARMAR VIJAYKUMAR',NULL,NULL,'9574536844','','PARMAR VIJAYKUMAR','123456','506','534',NULL,'off','off',NULL,'2017-07-06 18:27:27',NULL,'2017-07-06 12:57:31',NULL,'user',497,NULL,'N',NULL,'Y'),(510,177,74,6,'SAIKAT SAMANTA',NULL,NULL,'9503372742','','SAIKAT SAMANTA','123456','506','551',NULL,'off','off',NULL,'2017-07-06 18:27:27',NULL,'2017-07-06 12:57:31',NULL,'user',498,NULL,'N',NULL,'Y'),(511,177,74,6,'SUBRAT DAS',NULL,NULL,'9296646098','','SUBRAT DAS','123456','506','513',NULL,'off','off',NULL,'2017-07-06 18:27:28',NULL,'2017-07-06 12:57:31',NULL,'user',499,NULL,'N',NULL,'Y'),(512,177,74,6,'GOPINATH M',NULL,NULL,'8190910301','','GOPINATH M','123456','506','535',NULL,'off','off',NULL,'2017-07-06 18:27:28',NULL,'2017-07-06 12:57:31',NULL,'user',500,NULL,'N',NULL,'Y'),(513,177,74,6,'KRISHNAKUMAR MARIMUTHU',NULL,NULL,'9715255945','','KRISHNAKUMAR MARIMUTHU','123456','506','551',NULL,'off','off',NULL,'2017-07-06 18:27:28',NULL,'2017-07-10 06:59:25',NULL,'user',501,NULL,'N','dzhdaKOROSE:APA91bEw5Iceuvw5VvvrjVPIOHfgKkAuJ6HtcgWTRBQWMW-9MOHLp-kKM3CDX7z66BieFv-Fib4-HYhLO8odUMvEpgzGGHJcWItPw5TCc-FH10sCpEaTkhLH-gGS3OWPy-Fq45IU5c8J','Y'),(514,177,74,6,'FARHAS',NULL,NULL,'8098924825','','FARHAS','123456','506','535',NULL,'off','off',NULL,'2017-07-06 18:27:28',NULL,'2017-07-06 12:57:31',NULL,'user',502,NULL,'N',NULL,'Y'),(515,177,74,6,'Perumal Cheriyan',NULL,NULL,'0945223327','','Perumal Cheriyan','123456','506','513',NULL,'off','off',NULL,'2017-07-06 18:27:28',NULL,'2017-07-06 12:57:31',NULL,'user',503,NULL,'N',NULL,'Y'),(516,177,74,6,'VASUDEVAN DURAI',NULL,NULL,'9566740686','','VASUDEVAN DURAI','123456','506','513',NULL,'off','off',NULL,'2017-07-06 18:27:28',NULL,'2017-07-06 12:57:31',NULL,'user',504,NULL,'N',NULL,'Y'),(517,177,74,6,'NARAIAH',NULL,NULL,'8778963260','','NARAIAH','123456','506','513',NULL,'off','off',NULL,'2017-07-06 18:27:28',NULL,'2017-07-06 12:57:31',NULL,'user',505,NULL,'N',NULL,'Y'),(518,177,74,6,'KUMAR',NULL,NULL,'9940253373','','KUMAR','123456','506','513',NULL,'off','off',NULL,'2017-07-06 18:27:28',NULL,'2017-07-06 12:57:31',NULL,'user',506,NULL,'N',NULL,'Y'),(519,177,74,6,'KUPPUSWAMY',NULL,NULL,'9566268079','','KUPPUSWAMY','123456','506','513',NULL,'off','off',NULL,'2017-07-06 18:27:28',NULL,'2017-07-06 12:57:31',NULL,'user',507,NULL,'N',NULL,'Y'),(520,177,74,6,'S JANAKIRAMAN',NULL,NULL,'9092778170','','S JANAKIRAMAN','123456','506','513',NULL,'off','off',NULL,'2017-07-06 18:27:28',NULL,'2017-07-06 12:57:31',NULL,'user',508,NULL,'N',NULL,'Y'),(521,177,74,6,'M BHARATH',NULL,NULL,'9176496232','','M BHARATH','123456','506','513',NULL,'off','off',NULL,'2017-07-06 18:27:28',NULL,'2017-07-06 12:57:31',NULL,'user',509,NULL,'N',NULL,'Y'),(522,177,74,6,'CHITRA',NULL,NULL,'9710515942','','CHITRA','123456','506','533',NULL,'off','off',NULL,'2017-07-06 18:27:28',NULL,'2017-07-06 12:57:31',NULL,'user',510,NULL,'N',NULL,'Y'),(523,177,74,6,'Ashok Rathod',NULL,NULL,'9638302354','','Ashok Rathod','123456','506','513',NULL,'off','off',NULL,'2017-07-06 18:27:28',NULL,'2017-07-06 12:57:31',NULL,'user',511,NULL,'N',NULL,'Y'),(524,177,74,6,'Pravin  Dashrath   Bhai parse',NULL,NULL,'8238338752','','Pravin  Dashrath   Bhai parse','123456','506','513',NULL,'off','off',NULL,'2017-07-06 18:27:28',NULL,'2017-07-06 12:57:31',NULL,'user',512,NULL,'N',NULL,'Y'),(525,177,74,6,'Parmar Chimanbhai',NULL,NULL,'9638350413','','Parmar Chimanbhai','123456','506','513',NULL,'off','off',NULL,'2017-07-06 18:27:28',NULL,'2017-07-06 12:57:31',NULL,'user',513,NULL,'N',NULL,'Y'),(526,177,74,6,'Haresh kumar Parmar',NULL,NULL,'9723302635','','Haresh kumar Parmar','123456','506','513',NULL,'off','off',NULL,'2017-07-06 18:27:28',NULL,'2017-07-06 12:57:31',NULL,'user',514,NULL,'N',NULL,'Y'),(527,177,74,6,'Chauhan Devjibhai',NULL,NULL,'8401521303','','Chauhan Devjibhai','123456','506','513',NULL,'off','off',NULL,'2017-07-06 18:27:28',NULL,'2017-07-06 12:57:31',NULL,'user',515,NULL,'N',NULL,'Y'),(528,177,74,6,'Kiritbhai Chauhan',NULL,NULL,'8511921410','','Kiritbhai Chauhan','123456','506','513',NULL,'off','off',NULL,'2017-07-06 18:27:28',NULL,'2017-07-06 12:57:32',NULL,'user',516,NULL,'N',NULL,'Y'),(529,177,74,6,'Sunil Bhai B Vasudiya',NULL,NULL,'8401785503','','Sunil Bhai B Vasudiya','123456','506','513',NULL,'off','off',NULL,'2017-07-06 18:27:28',NULL,'2017-07-06 12:57:32',NULL,'user',517,NULL,'N',NULL,'Y'),(530,177,74,6,'GUNASAKER R',NULL,NULL,'8939481670','','GUNASAKER R','123456','506','513',NULL,'off','off',NULL,'2017-07-06 18:27:29',NULL,'2017-07-06 12:57:32',NULL,'user',518,NULL,'N',NULL,'Y'),(531,177,74,6,'IYAPPAN C',NULL,NULL,'9094422698','','IYAPPAN C','123456','506','513',NULL,'off','off',NULL,'2017-07-06 18:27:29',NULL,'2017-07-06 12:57:32',NULL,'user',519,NULL,'N',NULL,'Y'),(532,177,74,6,'PREM KUMAR E',NULL,NULL,'9176822896','','PREM KUMAR E','123456','506','513',NULL,'off','off',NULL,'2017-07-06 18:27:29',NULL,'2017-07-06 12:57:32',NULL,'user',520,NULL,'N',NULL,'Y'),(533,177,74,6,'KARPAGAM',NULL,NULL,'7299871202','','KARPAGAM','123456','506','533',NULL,'off','off',NULL,'2017-07-06 18:27:29',NULL,'2017-07-06 12:57:32',NULL,'user',521,NULL,'N',NULL,'Y'),(534,177,74,6,'Manish Harischandra Paroche',NULL,NULL,'7385135720','','Manish Harischandra Paroche','123456','506','513',NULL,'off','off',NULL,'2017-07-06 18:27:29',NULL,'2017-07-06 12:57:32',NULL,'user',522,NULL,'N',NULL,'Y'),(535,177,74,6,'Ajay A Waghmare',NULL,NULL,'8796612557','','Ajay A Waghmare','123456','506','513',NULL,'off','off',NULL,'2017-07-06 18:27:29',NULL,'2017-07-06 12:57:32',NULL,'user',523,NULL,'N',NULL,'Y'),(536,177,74,6,'G C Shankarappa',NULL,NULL,'8660688195','','G C Shankarappa','123456','506','536',NULL,'off','off',NULL,'2017-07-06 18:27:29',NULL,'2017-07-06 12:57:32',NULL,'user',524,NULL,'N',NULL,'Y'),(537,177,74,6,'Visvanath V',NULL,NULL,'9964819658','','Visvanath V','123456','506','536',NULL,'off','off',NULL,'2017-07-06 18:27:29',NULL,'2017-07-06 12:57:32',NULL,'user',525,NULL,'N',NULL,'Y'),(538,177,74,6,'Vishnu Kisan Saroj',NULL,NULL,'8286271249','','Vishnu Kisan Saroj','123456','506','513',NULL,'off','off',NULL,'2017-07-06 18:27:29',NULL,'2017-07-06 12:57:32',NULL,'user',526,NULL,'N',NULL,'Y'),(539,177,74,6,'Akshay Sanjay Ahire',NULL,NULL,'9833945762','','Akshay Sanjay Ahire','123456','506','513',NULL,'off','off',NULL,'2017-07-06 18:27:29',NULL,'2017-07-06 12:57:32',NULL,'user',527,NULL,'N',NULL,'Y'),(540,177,74,6,'Dharmesha',NULL,NULL,'9972997103','','Dharmesha','123456','506','536',NULL,'off','off',NULL,'2017-07-06 18:27:29',NULL,'2017-07-06 12:57:32',NULL,'user',528,NULL,'N',NULL,'Y'),(541,177,74,6,'SUBAIR P P',NULL,NULL,'8156881863','','SUBAIR P P','123456','506','513',NULL,'off','off',NULL,'2017-07-06 18:27:29',NULL,'2017-07-06 12:57:32',NULL,'user',529,NULL,'N',NULL,'Y'),(542,177,74,6,'R SARATHA',NULL,NULL,'9600554199','','R SARATHA','123456','506','533',NULL,'off','off',NULL,'2017-07-06 18:27:29',NULL,'2017-07-06 12:57:32',NULL,'user',530,NULL,'N',NULL,'Y'),(543,177,74,6,'S SEKKINA',NULL,NULL,'8015233348','','S SEKKINA','123456','506','533',NULL,'off','off',NULL,'2017-07-06 18:27:29',NULL,'2017-07-06 12:57:32',NULL,'user',531,NULL,'N',NULL,'Y'),(544,177,74,6,'Ganpat B Bhujbal',NULL,NULL,'9623292082','','Ganpat B Bhujbal','123456','506','513',NULL,'off','off',NULL,'2017-07-06 18:27:29',NULL,'2017-07-06 12:57:32',NULL,'user',532,NULL,'N',NULL,'Y'),(545,177,74,6,'T.PRAKASH',NULL,NULL,'9698876613','','T.PRAKASH','123456','506','551',NULL,'off','off',NULL,'2017-07-06 18:27:29',NULL,'2017-07-06 12:57:33',NULL,'user',533,NULL,'N',NULL,'Y'),(546,177,74,6,'N ARUKANI',NULL,NULL,'8220154356','','N ARUKANI','123456','506','533',NULL,'off','off',NULL,'2017-07-06 18:27:29',NULL,'2017-07-06 12:57:33',NULL,'user',534,NULL,'N',NULL,'Y'),(547,177,74,6,'ANISH DUBEY',NULL,NULL,'9178879890','','ANISH DUBEY','123456','506','513',NULL,'off','off',NULL,'2017-07-06 18:27:30',NULL,'2017-07-06 12:57:33',NULL,'user',535,NULL,'N',NULL,'Y'),(548,177,74,6,'Santosh Gautam Jadhav',NULL,NULL,'8898681535','','Santosh Gautam Jadhav','123456','506','513',NULL,'off','off',NULL,'2017-07-06 18:27:30',NULL,'2017-07-06 12:57:33',NULL,'user',536,NULL,'N',NULL,'Y'),(549,177,74,6,'DILIP VAMAN CHAVAN',NULL,NULL,'8652588432','','DILIP VAMAN CHAVAN','123456','506','513',NULL,'off','off',NULL,'2017-07-06 18:27:30',NULL,'2017-07-06 12:57:33',NULL,'user',537,NULL,'N',NULL,'Y'),(550,177,74,6,'Ajit Vaity',NULL,NULL,'7798228730','','Ajit Vaity','123456','506','513',NULL,'off','off',NULL,'2017-07-06 18:27:30',NULL,'2017-07-06 12:57:33',NULL,'user',538,NULL,'N',NULL,'Y'),(551,177,74,6,'KOMAL PRABHAKAR PARAB',NULL,NULL,'8149791992','','KOMAL PRABHAKAR PARAB','123456','506','513',NULL,'off','off',NULL,'2017-07-06 18:27:30',NULL,'2017-07-06 12:57:33',NULL,'user',539,NULL,'N',NULL,'Y'),(552,177,74,6,'BABLI MAPSEKAR',NULL,NULL,'7798230511','','BABLI MAPSEKAR','123456','506','513',NULL,'off','off',NULL,'2017-07-06 18:27:30',NULL,'2017-07-06 12:57:33',NULL,'user',540,NULL,'N',NULL,'Y'),(553,177,74,6,'YOGITA YOUGESH GOSAVI',NULL,NULL,'8976611963','','YOGITA YOUGESH GOSAVI','123456','506','513',NULL,'off','off',NULL,'2017-07-06 18:27:30',NULL,'2017-07-06 12:57:33',NULL,'user',541,NULL,'N',NULL,'Y'),(554,177,74,6,'GAJANAN SHEDGE',NULL,NULL,'9029112025','','GAJANAN SHEDGE','123456','506','513',NULL,'off','off',NULL,'2017-07-06 18:27:30',NULL,'2017-07-06 12:57:33',NULL,'user',542,NULL,'N',NULL,'Y'),(555,177,74,6,'SANJEEV JALKARAN VALMIKI',NULL,NULL,'9167955887','','SANJEEV JALKARAN VALMIKI','123456','506','552',NULL,'off','off',NULL,'2017-07-06 18:27:30',NULL,'2017-07-06 12:57:33',NULL,'user',543,NULL,'N',NULL,'Y'),(556,177,74,6,'Manoj Bhalerav',NULL,NULL,'9022234006','','Manoj Bhalerav','123456','506','513',NULL,'off','off',NULL,'2017-07-06 18:27:30',NULL,'2017-07-06 12:57:33',NULL,'user',544,NULL,'N',NULL,'Y'),(557,177,74,6,'DILIP KUMAR',NULL,NULL,'7742282457','','DILIP KUMAR','123456','506','513',NULL,'off','off',NULL,'2017-07-06 18:27:30',NULL,'2017-07-06 12:57:33',NULL,'user',545,NULL,'N',NULL,'Y'),(558,177,74,6,'Mandal Ramnath Bindeshwar',NULL,NULL,'9769597656','','Mandal Ramnath Bindeshwar','123456','506','527',NULL,'off','off',NULL,'2017-07-06 18:27:30',NULL,'2017-07-06 12:57:33',NULL,'user',546,NULL,'N',NULL,'Y'),(559,177,74,6,'Karam Chand Sharma',NULL,NULL,'8393874348','','Karam Chand Sharma','123456','506','513',NULL,'off','off',NULL,'2017-07-06 18:27:30',NULL,'2017-07-06 12:57:33',NULL,'user',547,NULL,'N',NULL,'Y'),(560,177,74,6,'Raj',NULL,NULL,'7906021715','','Raj','123456','506','513',NULL,'off','off',NULL,'2017-07-06 18:27:30',NULL,'2017-07-06 12:57:33',NULL,'user',548,NULL,'N',NULL,'Y'),(561,177,74,6,'Aakash',NULL,NULL,'9675399109','','Aakash','123456','506','513',NULL,'off','off',NULL,'2017-07-06 18:27:30',NULL,'2017-07-25 12:01:03',NULL,'user',549,NULL,'N','dzhdaKOROSE:APA91bEw5Iceuvw5VvvrjVPIOHfgKkAuJ6HtcgWTRBQWMW-9MOHLp-kKM3CDX7z66BieFv-Fib4-HYhLO8odUMvEpgzGGHJcWItPw5TCc-FH10sCpEaTkhLH-gGS3OWPy-Fq45IU5c8J','Y'),(562,177,74,6,'Mallikarjunaradya',NULL,NULL,'9148049742','','Mallikarjunaradya','123456','506','536',NULL,'off','off',NULL,'2017-07-06 18:27:30',NULL,'2017-07-06 12:57:34',NULL,'user',550,NULL,'N',NULL,'Y'),(563,177,74,6,'K P Jagadeesha',NULL,NULL,'8722776758','','K P Jagadeesha','123456','506','536',NULL,'off','off',NULL,'2017-07-06 18:27:30',NULL,'2017-07-06 12:57:34',NULL,'user',551,NULL,'N',NULL,'Y'),(564,177,74,6,'NARESH SURESH GORIVALE',NULL,NULL,'9619572190','','NARESH SURESH GORIVALE','123456','506','513',NULL,'off','off',NULL,'2017-07-06 18:27:31',NULL,'2017-07-06 12:57:34',NULL,'user',552,NULL,'N',NULL,'Y'),(565,177,74,6,'Rutuja Viraj Nikam',NULL,NULL,'8149769855','','Rutuja Viraj Nikam','123456','506','533',NULL,'off','off',NULL,'2017-07-06 18:27:31',NULL,'2017-07-06 12:57:34',NULL,'user',553,NULL,'N',NULL,'Y'),(566,177,74,6,'GOPAL GAUTAM',NULL,NULL,'9613513521','','GOPAL GAUTAM','123456','506','535',NULL,'off','off',NULL,'2017-07-06 18:27:31',NULL,'2017-07-06 12:57:34',NULL,'user',554,NULL,'N',NULL,'Y'),(567,177,74,6,'AMAL BAISHYA',NULL,NULL,'9127298580','','AMAL BAISHYA','123456','506','513',NULL,'off','off',NULL,'2017-07-06 18:27:31',NULL,'2017-07-06 12:57:34',NULL,'user',555,NULL,'N',NULL,'Y'),(568,177,74,6,'Rajendra Vithoba Varankar',NULL,NULL,'7218966284','','Rajendra Vithoba Varankar','123456','506','513',NULL,'off','off',NULL,'2017-07-06 18:27:31',NULL,'2017-07-06 12:57:34',NULL,'user',556,NULL,'N',NULL,'Y'),(569,177,74,6,'Sagar Sirke',NULL,NULL,'8237261552','','Sagar Sirke','123456','506','531',NULL,'off','off',NULL,'2017-07-06 18:27:31',NULL,'2017-07-06 12:57:34',NULL,'user',557,NULL,'N',NULL,'Y'),(570,177,74,6,'DILIP MAHADEV RANE',NULL,NULL,'9702119947','','DILIP MAHADEV RANE','123456','506','513',NULL,'off','off',NULL,'2017-07-06 18:27:31',NULL,'2017-07-06 12:57:34',NULL,'user',558,NULL,'N',NULL,'Y'),(571,177,74,6,'BABAN VITTHAL GANGAVANE',NULL,NULL,'9730426619','','BABAN VITTHAL GANGAVANE','123456','506','513',NULL,'off','off',NULL,'2017-07-06 18:27:31',NULL,'2017-07-06 12:57:34',NULL,'user',559,NULL,'N',NULL,'Y'),(572,177,74,6,'FARUKH RAUF KHAN',NULL,NULL,'9167123774','','FARUKH RAUF KHAN','123456','506','513',NULL,'off','off',NULL,'2017-07-06 18:27:31',NULL,'2017-07-06 12:57:34',NULL,'user',560,NULL,'N',NULL,'Y'),(573,177,74,6,'CHANDRAKANT MARIYAPPA SUROL',NULL,NULL,'9892918221','','CHANDRAKANT MARIYAPPA SUROL','123456','506','513',NULL,'off','off',NULL,'2017-07-06 18:27:31',NULL,'2017-07-06 12:57:34',NULL,'user',561,NULL,'N',NULL,'Y'),(574,177,74,6,'GANESH BHAGOJI SHINDE',NULL,NULL,'9702110577','','GANESH BHAGOJI SHINDE','123456','506','552',NULL,'off','off',NULL,'2017-07-06 18:27:31',NULL,'2017-07-06 12:57:34',NULL,'user',562,NULL,'N',NULL,'Y'),(575,177,74,6,'AMOL TUKARAM KAMBLE',NULL,NULL,'8692919164','','AMOL TUKARAM KAMBLE','123456','506','531',NULL,'off','off',NULL,'2017-07-06 18:27:31',NULL,'2017-07-06 12:57:34',NULL,'user',563,NULL,'N',NULL,'Y'),(576,177,74,6,'Kiran Raghav',NULL,NULL,'7276637762','','Kiran Raghav','123456','506','513',NULL,'off','off',NULL,'2017-07-06 18:27:31',NULL,'2017-07-06 12:57:34',NULL,'user',564,NULL,'N',NULL,'Y'),(577,177,74,6,'Solanki Arvindbhai',NULL,NULL,'7041119302','','Solanki Arvindbhai','123456','506','513',NULL,'off','off',NULL,'2017-07-06 18:27:31',NULL,'2017-07-06 12:57:34',NULL,'user',565,NULL,'N',NULL,'Y'),(578,177,74,6,'RATHOD KANUBHAI',NULL,NULL,'9714169800','','RATHOD KANUBHAI','123456','506','513',NULL,'off','off',NULL,'2017-07-06 18:27:31',NULL,'2017-07-06 12:57:34',NULL,'user',566,NULL,'N',NULL,'Y'),(579,177,74,6,'ATHWAL SURAJ',NULL,NULL,'9725759115','','ATHWAL SURAJ','123456','506','535',NULL,'off','off',NULL,'2017-07-06 18:27:31',NULL,'2017-07-06 12:57:34',NULL,'user',567,NULL,'N',NULL,'Y'),(580,177,74,6,'GOPALAKRISHNAN',NULL,NULL,'9042523848','','GOPALAKRISHNAN','123456','506','535',NULL,'off','off',NULL,'2017-07-06 18:27:31',NULL,'2017-07-06 12:57:35',NULL,'user',568,NULL,'N',NULL,'Y'),(581,177,74,6,'JEEAYAVHAN',NULL,NULL,'9755417622','','JEEAYAVHAN','123456','506','513',NULL,'off','off',NULL,'2017-07-06 18:27:32',NULL,'2017-07-06 12:57:35',NULL,'user',569,NULL,'N',NULL,'Y'),(582,177,74,6,'SHALINDRA MEENA',NULL,NULL,'9660572276','','SHALINDRA MEENA','123456','506','535',NULL,'off','off',NULL,'2017-07-06 18:27:32',NULL,'2017-07-06 12:57:35',NULL,'user',570,NULL,'N',NULL,'Y'),(583,177,74,6,'RAJA BHAIYA',NULL,NULL,'8081813376','','RAJA BHAIYA','123456','506','513',NULL,'off','off',NULL,'2017-07-06 18:27:32',NULL,'2017-08-25 07:28:48',NULL,'user',571,NULL,'N','cQkiENJo-yM:APA91bFOKeBRR6Z4_lATw6wv1yCrkcxvcULVufH29j1HGlB2_PHTF42cjQVBHZ451TXtpS-8LL95jB2h5PPk5eD4x6tLpobqIrPKitLgfoMULou2xXzpL9CnC9Sff9uAwwG_MElVDUGB','Y'),(584,177,74,6,'KALICHARAN MUKHI',NULL,NULL,'9128468167','','KALICHARAN MUKHI','123456','506','513',NULL,'off','off',NULL,'2017-07-06 18:27:32',NULL,'2017-07-06 12:57:35',NULL,'user',572,NULL,'N',NULL,'Y'),(585,177,74,6,'SAGAN HAARI',NULL,NULL,'9771538557','','SAGAN HAARI','123456','506','513',NULL,'off','off',NULL,'2017-07-06 18:27:32',NULL,'2017-07-06 12:57:35',NULL,'user',573,NULL,'N',NULL,'Y'),(586,177,74,6,'Mafidul Islam',NULL,NULL,'9206584434','','Mafidul Islam','123456','506','536',NULL,'off','off',NULL,'2017-07-06 18:27:32',NULL,'2017-07-06 12:57:35',NULL,'user',574,NULL,'N',NULL,'Y'),(587,177,74,6,'MUCHHA VASANTHA',NULL,NULL,'9703817728','','MUCHHA VASANTHA','123456','506','533',NULL,'off','off',NULL,'2017-07-06 18:27:32',NULL,'2017-07-06 12:57:35',NULL,'user',575,NULL,'N',NULL,'Y'),(588,177,74,6,'BARLA RAMESH',NULL,NULL,'942783032','','BARLA RAMESH','123456','506','513',NULL,'off','off',NULL,'2017-07-06 18:27:32',NULL,'2017-07-06 12:57:35',NULL,'user',576,NULL,'N',NULL,'Y'),(589,177,74,6,'PREDY',NULL,NULL,'9656260879','','PREDY','123456','506','533',NULL,'off','off',NULL,'2017-07-06 18:27:32',NULL,'2017-07-06 12:57:35',NULL,'user',577,NULL,'N',NULL,'Y'),(590,177,74,6,'DASARI BASKAR',NULL,NULL,'9063350018','','DASARI BASKAR','123456','506','513',NULL,'off','off',NULL,'2017-07-06 18:27:32',NULL,'2017-07-06 12:57:35',NULL,'user',578,NULL,'N',NULL,'Y'),(591,177,74,6,'SINDHU.A.T',NULL,NULL,'8592046539','','SINDHU.A.T','123456','506','533',NULL,'off','off',NULL,'2017-07-06 18:27:32',NULL,'2017-07-06 12:57:35',NULL,'user',579,NULL,'N',NULL,'Y'),(592,177,74,6,'ATISH BHARAT KANDARE',NULL,NULL,'8780230208','','ATISH BHARAT KANDARE','123456','506','513',NULL,'off','off',NULL,'2017-07-06 18:27:32',NULL,'2017-07-06 12:57:35',NULL,'user',580,NULL,'N',NULL,'Y'),(593,177,74,6,'Sankar Tatya Reddi',NULL,NULL,'8975968375','','Sankar Tatya Reddi','123456','506','513',NULL,'off','off',NULL,'2017-07-06 18:27:32',NULL,'2017-07-06 12:57:35',NULL,'user',581,NULL,'N',NULL,'Y'),(594,177,74,6,'Prem Kumar',NULL,NULL,'9814243870','','Prem Kumar','123456','506','513',NULL,'off','off',NULL,'2017-07-06 18:27:32',NULL,'2017-07-06 12:57:35',NULL,'user',582,NULL,'N',NULL,'Y'),(595,177,74,6,'YOGANDRA PD SAH',NULL,NULL,'9155456492','','YOGANDRA PD SAH','123456','506','513',NULL,'off','off',NULL,'2017-07-06 18:27:32',NULL,'2017-07-06 12:57:35',NULL,'user',583,NULL,'N',NULL,'Y'),(596,177,74,6,'CHAUHAN HITESH',NULL,NULL,'9909944367','','CHAUHAN HITESH','123456','506','513',NULL,'off','off',NULL,'2017-07-06 18:27:32',NULL,'2017-07-06 12:57:35',NULL,'user',584,NULL,'N',NULL,'Y'),(597,177,74,6,'Usha',NULL,NULL,'9740750461','','Usha','123456','506','533',NULL,'off','off',NULL,'2017-07-06 18:27:32',NULL,'2017-07-06 12:57:35',NULL,'user',585,NULL,'N',NULL,'Y'),(598,177,74,6,'Sundar',NULL,NULL,'9844228159','','Sundar','123456','506','513',NULL,'off','off',NULL,'2017-07-06 18:27:32',NULL,'2017-07-06 12:57:36',NULL,'user',586,NULL,'N',NULL,'Y'),(599,177,74,6,'ABHIJEET KUMAR',NULL,NULL,'8507092536','','ABHIJEET KUMAR','123456','506','513',NULL,'off','off',NULL,'2017-07-06 18:27:32',NULL,'2017-07-06 12:57:36',NULL,'user',587,NULL,'N',NULL,'Y'),(600,177,74,6,'SONU',NULL,NULL,'9779703176','','SONU','123456','506','513',NULL,'off','off',NULL,'2017-07-06 18:27:33',NULL,'2017-07-06 12:57:36',NULL,'user',588,NULL,'N',NULL,'Y'),(601,177,74,6,'Turi Mukesh kumar Kanu Bhai',NULL,NULL,'7600538903','','Turi Mukesh kumar Kanu Bhai','123456','506','513',NULL,'off','off',NULL,'2017-07-06 18:27:33',NULL,'2017-07-06 12:57:36',NULL,'user',589,NULL,'N',NULL,'Y'),(602,177,74,6,'Karan',NULL,NULL,'7689001719','','Karan','123456','506','513',NULL,'off','off',NULL,'2017-07-06 18:27:33',NULL,'2017-07-06 12:57:36',NULL,'user',590,NULL,'N',NULL,'Y'),(603,177,74,6,'RENUKA SONPAL KHIRSAGAR',NULL,NULL,'9594047839','','RENUKA SONPAL KHIRSAGAR','123456','506','533',NULL,'off','off',NULL,'2017-07-06 18:27:33',NULL,'2017-07-06 12:57:36',NULL,'user',591,NULL,'N',NULL,'Y'),(604,177,74,6,'Md Rajal Uddin',NULL,NULL,'7204619458','','Md Rajal Uddin','123456','506','536',NULL,'off','off',NULL,'2017-07-06 18:27:33',NULL,'2017-07-06 12:57:36',NULL,'user',592,NULL,'N',NULL,'Y'),(605,177,74,6,'Sufiyan Ahmed',NULL,NULL,'9738090256','','Sufiyan Ahmed','123456','506','536',NULL,'off','off',NULL,'2017-07-06 18:27:33',NULL,'2017-07-06 12:57:36',NULL,'user',593,NULL,'N',NULL,'Y'),(606,177,74,6,'Saradara H P',NULL,NULL,'8971166738','','Saradara H P','123456','506','536',NULL,'off','off',NULL,'2017-07-06 18:27:33',NULL,'2017-07-06 12:57:36',NULL,'user',594,NULL,'N',NULL,'Y'),(607,177,74,6,'H C Nagaraj',NULL,NULL,'8549949609','','H C Nagaraj','123456','506','536',NULL,'off','off',NULL,'2017-07-06 18:27:33',NULL,'2017-07-06 12:57:36',NULL,'user',595,NULL,'N',NULL,'Y'),(608,177,74,6,'SHIVKUMAR SINGH',NULL,NULL,'7059504707','','SHIVKUMAR SINGH','123456','506','536',NULL,'off','off',NULL,'2017-07-06 18:27:33',NULL,'2017-07-06 12:57:36',NULL,'user',596,NULL,'N',NULL,'Y'),(609,177,74,6,'VINOD KUMAR RAM',NULL,NULL,'9163589602','','VINOD KUMAR RAM','123456','506','536',NULL,'off','off',NULL,'2017-07-06 18:27:33',NULL,'2017-07-06 12:57:36',NULL,'user',597,NULL,'N',NULL,'Y'),(610,177,74,6,'SUBHA HALDER',NULL,NULL,'8013049589','','SUBHA HALDER','123456','506','536',NULL,'off','off',NULL,'2017-07-06 18:27:33',NULL,'2017-07-06 12:57:36',NULL,'user',598,NULL,'N',NULL,'Y'),(611,177,74,6,'PRAKASH V',NULL,NULL,'6955844344','','PRAKASH V','123456','506','513',NULL,'off','off',NULL,'2017-07-06 18:27:33',NULL,'2017-07-06 12:57:36',NULL,'user',599,NULL,'N',NULL,'Y'),(612,177,74,6,'SANTOSH',NULL,NULL,'8152090986','','SANTOSH','123456','506','535',NULL,'off','off',NULL,'2017-07-06 18:27:33',NULL,'2017-07-06 12:57:36',NULL,'user',600,NULL,'N',NULL,'Y'),(613,177,74,6,'SIRAJ UDDIN HAJARIKA',NULL,NULL,'8876203496','','SIRAJ UDDIN HAJARIKA','123456','506','513',NULL,'off','off',NULL,'2017-07-06 18:27:33',NULL,'2017-07-06 12:57:36',NULL,'user',601,NULL,'N',NULL,'Y'),(614,177,74,6,'SAURAV KUMAR DEKA',NULL,NULL,'8486857972','','SAURAV KUMAR DEKA','123456','506','551',NULL,'off','off',NULL,'2017-07-06 18:27:33',NULL,'2017-07-06 12:57:36',NULL,'user',602,NULL,'N',NULL,'Y'),(615,177,74,6,'RAJIB KALITA',NULL,NULL,'8402856229','','RAJIB KALITA','123456','506','513',NULL,'off','off',NULL,'2017-07-06 18:27:33',NULL,'2017-07-06 12:57:36',NULL,'user',603,NULL,'N',NULL,'Y'),(616,177,74,6,'SRI NABAJIT KR DAS',NULL,NULL,'9678762787','','SRI NABAJIT KR DAS','123456','506','513',NULL,'off','off',NULL,'2017-07-06 18:27:33',NULL,'2017-07-06 12:57:37',NULL,'user',604,NULL,'N',NULL,'Y'),(617,177,74,6,'SUROJIT MONDAL',NULL,NULL,'9674885545','','SUROJIT MONDAL','123456','506','513',NULL,'off','off',NULL,'2017-07-06 18:27:33',NULL,'2017-07-06 12:57:37',NULL,'user',605,NULL,'N',NULL,'Y'),(618,177,74,6,'M. SRINIVAS',NULL,NULL,'9502268873','','M. SRINIVAS','123456','506','513',NULL,'off','off',NULL,'2017-07-06 18:27:34',NULL,'2017-07-06 12:57:37',NULL,'user',606,NULL,'N',NULL,'Y'),(619,177,74,6,'B. NARESH',NULL,NULL,'9700053180','','B. NARESH','123456','506','513',NULL,'off','off',NULL,'2017-07-06 18:27:34',NULL,'2017-07-06 12:57:37',NULL,'user',607,NULL,'N',NULL,'Y'),(620,177,74,6,'GOGRA LAXMAN',NULL,NULL,'7729011147','','GOGRA LAXMAN','123456','506','513',NULL,'off','off',NULL,'2017-07-06 18:27:34',NULL,'2017-07-06 12:57:37',NULL,'user',608,NULL,'N',NULL,'Y'),(621,177,74,6,'JASVEER SINGH',NULL,NULL,'9056522407','','JASVEER SINGH','123456','506','513',NULL,'off','off',NULL,'2017-07-06 18:27:34',NULL,'2017-07-06 12:57:37',NULL,'user',609,NULL,'N',NULL,'Y'),(622,177,74,6,'MANISH KUMAR',NULL,NULL,'7807333034','','MANISH KUMAR','123456','506','513',NULL,'off','off',NULL,'2017-07-06 18:27:34',NULL,'2017-07-06 12:57:37',NULL,'user',610,NULL,'N',NULL,'Y'),(623,177,74,6,'SUNITA',NULL,NULL,'9857764164','','SUNITA','123456','506','513',NULL,'off','off',NULL,'2017-07-06 18:27:34',NULL,'2017-07-06 12:57:37',NULL,'user',611,NULL,'N',NULL,'Y'),(624,177,74,6,'PUNEET KAUR',NULL,NULL,'9866123460','','PUNEET KAUR','123456','506','529',NULL,'off','off',NULL,'2017-07-06 18:27:34',NULL,'2017-07-06 12:57:37',NULL,'user',612,NULL,'N',NULL,'Y'),(625,177,74,6,'J.ravinder',NULL,NULL,'9640223310','','J.ravinder','123456','506','536',NULL,'off','off',NULL,'2017-07-06 18:27:34',NULL,'2017-07-06 12:57:37',NULL,'user',613,NULL,'N',NULL,'Y'),(626,177,74,6,'V.Balaraju',NULL,NULL,'9705997548','','V.Balaraju','123456','506','536',NULL,'off','off',NULL,'2017-07-06 18:27:34',NULL,'2017-07-06 12:57:37',NULL,'user',614,NULL,'N',NULL,'Y'),(627,177,74,6,'Relu Nagaraju',NULL,NULL,'7097896242','','Relu Nagaraju','123456','506','536',NULL,'off','off',NULL,'2017-07-06 18:27:34',NULL,'2017-07-06 12:57:37',NULL,'user',615,NULL,'N',NULL,'Y'),(628,177,74,6,'Rahul Bundela',NULL,NULL,'9111163108','','Rahul Bundela','123456','506','513',NULL,'off','off',NULL,'2017-07-06 18:27:34',NULL,'2017-07-06 12:57:37',NULL,'user',616,NULL,'N',NULL,'Y'),(629,177,74,6,'SUNIL GOPANE',NULL,NULL,'7247023897','','SUNIL GOPANE','123456','506','513',NULL,'off','off',NULL,'2017-07-06 18:27:34',NULL,'2017-07-06 12:57:37',NULL,'user',617,NULL,'N',NULL,'Y'),(630,177,74,6,'VIJAY BODE',NULL,NULL,'8871923086','','VIJAY BODE','123456','506','513',NULL,'off','off',NULL,'2017-07-06 18:27:34',NULL,'2017-07-06 12:57:37',NULL,'user',618,NULL,'N',NULL,'Y'),(631,177,74,6,'VIJAY KUMAR',NULL,NULL,'8727905451','','VIJAY KUMAR','123456','506','513',NULL,'off','off',NULL,'2017-07-06 18:27:34',NULL,'2017-07-06 12:57:37',NULL,'user',619,NULL,'N',NULL,'Y'),(632,177,74,6,'MUKESH PAVAR',NULL,NULL,'7694825737','','MUKESH PAVAR','123456','506','513',NULL,'off','off',NULL,'2017-07-06 18:27:34',NULL,'2017-07-06 12:57:37',NULL,'user',620,NULL,'N',NULL,'Y'),(633,177,74,6,'SATISH KHODRE',NULL,NULL,'9926966954','','SATISH KHODRE','123456','506','551',NULL,'off','off',NULL,'2017-07-06 18:27:34',NULL,'2017-07-06 12:57:37',NULL,'user',621,NULL,'N',NULL,'Y'),(634,177,74,6,'BISHAN KANADE',NULL,NULL,'7247610596','','BISHAN KANADE','123456','506','513',NULL,'off','off',NULL,'2017-07-06 18:27:34',NULL,'2017-07-06 12:57:38',NULL,'user',622,NULL,'N',NULL,'Y'),(635,177,74,6,'SURAJ PAL',NULL,NULL,'9826880615','','SURAJ PAL','123456','506','513',NULL,'off','off',NULL,'2017-07-06 18:27:35',NULL,'2017-07-06 12:57:38',NULL,'user',623,NULL,'N',NULL,'Y'),(636,177,74,6,'Arjit Das',NULL,NULL,'8951962641','','Arjit Das','123456','506','513',NULL,'off','off',NULL,'2017-07-06 18:27:35',NULL,'2017-07-06 12:57:38',NULL,'user',624,NULL,'N',NULL,'Y'),(637,177,74,6,'M Manoher',NULL,NULL,'9663200235','','M Manoher','123456','506','536',NULL,'off','off',NULL,'2017-07-06 18:27:35',NULL,'2017-07-06 12:57:38',NULL,'user',625,NULL,'N',NULL,'Y'),(638,177,74,6,'Gopal M',NULL,NULL,'9740951472','','Gopal M','123456','506','536',NULL,'off','off',NULL,'2017-07-06 18:27:35',NULL,'2017-07-06 12:57:38',NULL,'user',626,NULL,'N',NULL,'Y'),(639,177,74,6,'SHAMBHU KUMAR',NULL,NULL,'9780154741','','SHAMBHU KUMAR','123456','506','513',NULL,'off','off',NULL,'2017-07-06 18:27:35',NULL,'2017-07-06 12:57:38',NULL,'user',627,NULL,'N',NULL,'Y'),(640,177,74,6,'KAREN KUMAR',NULL,NULL,'9815958722','','KAREN KUMAR','123456','506','513',NULL,'off','off',NULL,'2017-07-06 18:27:35',NULL,'2017-07-06 12:57:38',NULL,'user',628,NULL,'N',NULL,'Y'),(641,177,74,6,'ASHWANI KUMAR',NULL,NULL,'9786104098','','ASHWANI KUMAR','123456','506','513',NULL,'off','off',NULL,'2017-07-06 18:27:35',NULL,'2017-07-06 12:57:38',NULL,'user',629,NULL,'N',NULL,'Y'),(642,177,74,6,'S Baba',NULL,NULL,'9492515110','','S Baba','123456','506','536',NULL,'off','off',NULL,'2017-07-06 18:27:35',NULL,'2017-07-06 12:57:38',NULL,'user',630,NULL,'N',NULL,'Y'),(643,177,74,6,'YASPAL',NULL,NULL,'8968800146','','YASPAL','123456','506','513',NULL,'off','off',NULL,'2017-07-06 18:27:35',NULL,'2017-07-06 12:57:38',NULL,'user',631,NULL,'N',NULL,'Y'),(644,177,74,6,'AJAY JINDAL',NULL,NULL,'7619700651','','AJAY JINDAL','123456','506','513',NULL,'off','off',NULL,'2017-07-06 18:27:35',NULL,'2017-07-06 12:57:38',NULL,'user',632,NULL,'N',NULL,'Y'),(645,177,74,6,'LAKHAN',NULL,NULL,'8824414317','','LAKHAN','123456','506','513',NULL,'off','off',NULL,'2017-07-06 18:27:35',NULL,'2017-07-06 12:57:38',NULL,'user',633,NULL,'N',NULL,'Y'),(646,177,74,6,'RAKESH',NULL,NULL,'9636517686','','RAKESH','123456','506','513',NULL,'off','off',NULL,'2017-07-06 18:27:35',NULL,'2017-07-06 12:57:38',NULL,'user',634,NULL,'N',NULL,'Y'),(647,177,74,6,'MOHAMMAD AASIF',NULL,NULL,'9024578297','','MOHAMMAD AASIF','123456','506','513',NULL,'off','off',NULL,'2017-07-06 18:27:35',NULL,'2017-07-06 12:57:38',NULL,'user',635,NULL,'N',NULL,'Y'),(648,177,74,6,'Harish',NULL,NULL,'8104727134','','Harish','123456','506','513',NULL,'off','off',NULL,'2017-07-06 18:27:35',NULL,'2017-07-06 12:57:38',NULL,'user',636,NULL,'N',NULL,'Y'),(649,177,74,6,'Rahul',NULL,NULL,'7615925193','','Rahul','123456','506','513',NULL,'off','off',NULL,'2017-07-06 18:27:35',NULL,'2017-07-06 12:57:38',NULL,'user',637,NULL,'N',NULL,'Y'),(650,177,74,6,'RAVI',NULL,NULL,'9166582351','','RAVI','123456','506','513',NULL,'off','off',NULL,'2017-07-06 18:27:35',NULL,'2017-07-06 12:57:38',NULL,'user',638,NULL,'N',NULL,'Y'),(651,177,74,6,'Laxmi Narayan',NULL,NULL,'9828803279','','Laxmi Narayan','123456','506','513',NULL,'off','off',NULL,'2017-07-06 18:27:35',NULL,'2017-07-06 12:57:38',NULL,'user',639,NULL,'N',NULL,'Y'),(652,177,74,6,'Amarjit Singh',NULL,NULL,'9855439402','','Amarjit Singh','123456','506','513',NULL,'off','off',NULL,'2017-07-06 18:27:35',NULL,'2017-07-06 12:57:39',NULL,'user',640,NULL,'N',NULL,'Y'),(653,177,74,6,'Sachin Bansilal Marathe',NULL,NULL,'9503803735','','Sachin Bansilal Marathe','123456','506','513',NULL,'off','off',NULL,'2017-07-06 18:27:36',NULL,'2017-07-06 12:57:39',NULL,'user',641,NULL,'N',NULL,'Y'),(654,177,74,6,'Basharat Hussain',NULL,NULL,'9697427783','','Basharat Hussain','123456','506','513',NULL,'off','off',NULL,'2017-07-06 18:27:36',NULL,'2017-07-06 12:57:39',NULL,'user',642,NULL,'N',NULL,'Y'),(655,177,74,6,'Shabir Ahmad Matoo',NULL,NULL,'9622962481','','Shabir Ahmad Matoo','123456','506','513',NULL,'off','off',NULL,'2017-07-06 18:27:36',NULL,'2017-07-06 12:57:39',NULL,'user',643,NULL,'N',NULL,'Y'),(656,177,74,6,'BAJRANG NAG',NULL,NULL,'9386260077','','BAJRANG NAG','123456','506','513',NULL,'off','off',NULL,'2017-07-06 18:27:36',NULL,'2017-07-06 12:57:39',NULL,'user',644,NULL,'N',NULL,'Y'),(657,177,74,6,'VISHAL MUKHI',NULL,NULL,'7209401640','','VISHAL MUKHI','123456','506','513',NULL,'off','off',NULL,'2017-07-06 18:27:36',NULL,'2017-07-06 12:57:39',NULL,'user',645,NULL,'N',NULL,'Y'),(658,177,74,6,'Phatah Lal',NULL,NULL,'9602867592','','Phatah Lal','123456','506','513',NULL,'off','off',NULL,'2017-07-06 18:27:36',NULL,'2017-07-06 12:57:39',NULL,'user',646,NULL,'N',NULL,'Y'),(659,177,74,6,'Jagdish',NULL,NULL,'8003714525','','Jagdish','123456','506','513',NULL,'off','off',NULL,'2017-07-06 18:27:36',NULL,'2017-07-06 12:57:39',NULL,'user',647,NULL,'N',NULL,'Y'),(660,177,74,6,'pappu',NULL,NULL,'8107268758','','pappu','123456','506','513',NULL,'off','off',NULL,'2017-07-06 18:27:36',NULL,'2017-07-06 12:57:39',NULL,'user',648,NULL,'N',NULL,'Y'),(661,177,74,6,'Mohammod Hussain Ahmed',NULL,NULL,'9538163812','','Mohammod Hussain Ahmed','123456','506','513',NULL,'off','off',NULL,'2017-07-06 18:27:36',NULL,'2017-07-06 12:57:39',NULL,'user',649,NULL,'N',NULL,'Y'),(662,177,74,6,'HASINA',NULL,NULL,'8880508690','','HASINA','123456','506','513',NULL,'off','off',NULL,'2017-07-06 18:27:36',NULL,'2017-07-06 12:57:39',NULL,'user',650,NULL,'N',NULL,'Y'),(663,177,74,6,'DEEVENDRA SHUKLA',NULL,NULL,'7509103271','','DEEVENDRA SHUKLA','123456','506','535',NULL,'off','off',NULL,'2017-07-06 18:27:36',NULL,'2017-07-06 12:57:39',NULL,'user',651,NULL,'N',NULL,'Y'),(664,177,74,6,'M D Kalam Uddin',NULL,NULL,'9066406257','','M D Kalam Uddin','123456','506','536',NULL,'off','off',NULL,'2017-07-06 18:27:36',NULL,'2017-07-06 12:57:39',NULL,'user',652,NULL,'N',NULL,'Y'),(665,177,74,6,'DESAI TEJABHAI',NULL,NULL,'9979294888','','DESAI TEJABHAI','123456','506','535',NULL,'off','off',NULL,'2017-07-06 18:27:36',NULL,'2017-07-06 12:57:39',NULL,'user',653,NULL,'N',NULL,'Y'),(666,177,74,6,'MANIAN',NULL,NULL,'9066797911','','MANIAN','123456','506','535',NULL,'off','off',NULL,'2017-07-06 18:27:36',NULL,'2017-07-06 12:57:39',NULL,'user',654,NULL,'N',NULL,'Y'),(667,177,74,6,'MUKESH KUMAR LAKHAN',NULL,NULL,'9024741424','','MUKESH KUMAR LAKHAN','123456','506','535',NULL,'off','off',NULL,'2017-07-06 18:27:36',NULL,'2017-07-06 12:57:39',NULL,'user',655,NULL,'N',NULL,'Y'),(668,177,74,6,'KRISHAN BATIKBHAI PARMAR',NULL,NULL,'9974680532','','KRISHAN BATIKBHAI PARMAR','123456','506','513',NULL,'off','off',NULL,'2017-07-06 18:27:36',NULL,'2017-07-06 12:57:39',NULL,'user',656,NULL,'N',NULL,'Y'),(669,177,74,6,'BIKI DAS',NULL,NULL,'8876916215','','BIKI DAS','123456','506','535',NULL,'off','off',NULL,'2017-07-06 18:27:36',NULL,'2017-07-06 12:57:40',NULL,'user',657,NULL,'N',NULL,'Y'),(670,177,74,6,'ARUMUGAM A',NULL,NULL,'8402 48404','','ARUMUGAM A','123456','506','535',NULL,'off','off',NULL,'2017-07-06 18:27:36',NULL,'2017-07-06 12:57:40',NULL,'user',658,NULL,'N',NULL,'Y'),(671,177,74,6,'ABHIJEET CHAVAN',NULL,NULL,'9527491474','','ABHIJEET CHAVAN','123456','506','535',NULL,'off','off',NULL,'2017-07-06 18:27:37',NULL,'2017-07-06 12:57:40',NULL,'user',659,NULL,'N',NULL,'Y'),(672,177,74,6,'RABI PRAMANIK',NULL,NULL,'9830105029','','RABI PRAMANIK','123456','506','535',NULL,'off','off',NULL,'2017-07-06 18:27:37',NULL,'2017-07-06 12:57:40',NULL,'user',660,NULL,'N',NULL,'Y'),(673,177,74,6,'KATHIJA',NULL,NULL,'9840782911','','KATHIJA','123456','506','533',NULL,'off','off',NULL,'2017-07-06 18:27:37',NULL,'2017-07-06 12:57:40',NULL,'user',661,NULL,'N',NULL,'Y'),(674,177,74,6,'S.ARULANANTHAN',NULL,NULL,'9952657472','','S.ARULANANTHAN','123456','506','552',NULL,'off','off',NULL,'2017-07-06 18:27:37',NULL,'2017-07-06 12:57:40',NULL,'user',662,NULL,'N',NULL,'Y'),(675,177,74,6,'MARY C H',NULL,NULL,'9042790546','','MARY C H','123456','506','533',NULL,'off','off',NULL,'2017-07-06 18:27:37',NULL,'2017-07-06 12:57:40',NULL,'user',663,NULL,'N',NULL,'Y'),(676,177,74,6,'GOWRI',NULL,NULL,'9551494654','','GOWRI','123456','506','533',NULL,'off','off',NULL,'2017-07-06 18:27:37',NULL,'2017-07-06 12:57:40',NULL,'user',664,NULL,'N',NULL,'Y'),(677,177,74,6,'JOGESH SHARMA',NULL,NULL,'7298248454','','JOGESH SHARMA','123456','506','560',NULL,'off','off',NULL,'2017-07-06 18:27:37',NULL,'2017-07-06 12:57:40',NULL,'user',665,NULL,'N',NULL,'Y'),(678,177,74,6,'RAVINDRA KUMAR',NULL,NULL,'9829638921','','RAVINDRA KUMAR','123456','506','513',NULL,'off','off',NULL,'2017-07-06 18:27:37',NULL,'2017-07-06 12:57:40',NULL,'user',666,NULL,'N',NULL,'Y'),(679,177,74,6,'Arjun',NULL,NULL,'9997169918','','Arjun','123456','506','513',NULL,'off','off',NULL,'2017-07-06 18:27:37',NULL,'2017-07-06 12:57:40',NULL,'user',667,NULL,'N',NULL,'Y'),(680,177,74,6,'Banwari Lal Shukla',NULL,NULL,'8890340844','','Banwari Lal Shukla','123456','506','513',NULL,'off','off',NULL,'2017-07-06 18:27:37',NULL,'2017-07-06 12:57:40',NULL,'user',668,NULL,'N',NULL,'Y'),(681,177,74,6,'DEEPAK SUBHASH SURVADE',NULL,NULL,'9702719861','','DEEPAK SUBHASH SURVADE','123456','506','535',NULL,'off','off',NULL,'2017-07-06 18:27:37',NULL,'2017-07-06 12:57:40',NULL,'user',669,NULL,'N',NULL,'Y'),(682,177,74,6,'JEYAS',NULL,NULL,'7829583321','','JEYAS','123456','506','534',NULL,'off','off',NULL,'2017-07-06 18:27:37',NULL,'2017-07-06 12:57:40',NULL,'user',670,NULL,'N',NULL,'Y'),(683,177,74,6,'KULDEEP',NULL,NULL,'7500070609','','KULDEEP','123456','506','513',NULL,'off','off',NULL,'2017-07-06 18:27:37',NULL,'2017-07-06 12:57:40',NULL,'user',671,NULL,'N',NULL,'Y'),(684,177,74,6,'Yashwanth Rao',NULL,NULL,'9901023079','','Yashwanth Rao','123456','506','536',NULL,'off','off',NULL,'2017-07-06 18:27:37',NULL,'2017-07-06 12:57:40',NULL,'user',672,NULL,'N',NULL,'Y'),(685,177,74,6,'Girish Bechan Prasad kanojiya',NULL,NULL,'9379489695','','Girish Bechan Prasad kanojiya','123456','506','536',NULL,'off','off',NULL,'2017-07-06 18:27:37',NULL,'2017-07-06 12:57:40',NULL,'user',673,NULL,'N',NULL,'Y'),(686,177,74,6,'Abhishekh',NULL,NULL,'9901066190','','Abhishekh','123456','506','536',NULL,'off','off',NULL,'2017-07-06 18:27:37',NULL,'2017-07-06 12:57:40',NULL,'user',674,NULL,'N',NULL,'Y'),(687,177,74,6,'P ELUMALAI',NULL,NULL,'9949 31806','','P ELUMALAI','123456','506','513',NULL,'off','off',NULL,'2017-07-06 18:27:37',NULL,'2017-07-06 12:57:41',NULL,'user',675,NULL,'N',NULL,'Y'),(688,177,74,6,'ROHAN BALU WAKADE',NULL,NULL,'9922277242','','ROHAN BALU WAKADE','123456','506','535',NULL,'off','off',NULL,'2017-07-06 18:27:37',NULL,'2017-07-06 12:57:41',NULL,'user',676,NULL,'N',NULL,'Y'),(689,177,74,6,'Akash Maruti Kate',NULL,NULL,'8888462516','','Akash Maruti Kate','123456','506','513',NULL,'off','off',NULL,'2017-07-06 18:27:38',NULL,'2017-07-06 12:57:41',NULL,'user',677,NULL,'N',NULL,'Y'),(690,177,74,6,'GOMATHI ARIVALAKAN',NULL,NULL,'9789383457','','GOMATHI ARIVALAKAN','123456','506','533',NULL,'off','off',NULL,'2017-07-06 18:27:38',NULL,'2017-07-06 12:57:41',NULL,'user',678,NULL,'N',NULL,'Y'),(691,177,74,6,'Srinivasalah',NULL,NULL,'8861837693','','Srinivasalah','123456','506','536',NULL,'off','off',NULL,'2017-07-06 18:27:38',NULL,'2017-07-06 12:57:41',NULL,'user',679,NULL,'N',NULL,'Y'),(692,177,74,6,'MANOJ KUMAR',NULL,NULL,'9571160464','','MANOJ KUMAR','123456','506','513',NULL,'off','off',NULL,'2017-07-06 18:27:38',NULL,'2017-07-06 12:57:41',NULL,'user',680,NULL,'N',NULL,'Y'),(693,177,74,6,'DEEPAK MISHRA',NULL,NULL,'9785766142','','DEEPAK MISHRA','123456','506','535',NULL,'off','off',NULL,'2017-07-06 18:27:38',NULL,'2017-07-06 12:57:41',NULL,'user',681,NULL,'N',NULL,'Y'),(694,177,74,6,'Chandra Babu D',NULL,NULL,'9742102980','','Chandra Babu D','123456','506','536',NULL,'off','off',NULL,'2017-07-06 18:27:38',NULL,'2017-07-06 12:57:41',NULL,'user',682,NULL,'N',NULL,'Y'),(695,177,74,6,'B Anatha Kumar',NULL,NULL,'9731557398','','B Anatha Kumar','123456','506','536',NULL,'off','off',NULL,'2017-07-06 18:27:38',NULL,'2017-07-06 12:57:41',NULL,'user',683,NULL,'N',NULL,'Y'),(696,177,74,6,'Shyam sunder',NULL,NULL,'8239475044','','Shyam sunder','123456','506','513',NULL,'off','off',NULL,'2017-07-06 18:27:38',NULL,'2017-07-06 12:57:41',NULL,'user',684,NULL,'N',NULL,'Y'),(697,177,74,6,'Noor Ahmed',NULL,NULL,'7411593833','','Noor Ahmed','123456','506','536',NULL,'off','off',NULL,'2017-07-06 18:27:38',NULL,'2017-07-06 12:57:41',NULL,'user',685,NULL,'N',NULL,'Y'),(698,177,74,6,'SHRIPAL YADAV',NULL,NULL,'9669468875','','SHRIPAL YADAV','123456','506','535',NULL,'off','off',NULL,'2017-07-06 18:27:38',NULL,'2017-07-06 12:57:41',NULL,'user',686,NULL,'N',NULL,'Y'),(699,177,74,6,'Ramesh',NULL,NULL,'8050648835','','Ramesh','123456','506','536',NULL,'off','off',NULL,'2017-07-06 18:27:38',NULL,'2017-07-06 12:57:41',NULL,'user',687,NULL,'N',NULL,'Y'),(700,177,74,6,'Nazrul Islam',NULL,NULL,'9066318613','','Nazrul Islam','123456','506','536',NULL,'off','off',NULL,'2017-07-06 18:27:38',NULL,'2017-07-06 12:57:41',NULL,'user',688,NULL,'N',NULL,'Y'),(701,177,74,6,'Imran Nazir',NULL,NULL,'9206203524','','Imran Nazir','123456','506','536',NULL,'off','off',NULL,'2017-07-06 18:27:38',NULL,'2017-07-06 12:57:41',NULL,'user',689,NULL,'N',NULL,'Y'),(702,177,74,6,'MANASHARAM  AHIRWAR',NULL,NULL,'9826318046','','MANASHARAM  AHIRWAR','123456','506','513',NULL,'off','off',NULL,'2017-07-06 18:27:38',NULL,'2017-07-06 12:57:41',NULL,'user',690,NULL,'N',NULL,'Y'),(703,177,74,6,'SHINY',NULL,NULL,'9961683772','','SHINY','123456','506','533',NULL,'off','off',NULL,'2017-07-06 18:27:38',NULL,'2017-07-06 12:57:41',NULL,'user',691,NULL,'N',NULL,'Y'),(704,177,74,6,'HARISH',NULL,NULL,'8970654570','','HARISH','123456','506','513',NULL,'off','off',NULL,'2017-07-06 18:27:38',NULL,'2017-07-06 12:57:41',NULL,'user',692,NULL,'N',NULL,'Y'),(705,177,74,6,'SOLANKI MAYUR BHAI JASHAVANT BHAI',NULL,NULL,'8238964099','','SOLANKI MAYUR BHAI JASHAVANT BHAI','123456','506','513',NULL,'off','off',NULL,'2017-07-06 18:27:38',NULL,'2017-07-06 12:57:42',NULL,'user',693,NULL,'N',NULL,'Y'),(706,177,74,6,'BIJU SATPAL',NULL,NULL,'9977697774','','BIJU SATPAL','123456','506','513',NULL,'off','off',NULL,'2017-07-06 18:27:38',NULL,'2017-07-06 12:57:42',NULL,'user',694,NULL,'N',NULL,'Y'),(707,177,74,6,'RAHUL RAMDAS DONDE',NULL,NULL,'8928780455','','RAHUL RAMDAS DONDE','123456','506','513',NULL,'off','off',NULL,'2017-07-06 18:27:39',NULL,'2017-07-06 12:57:42',NULL,'user',695,NULL,'N',NULL,'Y'),(708,177,74,6,'VIKAS VISHNU DHANAVADE',NULL,NULL,'8975966800','','VIKAS VISHNU DHANAVADE','123456','506','513',NULL,'off','off',NULL,'2017-07-06 18:27:39',NULL,'2017-07-06 12:57:42',NULL,'user',696,NULL,'N',NULL,'Y'),(709,177,74,6,'SHANKAR KUMAR',NULL,NULL,'8569034788','','SHANKAR KUMAR','123456','506','513',NULL,'off','off',NULL,'2017-07-06 18:27:39',NULL,'2017-07-06 12:57:42',NULL,'user',697,NULL,'N',NULL,'Y'),(710,177,74,6,'GANESH TALUKDAR',NULL,NULL,'7399867233','','GANESH TALUKDAR','123456','506','513',NULL,'off','off',NULL,'2017-07-06 18:27:39',NULL,'2017-07-06 12:57:42',NULL,'user',698,NULL,'N',NULL,'Y'),(711,177,74,6,'NANGUNOORI SAI KUMAR',NULL,NULL,'8099403453','','NANGUNOORI SAI KUMAR','123456','506','513',NULL,'off','off',NULL,'2017-07-06 18:27:39',NULL,'2017-07-06 12:57:42',NULL,'user',699,NULL,'N',NULL,'Y'),(712,177,74,6,'RANJAN KUMAR',NULL,NULL,'7677550904','','RANJAN KUMAR','123456','506','513',NULL,'off','off',NULL,'2017-07-06 18:27:39',NULL,'2017-07-06 12:57:42',NULL,'user',700,NULL,'N',NULL,'Y'),(713,177,74,6,'DANALA RAMBABU',NULL,NULL,'9177178316','','DANALA RAMBABU','123456','506','513',NULL,'off','off',NULL,'2017-07-06 18:27:39',NULL,'2017-07-06 12:57:42',NULL,'user',701,NULL,'N',NULL,'Y'),(714,177,74,6,'BINOD YADAV',NULL,NULL,'8877204475','','BINOD YADAV','123456','506','513',NULL,'off','off',NULL,'2017-07-06 18:27:39',NULL,'2017-07-06 12:57:42',NULL,'user',702,NULL,'N',NULL,'Y'),(715,177,74,6,'GODDUGORLA SUNIL',NULL,NULL,'9908885434','','GODDUGORLA SUNIL','123456','506','513',NULL,'off','off',NULL,'2017-07-06 18:27:39',NULL,'2017-07-06 12:57:42',NULL,'user',703,NULL,'N',NULL,'Y'),(716,177,74,6,'BALAKRISHNAN A',NULL,NULL,'9789943738','','BALAKRISHNAN A','123456','506','536',NULL,'off','off',NULL,'2017-07-06 18:27:39',NULL,'2017-07-06 12:57:42',NULL,'user',704,NULL,'N',NULL,'Y'),(717,177,74,6,'MOHANRAJ',NULL,NULL,'8301942204','','MOHANRAJ','123456','506','536',NULL,'off','off',NULL,'2017-07-06 18:27:39',NULL,'2017-07-06 12:57:42',NULL,'user',705,NULL,'N',NULL,'Y'),(718,177,74,6,'THUPILI JANARDHAN',NULL,NULL,'7908 62655','','THUPILI JANARDHAN','123456','506','535',NULL,'off','off',NULL,'2017-07-06 18:27:39',NULL,'2017-07-06 12:57:42',NULL,'user',706,NULL,'N',NULL,'Y'),(719,177,74,6,'R.ALAMELU',NULL,NULL,'9941985319','','R.ALAMELU','123456','506','533',NULL,'off','off',NULL,'2017-07-06 18:27:39',NULL,'2017-07-06 12:57:42',NULL,'user',707,NULL,'N',NULL,'Y'),(720,177,74,6,'UTTAM BISWAS',NULL,NULL,'9088925570','','UTTAM BISWAS','123456','506','513',NULL,'off','off',NULL,'2017-07-06 18:27:39',NULL,'2017-07-06 12:57:42',NULL,'user',708,NULL,'N',NULL,'Y'),(721,177,74,6,'GOBINDA ROY',NULL,NULL,'8100063490','','GOBINDA ROY','123456','506','513',NULL,'off','off',NULL,'2017-07-06 18:27:39',NULL,'2017-07-06 12:57:42',NULL,'user',709,NULL,'N',NULL,'Y'),(722,177,74,6,'SANTOSH KUMAR',NULL,NULL,'9914840849','','SANTOSH KUMAR','123456','506','513',NULL,'off','off',NULL,'2017-07-06 18:27:39',NULL,'2017-07-06 12:57:42',NULL,'user',710,NULL,'N',NULL,'Y'),(723,177,74,6,'SUBAS SARKAR',NULL,NULL,'9163312363','','SUBAS SARKAR','123456','506','551',NULL,'off','off',NULL,'2017-07-06 18:27:39',NULL,'2017-07-06 12:57:43',NULL,'user',711,NULL,'N',NULL,'Y'),(724,177,74,6,'DATTATREYA',NULL,NULL,'8147182833','','DATTATREYA','123456','506','513',NULL,'off','off',NULL,'2017-07-06 18:27:40',NULL,'2017-07-06 12:57:43',NULL,'user',712,NULL,'N',NULL,'Y'),(725,177,74,6,'RAJAGURU GURUSAMY',NULL,NULL,'9751236889','','RAJAGURU GURUSAMY','123456','506','513',NULL,'off','off',NULL,'2017-07-06 18:27:40',NULL,'2017-07-06 12:57:43',NULL,'user',713,NULL,'N',NULL,'Y'),(726,177,74,6,'CHANDAN SINHA',NULL,NULL,'7278625669','','CHANDAN SINHA','123456','506','532',NULL,'off','off',NULL,'2017-07-06 18:27:40',NULL,'2017-07-06 12:57:43',NULL,'user',714,NULL,'N',NULL,'Y'),(727,177,74,6,'BHARAT NASKAR',NULL,NULL,'9051782320','','BHARAT NASKAR','123456','506','513',NULL,'off','off',NULL,'2017-07-06 18:27:40',NULL,'2017-07-06 12:57:43',NULL,'user',715,NULL,'N',NULL,'Y'),(728,177,74,6,'GOBINDO KHARA',NULL,NULL,'7699302598','','GOBINDO KHARA','123456','506','513',NULL,'off','off',NULL,'2017-07-06 18:27:40',NULL,'2017-07-06 12:57:43',NULL,'user',716,NULL,'N',NULL,'Y'),(729,177,74,6,'SANDEEP KUMAR',NULL,NULL,'9914168031','','SANDEEP KUMAR','123456','506','513',NULL,'off','off',NULL,'2017-07-06 18:27:40',NULL,'2017-07-06 12:57:43',NULL,'user',717,NULL,'N',NULL,'Y'),(730,177,74,6,'PULOCK PAN',NULL,NULL,'9051370553','','PULOCK PAN','123456','506','513',NULL,'off','off',NULL,'2017-07-06 18:27:40',NULL,'2017-07-06 12:57:43',NULL,'user',718,NULL,'N',NULL,'Y'),(731,177,74,6,'NARAYAN MONDAL',NULL,NULL,'7044576291','','NARAYAN MONDAL','123456','506','513',NULL,'off','off',NULL,'2017-07-06 18:27:40',NULL,'2017-07-06 12:57:43',NULL,'user',719,NULL,'N',NULL,'Y'),(732,177,74,6,'Yogesh Wadia',NULL,NULL,'8085553247','','Yogesh Wadia','123456','506','513',NULL,'off','off',NULL,'2017-07-06 18:27:40',NULL,'2017-07-06 12:57:43',NULL,'user',720,NULL,'N',NULL,'Y'),(733,177,74,6,'Jitendra Rana',NULL,NULL,'9928546464','','Jitendra Rana','123456','506','513',NULL,'off','off',NULL,'2017-07-06 18:27:40',NULL,'2017-07-06 12:57:43',NULL,'user',721,NULL,'N',NULL,'Y'),(734,177,74,6,'Anup Kumar',NULL,NULL,'9587719047','','Anup Kumar','123456','506','513',NULL,'off','off',NULL,'2017-07-06 18:27:40',NULL,'2017-07-06 12:57:43',NULL,'user',722,NULL,'N',NULL,'Y'),(735,177,74,6,'Shivakumar V',NULL,NULL,'9916579852','','Shivakumar V','123456','506','513',NULL,'off','off',NULL,'2017-07-06 18:27:40',NULL,'2017-07-06 12:57:43',NULL,'user',723,NULL,'N',NULL,'Y'),(736,177,74,6,'Sarabindu Naskar',NULL,NULL,'7059730817','','Sarabindu Naskar','123456','506','513',NULL,'off','off',NULL,'2017-07-06 18:27:40',NULL,'2017-07-06 12:57:43',NULL,'user',724,NULL,'N',NULL,'Y'),(737,177,74,6,'SUMANGAL DAS',NULL,NULL,'9038751293','','SUMANGAL DAS','123456','506','513',NULL,'off','off',NULL,'2017-07-06 18:27:40',NULL,'2017-07-06 12:57:43',NULL,'user',725,NULL,'N',NULL,'Y'),(738,177,74,6,'BALAJI VENKATAPATHY',NULL,NULL,'9886860458','','BALAJI VENKATAPATHY','123456','506','513',NULL,'off','off',NULL,'2017-07-06 18:27:40',NULL,'2017-07-06 12:57:43',NULL,'user',726,NULL,'N',NULL,'Y'),(739,177,74,6,'UTTAM NASKAR',NULL,NULL,'9038077957','','UTTAM NASKAR','123456','506','513',NULL,'off','off',NULL,'2017-07-06 18:27:40',NULL,'2017-07-06 12:57:43',NULL,'user',727,NULL,'N',NULL,'Y'),(740,177,74,6,'LALTU ROY',NULL,NULL,'9804809074','','LALTU ROY','123456','506','513',NULL,'off','off',NULL,'2017-07-06 18:27:40',NULL,'2017-07-06 12:57:44',NULL,'user',728,NULL,'N',NULL,'Y'),(741,177,74,6,'Amar Kumar Chowdhary',NULL,NULL,'9674255907','','Amar Kumar Chowdhary','123456','506','513',NULL,'off','off',NULL,'2017-07-06 18:27:40',NULL,'2017-07-06 12:57:44',NULL,'user',729,NULL,'N',NULL,'Y'),(742,177,74,6,'Dodalla  Srinivasa Rao',NULL,NULL,'9642534357','','Dodalla  Srinivasa Rao','123456','506','513',NULL,'off','off',NULL,'2017-07-06 18:27:41',NULL,'2017-07-06 12:57:44',NULL,'user',730,NULL,'N',NULL,'Y'),(743,177,74,6,'Ajay Routh',NULL,NULL,'9748397850','','Ajay Routh','123456','506','513',NULL,'off','off',NULL,'2017-07-06 18:27:41',NULL,'2017-07-06 12:57:44',NULL,'user',731,NULL,'N',NULL,'Y'),(744,177,74,6,'MANOJ KUMAR SOLANKI',NULL,NULL,'9662817670','','MANOJ KUMAR SOLANKI','123456','506','513',NULL,'off','off',NULL,'2017-07-06 18:27:41',NULL,'2017-07-06 12:57:44',NULL,'user',732,NULL,'N',NULL,'Y'),(745,177,74,6,'P BHASKAR',NULL,NULL,'9963647011','','P BHASKAR','123456','506','513',NULL,'off','off',NULL,'2017-07-06 18:27:41',NULL,'2017-07-06 12:57:44',NULL,'user',733,NULL,'N',NULL,'Y'),(746,177,74,6,'GANESH',NULL,NULL,'8871057507','','GANESH','123456','506','513',NULL,'off','off',NULL,'2017-07-06 18:27:41',NULL,'2017-07-06 12:57:44',NULL,'user',734,NULL,'N',NULL,'Y'),(747,177,74,6,'DOMMA KRISHNA',NULL,NULL,'9000607965','','DOMMA KRISHNA','123456','506','513',NULL,'off','off',NULL,'2017-07-06 18:27:41',NULL,'2017-07-06 12:57:44',NULL,'user',735,NULL,'N',NULL,'Y'),(748,177,74,6,'SANDEEP KUMAR MALVE',NULL,NULL,'8019412045','','SANDEEP KUMAR MALVE','123456','506','513',NULL,'off','off',NULL,'2017-07-06 18:27:41',NULL,'2017-07-06 12:57:44',NULL,'user',736,NULL,'N',NULL,'Y'),(749,177,74,6,'H BHUSHANAM',NULL,NULL,'8008735047','','H BHUSHANAM','123456','506','513',NULL,'off','off',NULL,'2017-07-06 18:27:41',NULL,'2017-07-06 12:57:44',NULL,'user',737,NULL,'N',NULL,'Y'),(750,177,74,6,'BAISAKHURAM SHRIVAS',NULL,NULL,'9981865996','','BAISAKHURAM SHRIVAS','123456','506','535',NULL,'off','off',NULL,'2017-07-06 18:27:41',NULL,'2017-07-06 12:57:44',NULL,'user',738,NULL,'N',NULL,'Y'),(751,177,74,6,'HAMSA',NULL,NULL,'9742586163','','HAMSA','123456','506','513',NULL,'off','off',NULL,'2017-07-06 18:27:41',NULL,'2017-07-06 12:57:44',NULL,'user',739,NULL,'N',NULL,'Y'),(752,177,74,6,'RABINDRA KUMAR SAHOO',NULL,NULL,'8420266776','','RABINDRA KUMAR SAHOO','123456','506','551',NULL,'off','off',NULL,'2017-07-06 18:27:41',NULL,'2017-07-06 12:57:44',NULL,'user',740,NULL,'N',NULL,'Y'),(753,177,74,6,'BAPAN MONDAL',NULL,NULL,'7685016735','','BAPAN MONDAL','123456','506','513',NULL,'off','off',NULL,'2017-07-06 18:27:41',NULL,'2017-07-06 12:57:44',NULL,'user',741,NULL,'N',NULL,'Y'),(754,177,74,6,'Uma N K',NULL,NULL,'9019428560','','Uma N K','123456','506','529',NULL,'off','off',NULL,'2017-07-06 18:27:41',NULL,'2017-07-06 12:57:44',NULL,'user',742,NULL,'N',NULL,'Y'),(755,177,74,6,'Patnala Bala Veera Brahmandachary',NULL,NULL,'9700676480','','Patnala Bala Veera Brahmandachary','123456','506','536',NULL,'off','off',NULL,'2017-07-06 18:27:41',NULL,'2017-07-06 12:57:44',NULL,'user',743,NULL,'N',NULL,'Y'),(756,177,74,6,'GOPISETTY  SRIDEVI',NULL,NULL,'9603347215','','GOPISETTY  SRIDEVI','123456','506','529',NULL,'off','off',NULL,'2017-07-06 18:27:41',NULL,'2017-07-06 12:57:44',NULL,'user',744,NULL,'N',NULL,'Y'),(757,177,74,6,'SUVANKAR SARKAR',NULL,NULL,'9804040447','','SUVANKAR SARKAR','123456','506','529',NULL,'off','off',NULL,'2017-07-06 18:27:41',NULL,'2017-07-06 12:57:44',NULL,'user',745,NULL,'N',NULL,'Y'),(758,177,74,6,'Gadhe Ashok kumar',NULL,NULL,'9296406196','','Gadhe Ashok kumar','123456','506','536',NULL,'off','off',NULL,'2017-07-06 18:27:41',NULL,'2017-07-06 12:57:45',NULL,'user',746,NULL,'N',NULL,'Y'),(759,177,74,6,'DEVIKA BODANA',NULL,NULL,'7622883178','','DEVIKA BODANA','123456','506','529',NULL,'off','off',NULL,'2017-07-06 18:27:41',NULL,'2017-07-06 12:57:45',NULL,'user',747,NULL,'N',NULL,'Y'),(760,177,74,6,'MITTAPALLI RAMESH',NULL,NULL,'8790290703','','MITTAPALLI RAMESH','123456','506','535',NULL,'off','off',NULL,'2017-07-06 18:27:42',NULL,'2017-07-06 12:57:45',NULL,'user',748,NULL,'N',NULL,'Y'),(761,177,74,6,'SOLANKI MOHESH',NULL,NULL,'8460042754','','SOLANKI MOHESH','123456','506','531',NULL,'off','off',NULL,'2017-07-06 18:27:42',NULL,'2017-07-06 12:57:45',NULL,'user',749,NULL,'N',NULL,'Y'),(762,177,74,6,'SOLANKI MEHUL',NULL,NULL,'9537971728','','SOLANKI MEHUL','123456','506','513',NULL,'off','off',NULL,'2017-07-06 18:27:42',NULL,'2017-07-06 12:57:45',NULL,'user',750,NULL,'N',NULL,'Y'),(763,177,74,6,'PURBIYA DIPAKKUMAR',NULL,NULL,'7874913841','','PURBIYA DIPAKKUMAR','123456','506','513',NULL,'off','off',NULL,'2017-07-06 18:27:42',NULL,'2017-07-06 12:57:45',NULL,'user',751,NULL,'N',NULL,'Y'),(764,177,74,6,'JAGDISHBHAI PARMAR',NULL,NULL,'9104920521','','JAGDISHBHAI PARMAR','123456','506','530',NULL,'off','off',NULL,'2017-07-06 18:27:42',NULL,'2017-07-06 12:57:45',NULL,'user',752,NULL,'N',NULL,'Y'),(765,177,74,6,'RAVAT RAJENDRA',NULL,NULL,'9924338220','','RAVAT RAJENDRA','123456','506','513',NULL,'off','off',NULL,'2017-07-06 18:27:42',NULL,'2017-07-06 12:57:45',NULL,'user',753,NULL,'N',NULL,'Y'),(766,177,74,6,'PARMAR BHUPATJI',NULL,NULL,'7359262930','','PARMAR BHUPATJI','123456','506','513',NULL,'off','off',NULL,'2017-07-06 18:27:42',NULL,'2017-07-06 12:57:45',NULL,'user',754,NULL,'N',NULL,'Y'),(767,177,74,6,'DINESHBHAI PARMAR',NULL,NULL,'8734006665','','DINESHBHAI PARMAR','123456','506','530',NULL,'off','off',NULL,'2017-07-06 18:27:42',NULL,'2017-07-06 12:57:45',NULL,'user',755,NULL,'N',NULL,'Y'),(768,177,74,6,'PARESH KUMAR',NULL,NULL,'7802909600','','PARESH KUMAR','123456','506','513',NULL,'off','off',NULL,'2017-07-06 18:27:42',NULL,'2017-07-12 10:17:55',NULL,'user',756,NULL,'N','dMSmC8YgUMI:APA91bH8pS1DppUv2oDM_jJlXT4rFB2eIwku3-7CPMUIxGdmD71odvo8E43L6FEItYczznRdJZab_e2RGpqBQ48t5eHg50eTPgfq45iyUJws1pqKU1iB1D1AyXkkIuqFrlMG5aJmV5B4','Y'),(769,177,74,6,'Chiragkumar Solanki',NULL,NULL,'9173710062','','Chiragkumar Solanki','123456','506','513',NULL,'off','off',NULL,'2017-07-06 18:27:42',NULL,'2017-07-06 12:57:45',NULL,'user',757,NULL,'N',NULL,'Y'),(770,177,74,6,'Chauhan Kirtikumar',NULL,NULL,'9173381613','','Chauhan Kirtikumar','123456','506','513',NULL,'off','off',NULL,'2017-07-06 18:27:42',NULL,'2017-07-06 12:57:45',NULL,'user',758,NULL,'N',NULL,'Y'),(771,177,74,6,'ANANDAPPA',NULL,NULL,'9008660596','','ANANDAPPA','123456','506','513',NULL,'off','off',NULL,'2017-07-06 18:27:42',NULL,'2017-07-06 12:57:45',NULL,'user',759,NULL,'N',NULL,'Y'),(772,177,74,6,'RAJANNA',NULL,NULL,'9591225472','','RAJANNA','123456','506','513',NULL,'off','off',NULL,'2017-07-06 18:27:42',NULL,'2017-07-06 12:57:45',NULL,'user',760,NULL,'N',NULL,'Y'),(773,177,74,6,'GAGAN DALEI',NULL,NULL,'7204299468','','GAGAN DALEI','123456','506','513',NULL,'off','off',NULL,'2017-07-06 18:27:42',NULL,'2017-07-06 12:57:45',NULL,'user',761,NULL,'N',NULL,'Y'),(774,177,74,6,'Akshay Kumar',NULL,NULL,'8050265870','','Akshay Kumar','123456','506','527',NULL,'off','off',NULL,'2017-07-06 18:27:43',NULL,'2017-07-06 12:57:46',NULL,'user',762,NULL,'N',NULL,'Y'),(775,177,74,6,'YS Chandra shekar',NULL,NULL,'8970609103','','YS Chandra shekar','123456','506','513',NULL,'off','off',NULL,'2017-07-06 18:27:43',NULL,'2017-07-06 12:57:46',NULL,'user',763,NULL,'N',NULL,'Y'),(776,177,74,6,'Dara Singh',NULL,NULL,'9785802442','','Dara Singh','123456','506','513',NULL,'off','off',NULL,'2017-07-06 18:27:43',NULL,'2017-07-06 12:57:46',NULL,'user',764,NULL,'N',NULL,'Y'),(777,177,74,6,'SANNY KUMAR',NULL,NULL,'9973942507','','SANNY KUMAR','123456','506','513',NULL,'off','off',NULL,'2017-07-06 18:27:43',NULL,'2017-07-06 12:57:46',NULL,'user',765,NULL,'N',NULL,'Y'),(778,177,74,6,'Ravi Kumar',NULL,NULL,'8860848354','','Ravi Kumar','123456','506','513',NULL,'off','off',NULL,'2017-07-06 18:27:43',NULL,'2017-07-06 12:57:46',NULL,'user',766,NULL,'N',NULL,'Y'),(779,177,74,6,'GOLU KUMAR',NULL,NULL,'7272981918','','GOLU KUMAR','123456','506','513',NULL,'off','off',NULL,'2017-07-06 18:27:43',NULL,'2017-07-06 12:57:46',NULL,'user',767,NULL,'N',NULL,'Y'),(780,177,74,6,'KHEM CHAND',NULL,NULL,'9214557789','','KHEM CHAND','123456','506','513',NULL,'off','off',NULL,'2017-07-06 18:27:43',NULL,'2017-07-06 12:57:46',NULL,'user',768,NULL,'N',NULL,'Y'),(781,177,74,6,'A.Ramana',NULL,NULL,'8978473867','','A.Ramana','123456','506','536',NULL,'off','off',NULL,'2017-07-06 18:27:43',NULL,'2017-07-06 12:57:46',NULL,'user',769,NULL,'N',NULL,'Y'),(782,177,74,6,'AVDHUT RUKMAJI GORAGILE',NULL,NULL,'8605596481','','AVDHUT RUKMAJI GORAGILE','123456','506','535',NULL,'off','off',NULL,'2017-07-06 18:27:43',NULL,'2017-07-06 12:57:46',NULL,'user',770,NULL,'N',NULL,'Y'),(783,177,74,6,'VIVEKANAND BHARAT SHELKE',NULL,NULL,'9552602620','','VIVEKANAND BHARAT SHELKE','123456','506','535',NULL,'off','off',NULL,'2017-07-06 18:27:43',NULL,'2017-07-06 12:57:46',NULL,'user',771,NULL,'N',NULL,'Y'),(784,177,74,6,'BHARAT MADHAV KANWATE',NULL,NULL,'9545187580','','BHARAT MADHAV KANWATE','123456','506','513',NULL,'off','off',NULL,'2017-07-06 18:27:43',NULL,'2017-07-06 12:57:46',NULL,'user',772,NULL,'N',NULL,'Y'),(785,177,74,6,'k.shyam sunder',NULL,NULL,'9618720397','','k.shyam sunder','123456','506','536',NULL,'off','off',NULL,'2017-07-06 18:27:43',NULL,'2017-07-06 12:57:47',NULL,'user',773,NULL,'N',NULL,'Y'),(786,177,74,6,'MAHESH MEENA',NULL,NULL,'9893243602','','MAHESH MEENA','123456','506','551',NULL,'off','off',NULL,'2017-07-06 18:27:43',NULL,'2017-07-06 12:57:47',NULL,'user',774,NULL,'N',NULL,'Y'),(787,177,74,6,'CHAMPESHWAR NETAM',NULL,NULL,'9589204450','','CHAMPESHWAR NETAM','123456','506','513',NULL,'off','off',NULL,'2017-07-06 18:27:44',NULL,'2017-07-06 12:57:47',NULL,'user',775,NULL,'N',NULL,'Y'),(788,177,74,6,'MAHENDRA',NULL,NULL,'8872973254','','MAHENDRA','123456','506','513',NULL,'off','off',NULL,'2017-07-06 18:27:44',NULL,'2017-07-06 12:57:47',NULL,'user',776,NULL,'N',NULL,'Y'),(789,177,74,6,'CHAND',NULL,NULL,'7347659499','','CHAND','123456','506','513',NULL,'off','off',NULL,'2017-07-06 18:27:44',NULL,'2017-07-06 12:57:47',NULL,'user',777,NULL,'N',NULL,'Y'),(790,177,74,6,'DEEPAK KUMAR',NULL,NULL,'9780615357','','DEEPAK KUMAR','123456','506','513',NULL,'off','off',NULL,'2017-07-06 18:27:44',NULL,'2017-07-06 12:57:47',NULL,'user',778,NULL,'N',NULL,'Y'),(791,177,74,6,'SHUBAM',NULL,NULL,'7340916760','','SHUBAM','123456','506','513',NULL,'off','off',NULL,'2017-07-06 18:27:44',NULL,'2017-07-06 12:57:47',NULL,'user',779,NULL,'N',NULL,'Y'),(792,177,74,6,'GAURAV KUMAR',NULL,NULL,'8728038522','','GAURAV KUMAR','123456','506','513',NULL,'off','off',NULL,'2017-07-06 18:27:44',NULL,'2017-07-06 12:57:47',NULL,'user',780,NULL,'N',NULL,'Y'),(793,177,74,6,'GURDEEP SINGH',NULL,NULL,'9780659255','','GURDEEP SINGH','123456','506','551',NULL,'off','off',NULL,'2017-07-06 18:27:44',NULL,'2017-07-06 12:57:47',NULL,'user',781,NULL,'N',NULL,'Y'),(794,177,74,6,'UMESH',NULL,NULL,'9855943610','','UMESH','123456','506','513',NULL,'off','off',NULL,'2017-07-06 18:27:44',NULL,'2017-07-06 12:57:47',NULL,'user',782,NULL,'N',NULL,'Y'),(795,177,74,6,'SHYAMLA',NULL,NULL,'9176798390','','SHYAMLA','123456','506','533',NULL,'off','off',NULL,'2017-07-06 18:27:44',NULL,'2017-07-06 12:57:47',NULL,'user',783,NULL,'N',NULL,'Y'),(796,177,74,6,'P MAHENDER',NULL,NULL,'9908903415','','P MAHENDER','123456','506','551',NULL,'off','off',NULL,'2017-07-06 18:27:44',NULL,'2017-07-06 12:57:47',NULL,'user',784,NULL,'N',NULL,'Y'),(797,177,74,6,'KUTHATI YADHAIAH',NULL,NULL,'8096849730','','KUTHATI YADHAIAH','123456','506','513',NULL,'off','off',NULL,'2017-07-06 18:27:44',NULL,'2017-07-06 12:57:47',NULL,'user',785,NULL,'N',NULL,'Y'),(798,177,74,6,'BALAGONI SRISAILAM',NULL,NULL,'9666151687','','BALAGONI SRISAILAM','123456','506','551',NULL,'off','off',NULL,'2017-07-06 18:27:44',NULL,'2017-07-06 12:57:47',NULL,'user',786,NULL,'N',NULL,'Y'),(799,177,74,6,'B VASANTH RAMAKRISHNA',NULL,NULL,'8801330157','','B VASANTH RAMAKRISHNA','123456','506','551',NULL,'off','off',NULL,'2017-07-06 18:27:44',NULL,'2017-07-06 12:57:47',NULL,'user',787,NULL,'N',NULL,'Y'),(800,177,74,6,'RANJIT RAY',NULL,NULL,'7679886566','','RANJIT RAY','123456','506','551',NULL,'off','off',NULL,'2017-07-06 18:27:44',NULL,'2017-07-06 12:57:47',NULL,'user',788,NULL,'N',NULL,'Y'),(801,177,74,6,'RADHA GOBIND KUNDU',NULL,NULL,'8509623307','','RADHA GOBIND KUNDU','123456','506','513',NULL,'off','off',NULL,'2017-07-06 18:27:44',NULL,'2017-07-06 12:57:47',NULL,'user',789,NULL,'N',NULL,'Y'),(802,177,74,6,'ERAPAGA DAVID',NULL,NULL,'9100422643','','ERAPAGA DAVID','123456','506','513',NULL,'off','off',NULL,'2017-07-06 18:27:44',NULL,'2017-07-06 12:57:47',NULL,'user',790,NULL,'N',NULL,'Y'),(803,177,74,6,'BICKY KUMAR',NULL,NULL,'8409207781','','BICKY KUMAR','123456','506','551',NULL,'off','off',NULL,'2017-07-06 18:27:44',NULL,'2017-07-06 12:57:48',NULL,'user',791,NULL,'N',NULL,'Y'),(804,177,74,6,'DINESH KUMAR',NULL,NULL,'8298386115','','DINESH KUMAR','123456','506','513',NULL,'off','off',NULL,'2017-07-06 18:27:44',NULL,'2017-07-06 12:57:48',NULL,'user',792,NULL,'N',NULL,'Y'),(805,177,74,6,'ERAPAGA LAXMAN',NULL,NULL,'9701942861','','ERAPAGA LAXMAN','123456','506','513',NULL,'off','off',NULL,'2017-07-06 18:27:45',NULL,'2017-07-06 12:57:48',NULL,'user',793,NULL,'N',NULL,'Y'),(806,177,74,6,'KESARI KRISHNA',NULL,NULL,'9951366593','','KESARI KRISHNA','123456','506','513',NULL,'off','off',NULL,'2017-07-06 18:27:45',NULL,'2017-07-06 12:57:48',NULL,'user',794,NULL,'N',NULL,'Y'),(807,177,74,6,'KONGARA','SANGEEVA',NULL,'7661929578','','KONGARA SANGEEVA','123456','506','532',NULL,'off','off',NULL,'2017-07-06 18:27:45',NULL,'2017-08-08 10:50:39',NULL,'user',795,NULL,'N','d4S9eeqiycA:APA91bHwG57qelAcLo9hEu0xzHZZfCwQCo0e4iEcjpiKi0DtpZCPGcBfexNhCOVPUSLw3NnjlheBQcWNHLv2A-Yo-N9BgQAJBL27OgBgpYHzJLZvP65Dy1p6hlgFTrqkeh567YcJLhtZ','Y'),(808,177,74,6,'M.D SHAMIM',NULL,NULL,'7301311923','','M.D SHAMIM','123456','506','551',NULL,'off','off',NULL,'2017-07-06 18:27:45',NULL,'2017-07-06 12:57:48',NULL,'user',796,NULL,'N',NULL,'Y'),(809,177,74,6,'AJIT KUMAR MAHTO',NULL,NULL,'7870986018','','AJIT KUMAR MAHTO','123456','506','513',NULL,'off','off',NULL,'2017-07-06 18:27:45',NULL,'2017-07-06 12:57:48',NULL,'user',797,NULL,'N',NULL,'Y'),(810,177,74,6,'Bharat',NULL,NULL,'9001530204','','Bharat','123456','506','513',NULL,'off','off',NULL,'2017-07-06 18:27:45',NULL,'2017-07-06 12:57:48',NULL,'user',798,NULL,'N',NULL,'Y'),(811,177,74,6,'PRAVIN DHANJI MOLISHREE',NULL,NULL,'8655395254','','PRAVIN DHANJI MOLISHREE','123456','506','513',NULL,'off','off',NULL,'2017-07-06 18:27:45',NULL,'2017-07-06 12:57:48',NULL,'user',799,NULL,'N',NULL,'Y'),(812,177,74,6,'Rajesh Mahadev Padad',NULL,NULL,'9527706340','','Rajesh Mahadev Padad','123456','506','513',NULL,'off','off',NULL,'2017-07-06 18:27:45',NULL,'2017-07-06 12:57:48',NULL,'user',800,NULL,'N',NULL,'Y'),(813,177,74,6,'HARISH CHAMANLAL SOLANKI',NULL,NULL,'7507208732','','HARISH CHAMANLAL SOLANKI','123456','506','505',NULL,'off','off',NULL,'2017-07-06 18:27:45',NULL,'2017-07-06 12:57:48',NULL,'user',801,NULL,'N',NULL,'Y'),(814,177,74,6,'putta pochiaha',NULL,NULL,'9640683525','','putta pochiaha','123456','506','536',NULL,'off','off',NULL,'2017-07-06 18:27:45',NULL,'2017-07-06 12:57:48',NULL,'user',802,NULL,'N',NULL,'Y'),(815,177,74,6,'Rajesh H S',NULL,NULL,'9964187678','','Rajesh H S','123456','506','536',NULL,'off','off',NULL,'2017-07-06 18:27:45',NULL,'2017-07-06 12:57:48',NULL,'user',803,NULL,'N',NULL,'Y'),(816,177,74,6,'Chandrashekhar V K',NULL,NULL,'7022749657','','Chandrashekhar V K','123456','506','536',NULL,'off','off',NULL,'2017-07-06 18:27:45',NULL,'2017-07-06 12:57:48',NULL,'user',804,NULL,'N',NULL,'Y'),(817,177,74,6,'D S Rangaswamy',NULL,NULL,'9901618671','','D S Rangaswamy','123456','506','536',NULL,'off','off',NULL,'2017-07-06 18:27:45',NULL,'2017-07-06 12:57:48',NULL,'user',805,NULL,'N',NULL,'Y'),(818,177,74,6,'Sunil D K',NULL,NULL,'9164365425','','Sunil D K','123456','506','536',NULL,'off','off',NULL,'2017-07-06 18:27:45',NULL,'2017-07-06 12:57:48',NULL,'user',806,NULL,'N',NULL,'Y'),(819,177,74,6,'THATCHAYANI M',NULL,NULL,'9710207232','','THATCHAYANI M','123456','506','533',NULL,'off','off',NULL,'2017-07-06 18:27:45',NULL,'2017-07-06 12:57:48',NULL,'user',807,NULL,'N',NULL,'Y'),(820,177,74,6,'KARTHIKESWARI',NULL,NULL,'8939124231','','KARTHIKESWARI','123456','506','513',NULL,'off','off',NULL,'2017-07-06 18:27:45',NULL,'2017-07-06 12:57:48',NULL,'user',808,NULL,'N',NULL,'Y'),(821,177,74,6,'Sriramraj',NULL,NULL,'9880083964','','Sriramraj','123456','506','513',NULL,'off','off',NULL,'2017-07-06 18:27:45',NULL,'2017-07-06 12:57:49',NULL,'user',809,NULL,'N',NULL,'Y'),(822,177,74,6,'Arun Tukaram Gothekar',NULL,NULL,'9923706293','','Arun Tukaram Gothekar','123456','506','513',NULL,'off','off',NULL,'2017-07-06 18:27:46',NULL,'2017-07-06 12:57:49',NULL,'user',810,NULL,'N',NULL,'Y'),(823,177,74,6,'DATTARAM J. MORE',NULL,NULL,'992146237','','DATTARAM J. MORE','123456','506','513',NULL,'off','off',NULL,'2017-07-06 18:27:46',NULL,'2017-07-06 12:57:49',NULL,'user',811,NULL,'N',NULL,'Y'),(824,177,74,6,'Guddi Biram Khairaliya',NULL,NULL,'7738779745','','Guddi Biram Khairaliya','123456','506','531',NULL,'off','off',NULL,'2017-07-06 18:27:46',NULL,'2017-07-06 12:57:49',NULL,'user',812,NULL,'N',NULL,'Y'),(825,177,74,6,'Ragunath Maruti Misal',NULL,NULL,'9763906723','','Ragunath Maruti Misal','123456','506','513',NULL,'off','off',NULL,'2017-07-06 18:27:46',NULL,'2017-07-06 12:57:49',NULL,'user',813,NULL,'N',NULL,'Y'),(826,177,74,6,'Swadhin Kumar Marthy',NULL,NULL,'9819272396','','Swadhin Kumar Marthy','123456','506','551',NULL,'off','off',NULL,'2017-07-06 18:27:46',NULL,'2017-07-06 12:57:49',NULL,'user',814,NULL,'N',NULL,'Y'),(827,177,74,6,'KANNAN M',NULL,NULL,'9962024440','','KANNAN M','123456','506','513',NULL,'off','off',NULL,'2017-07-06 18:27:46',NULL,'2017-07-06 12:57:49',NULL,'user',815,NULL,'N',NULL,'Y'),(828,177,74,6,'RAHUL LAXMAN DOFE',NULL,NULL,'8857943929','','RAHUL LAXMAN DOFE','123456','506','513',NULL,'off','off',NULL,'2017-07-06 18:27:46',NULL,'2017-07-06 12:57:49',NULL,'user',816,NULL,'N',NULL,'Y'),(829,177,74,6,'SWEETSON SANJAY BANDA',NULL,NULL,'9960120846','','SWEETSON SANJAY BANDA','123456','506','513',NULL,'off','off',NULL,'2017-07-06 18:27:46',NULL,'2017-07-06 12:57:49',NULL,'user',817,NULL,'N',NULL,'Y'),(830,177,74,6,'GANESAN BALASUBRAMANIYAM',NULL,NULL,'9442821326','','GANESAN BALASUBRAMANIYAM','123456','506','536',NULL,'off','off',NULL,'2017-07-06 18:27:46',NULL,'2017-07-06 12:57:49',NULL,'user',818,NULL,'N',NULL,'Y'),(831,177,74,6,'Deepak Teli',NULL,NULL,'7300181028','','Deepak Teli','123456','506','513',NULL,'off','off',NULL,'2017-07-06 18:27:46',NULL,'2017-07-06 12:57:49',NULL,'user',819,NULL,'N',NULL,'Y'),(832,177,74,6,'MOTHKURI SANDEEP',NULL,NULL,'9705999648','','MOTHKURI SANDEEP','123456','506','513',NULL,'off','off',NULL,'2017-07-06 18:27:46',NULL,'2017-07-06 12:57:49',NULL,'user',820,NULL,'N',NULL,'Y'),(833,177,74,6,'VIKASH KUMAR',NULL,NULL,'9023738973','','VIKASH KUMAR','123456','506','513',NULL,'off','off',NULL,'2017-07-06 18:27:46',NULL,'2017-07-06 12:57:49',NULL,'user',821,NULL,'N',NULL,'Y'),(834,177,74,6,'Sudhir Kumar Paul',NULL,NULL,'9317886685','','Sudhir Kumar Paul','123456','506','513',NULL,'off','off',NULL,'2017-07-06 18:27:46',NULL,'2017-07-06 12:57:49',NULL,'user',822,NULL,'N',NULL,'Y'),(835,177,74,6,'G.Ravinder',NULL,NULL,'9133073843','','G.Ravinder','123456','506','513',NULL,'off','off',NULL,'2017-07-06 18:27:46',NULL,'2017-07-06 12:57:49',NULL,'user',823,NULL,'N',NULL,'Y'),(836,177,74,6,'SUNNY KUMAR',NULL,NULL,'9835919868','','SUNNY KUMAR','123456','506','535',NULL,'off','off',NULL,'2017-07-06 18:27:46',NULL,'2017-07-06 12:57:49',NULL,'user',824,NULL,'N',NULL,'Y'),(837,177,74,6,'HARISH KUMAR',NULL,NULL,'9569259956','','HARISH KUMAR','123456','506','513',NULL,'off','off',NULL,'2017-07-06 18:27:46',NULL,'2017-07-06 12:57:49',NULL,'user',825,NULL,'N',NULL,'Y'),(838,177,74,6,'KRISHNA KUMAR',NULL,NULL,'9308495335','','KRISHNA KUMAR','123456','506','513',NULL,'off','off',NULL,'2017-07-06 18:27:46',NULL,'2017-07-06 12:57:50',NULL,'user',826,NULL,'N',NULL,'Y'),(839,177,74,6,'MANISH  Mallik',NULL,NULL,'9546661885','','MANISH  Mallik','123456','506','513',NULL,'off','off',NULL,'2017-07-06 18:27:46',NULL,'2017-07-06 12:57:50',NULL,'user',827,NULL,'N',NULL,'Y'),(840,177,74,6,'RAJA SEKARAN',NULL,NULL,'9626536913','','RAJA SEKARAN','123456','506','513',NULL,'off','off',NULL,'2017-07-06 18:27:47',NULL,'2017-07-06 12:57:50',NULL,'user',828,NULL,'N',NULL,'Y'),(841,177,74,6,'SIVA PRAKASH KUMAR',NULL,NULL,'9042230844','','SIVA PRAKASH KUMAR','123456','506','536',NULL,'off','off',NULL,'2017-07-06 18:27:47',NULL,'2017-07-06 12:57:50',NULL,'user',829,NULL,'N',NULL,'Y'),(842,177,74,6,'KAMALA KANNAN',NULL,NULL,'9841545752','','KAMALA KANNAN','123456','506','513',NULL,'off','off',NULL,'2017-07-06 18:27:47',NULL,'2017-07-06 12:57:50',NULL,'user',830,NULL,'N',NULL,'Y'),(843,177,74,6,'SHIVAKUMAR',NULL,NULL,'9789032317','','SHIVAKUMAR','123456','506','513',NULL,'off','off',NULL,'2017-07-06 18:27:47',NULL,'2017-07-06 12:57:50',NULL,'user',831,NULL,'N',NULL,'Y'),(844,177,74,6,'SHAIK NAZEER',NULL,NULL,'7397353913','','SHAIK NAZEER','123456','506','513',NULL,'off','off',NULL,'2017-07-06 18:27:47',NULL,'2017-07-06 12:57:50',NULL,'user',832,NULL,'N',NULL,'Y'),(845,177,74,6,'S.srikanth',NULL,NULL,'9177989501','','S.srikanth','123456','506','536',NULL,'off','off',NULL,'2017-07-06 18:27:47',NULL,'2017-07-06 12:57:50',NULL,'user',833,NULL,'N',NULL,'Y'),(846,177,74,6,'RASAMALLA VENKAT SAI',NULL,NULL,'9603460359','','RASAMALLA VENKAT SAI','123456','506','513',NULL,'off','off',NULL,'2017-07-06 18:27:47',NULL,'2017-07-06 12:57:50',NULL,'user',834,NULL,'N',NULL,'Y'),(847,177,74,6,'CHANDAN DOM',NULL,NULL,'7631914215','','CHANDAN DOM','123456','506','513',NULL,'off','off',NULL,'2017-07-06 18:27:47',NULL,'2017-07-06 12:57:50',NULL,'user',835,NULL,'N',NULL,'Y'),(848,177,74,6,'Ghanshyam Prasad Yadav',NULL,NULL,'9658134447','','Ghanshyam Prasad Yadav','123456','506','513',NULL,'off','off',NULL,'2017-07-06 18:27:47',NULL,'2017-07-06 12:57:50',NULL,'user',836,NULL,'N',NULL,'Y'),(849,177,74,6,'SHANI YADAV',NULL,NULL,'8435326929','','SHANI YADAV','123456','506','513',NULL,'off','off',NULL,'2017-07-06 18:27:47',NULL,'2017-07-06 12:57:50',NULL,'user',837,NULL,'N',NULL,'Y'),(850,177,74,6,'Amar Kumar Tarak',NULL,NULL,'7746993739','','Amar Kumar Tarak','123456','506','513',NULL,'off','off',NULL,'2017-07-06 18:27:47',NULL,'2017-07-06 12:57:50',NULL,'user',838,NULL,'N',NULL,'Y'),(851,177,74,6,'SHIVRAJ MALVIYA',NULL,NULL,'9893072362','','SHIVRAJ MALVIYA','123456','506','535',NULL,'off','off',NULL,'2017-07-06 18:27:47',NULL,'2017-07-06 12:57:50',NULL,'user',839,NULL,'N',NULL,'Y'),(852,177,74,6,'Devendra kanhaiyalal tiwari',NULL,NULL,'9881199323','','Devendra kanhaiyalal tiwari','123456','506','551',NULL,'off','off',NULL,'2017-07-06 18:27:47',NULL,'2017-07-11 09:08:13',NULL,'user',840,NULL,'N','dzhdaKOROSE:APA91bEw5Iceuvw5VvvrjVPIOHfgKkAuJ6HtcgWTRBQWMW-9MOHLp-kKM3CDX7z66BieFv-Fib4-HYhLO8odUMvEpgzGGHJcWItPw5TCc-FH10sCpEaTkhLH-gGS3OWPy-Fq45IU5c8J','Y'),(853,177,74,6,'Bikas Das',NULL,NULL,'8535908406','','Bikas Das','123456','506','536',NULL,'off','off',NULL,'2017-07-06 18:27:47',NULL,'2017-07-06 12:57:50',NULL,'user',841,NULL,'N',NULL,'Y'),(854,177,74,6,'BHARAT CHANWRIYA',NULL,NULL,'7426024284','','BHARAT CHANWRIYA','123456','506','513',NULL,'off','off',NULL,'2017-07-06 18:27:47',NULL,'2017-07-06 12:57:50',NULL,'user',842,NULL,'N',NULL,'Y'),(855,177,74,6,'SURESH KUMAR',NULL,NULL,'9602006613','','SURESH KUMAR','123456','506','513',NULL,'off','off',NULL,'2017-07-06 18:27:47',NULL,'2017-07-06 12:57:50',NULL,'user',843,NULL,'N',NULL,'Y'),(856,177,74,6,'HANUMAN PARJAPAT',NULL,NULL,'7737809604','','HANUMAN PARJAPAT','123456','506','513',NULL,'off','off',NULL,'2017-07-06 18:27:47',NULL,'2017-07-06 12:57:51',NULL,'user',844,NULL,'N',NULL,'Y'),(857,177,74,6,'RADHEY SHYAM KUMAR',NULL,NULL,'7568560347','','RADHEY SHYAM KUMAR','123456','506','513',NULL,'off','off',NULL,'2017-07-06 18:27:47',NULL,'2017-07-06 12:57:51',NULL,'user',845,NULL,'N',NULL,'Y'),(858,177,74,6,'DINESH SHARMA',NULL,NULL,'9694339852','','DINESH SHARMA','123456','506','551',NULL,'off','off',NULL,'2017-07-06 18:27:48',NULL,'2017-07-06 12:57:51',NULL,'user',846,NULL,'N',NULL,'Y'),(859,177,74,6,'RAJU HARIJAN',NULL,NULL,'7073227156','','RAJU HARIJAN','123456','506','513',NULL,'off','off',NULL,'2017-07-06 18:27:48',NULL,'2017-07-06 12:57:51',NULL,'user',847,NULL,'N',NULL,'Y'),(860,177,74,6,'Bishu Mandal',NULL,NULL,'7079938312','','Bishu Mandal','123456','506','513',NULL,'off','off',NULL,'2017-07-06 18:27:48',NULL,'2017-07-06 12:57:51',NULL,'user',848,NULL,'N',NULL,'Y'),(861,177,74,6,'GANESAN',NULL,NULL,'8903144122','','GANESAN','123456','506','536',NULL,'off','off',NULL,'2017-07-06 18:27:48',NULL,'2017-07-06 12:57:51',NULL,'user',849,NULL,'N',NULL,'Y'),(862,177,74,6,'Ashok Kumar',NULL,NULL,'7073071617','','Ashok Kumar','123456','506','513',NULL,'off','off',NULL,'2017-07-06 18:27:48',NULL,'2017-07-06 12:57:51',NULL,'user',850,NULL,'N',NULL,'Y'),(863,177,74,6,'Dharamraj Pinara',NULL,NULL,'9799576053','','Dharamraj Pinara','123456','506','513',NULL,'off','off',NULL,'2017-07-06 18:27:48',NULL,'2017-07-06 12:57:51',NULL,'user',851,NULL,'N',NULL,'Y'),(864,177,74,6,'SAGAR KUMAR BHARTI',NULL,NULL,'7209485928','','SAGAR KUMAR BHARTI','123456','506','513',NULL,'off','off',NULL,'2017-07-06 18:27:48',NULL,'2017-07-06 12:57:51',NULL,'user',852,NULL,'N',NULL,'Y'),(865,177,74,6,'PINTU NISHAD',NULL,NULL,'708988526','','PINTU NISHAD','123456','506','535',NULL,'off','off',NULL,'2017-07-06 18:27:48',NULL,'2017-07-06 12:57:51',NULL,'user',853,NULL,'N',NULL,'Y'),(866,177,74,6,'KEMPARAJU',NULL,NULL,'9902466252','','KEMPARAJU','123456','506','535',NULL,'off','off',NULL,'2017-07-06 18:27:48',NULL,'2017-07-06 12:57:51',NULL,'user',854,NULL,'N',NULL,'Y'),(867,177,74,6,'Puttaraju',NULL,NULL,'9886703990','','Puttaraju','123456','506','505',NULL,'off','off',NULL,'2017-07-06 18:27:48',NULL,'2017-07-06 12:57:51',NULL,'user',855,NULL,'N',NULL,'Y'),(868,177,74,6,'LAKSHMI DEVI',NULL,NULL,'8884522099','','LAKSHMI DEVI','123456','506','533',NULL,'off','off',NULL,'2017-07-06 18:27:48',NULL,'2017-07-06 12:57:51',NULL,'user',856,NULL,'N',NULL,'Y'),(869,177,74,6,'EDWIN JAYARAJ',NULL,NULL,'7338969195','','EDWIN JAYARAJ','123456','506','536',NULL,'off','off',NULL,'2017-07-06 18:27:48',NULL,'2017-07-06 12:57:51',NULL,'user',857,NULL,'N',NULL,'Y'),(870,177,74,6,'V.MUNU SAMY',NULL,NULL,'9176890341','','V.MUNU SAMY','123456','506','536',NULL,'off','off',NULL,'2017-07-06 18:27:48',NULL,'2017-07-06 12:57:51',NULL,'user',858,NULL,'N',NULL,'Y'),(871,177,74,6,'A','RAMESH',NULL,'9941275788','','A RAMESH','123456','506','536',NULL,'off','off',NULL,'2017-07-06 18:27:48',NULL,'2017-08-08 10:19:41',NULL,'user',859,NULL,'N',NULL,'Y'),(872,177,74,6,'T.ANANAD',NULL,NULL,'7358655284','','T.ANANAD','123456','506','536',NULL,'off','off',NULL,'2017-07-06 18:27:48',NULL,'2017-07-06 12:57:51',NULL,'user',860,NULL,'N',NULL,'Y'),(873,177,74,6,'V CHEZHIAN',NULL,NULL,'9940508681','','V CHEZHIAN','123456','506','536',NULL,'off','off',NULL,'2017-07-06 18:27:48',NULL,'2017-07-06 12:57:51',NULL,'user',861,NULL,'N',NULL,'Y'),(874,177,74,6,'R DEVARAJ',NULL,NULL,'9790840637','','R DEVARAJ','123456','506','536',NULL,'off','off',NULL,'2017-07-06 18:27:48',NULL,'2017-07-06 12:57:52',NULL,'user',862,NULL,'N',NULL,'Y'),(875,177,74,6,'G.PALANIVELU',NULL,NULL,'7299680950','','G.PALANIVELU','123456','506','536',NULL,'off','off',NULL,'2017-07-06 18:27:49',NULL,'2017-07-06 12:57:52',NULL,'user',863,NULL,'N',NULL,'Y'),(876,177,74,6,'K SRINIVASAN',NULL,NULL,'9176788925','','K SRINIVASAN','123456','506','536',NULL,'off','off',NULL,'2017-07-06 18:27:49',NULL,'2017-07-06 12:57:52',NULL,'user',864,NULL,'N',NULL,'Y'),(877,177,74,6,'N BABU',NULL,NULL,'9382897179','','N BABU','123456','506','536',NULL,'off','off',NULL,'2017-07-06 18:27:49',NULL,'2017-07-06 12:57:52',NULL,'user',865,NULL,'N',NULL,'Y'),(878,177,74,6,'S RAJAN',NULL,NULL,'9841855636','','S RAJAN','123456','506','536',NULL,'off','off',NULL,'2017-07-06 18:27:49',NULL,'2017-07-06 12:57:52',NULL,'user',866,NULL,'N',NULL,'Y'),(879,177,74,6,'P.G.GOPI',NULL,NULL,'7467222588','','P.G.GOPI','123456','506','536',NULL,'off','off',NULL,'2017-07-06 18:27:49',NULL,'2017-07-06 12:57:52',NULL,'user',867,NULL,'N',NULL,'Y'),(880,177,74,6,'CHRISTIN RAJ.C',NULL,NULL,'7012421543','','CHRISTIN RAJ.C','123456','506','536',NULL,'off','off',NULL,'2017-07-06 18:27:49',NULL,'2017-07-06 12:57:52',NULL,'user',868,NULL,'N',NULL,'Y'),(881,177,74,6,'RAJENDRA PAL',NULL,NULL,'7558678250','','RAJENDRA PAL','123456','506','536',NULL,'off','off',NULL,'2017-07-06 18:27:49',NULL,'2017-07-06 12:57:52',NULL,'user',869,NULL,'N',NULL,'Y'),(882,177,74,6,'NARESH KUMAR',NULL,NULL,'8180966716','','NARESH KUMAR','123456','506','536',NULL,'off','off',NULL,'2017-07-06 18:27:49',NULL,'2017-07-06 12:57:52',NULL,'user',870,NULL,'N',NULL,'Y'),(883,177,74,6,'V.SATYANARAYANA',NULL,NULL,'8019552766','','V.SATYANARAYANA','123456','506','536',NULL,'off','off',NULL,'2017-07-06 18:27:49',NULL,'2017-07-06 12:57:52',NULL,'user',871,NULL,'N',NULL,'Y'),(884,177,74,6,'T.tirupathi',NULL,NULL,'7032947425','','T.tirupathi','123456','506','536',NULL,'off','off',NULL,'2017-07-06 18:27:49',NULL,'2017-07-06 12:57:52',NULL,'user',872,NULL,'N',NULL,'Y'),(885,177,74,6,'Munta Bakkaiah',NULL,NULL,'9951405510','','Munta Bakkaiah','123456','506','536',NULL,'off','off',NULL,'2017-07-06 18:27:49',NULL,'2017-07-06 12:57:52',NULL,'user',873,NULL,'N',NULL,'Y'),(886,177,74,6,'GANESAN C',NULL,NULL,'9500377479','','GANESAN C','123456','506','513',NULL,'off','off',NULL,'2017-07-06 18:27:49',NULL,'2017-07-06 12:57:52',NULL,'user',874,NULL,'N',NULL,'Y'),(887,177,74,6,'PYRELAL MEENA',NULL,NULL,'9602421373','','PYRELAL MEENA','123456','506','513',NULL,'off','off',NULL,'2017-07-06 18:27:49',NULL,'2017-07-06 12:57:52',NULL,'user',875,NULL,'N',NULL,'Y'),(888,177,74,6,'MONTY KUMAR',NULL,NULL,'8292678400','','MONTY KUMAR','123456','506','513',NULL,'off','off',NULL,'2017-07-06 18:27:49',NULL,'2017-07-06 12:57:52',NULL,'user',876,NULL,'N',NULL,'Y'),(889,177,74,6,'SUSANTA KALET',NULL,NULL,'8456963780','','SUSANTA KALET','123456','506','513',NULL,'off','off',NULL,'2017-07-06 18:27:49',NULL,'2017-07-06 12:57:52',NULL,'user',877,NULL,'N',NULL,'Y'),(890,177,74,6,'GANPATI SHANKAR RASAL',NULL,NULL,'9730818131','','GANPATI SHANKAR RASAL','123456','506','513',NULL,'off','off',NULL,'2017-07-06 18:27:49',NULL,'2017-07-06 12:57:52',NULL,'user',878,NULL,'N',NULL,'Y'),(891,177,74,6,'D Purushotham Reddy',NULL,NULL,'9916642746','','D Purushotham Reddy','123456','506','536',NULL,'off','off',NULL,'2017-07-06 18:27:49',NULL,'2017-07-06 12:57:52',NULL,'user',879,NULL,'N',NULL,'Y'),(892,177,74,6,'CHERIYPELLY VINAY',NULL,NULL,'9704283920','','CHERIYPELLY VINAY','123456','506','513',NULL,'off','off',NULL,'2017-07-06 18:27:49',NULL,'2017-07-06 12:57:53',NULL,'user',880,NULL,'N',NULL,'Y'),(893,177,74,6,'PAPU',NULL,NULL,'8091215023','','PAPU','123456','506','513',NULL,'off','off',NULL,'2017-07-06 18:27:50',NULL,'2017-07-06 12:57:53',NULL,'user',881,NULL,'N',NULL,'Y'),(894,177,74,6,'Rajesh',NULL,NULL,'7688801556','','Rajesh','123456','506','513',NULL,'off','off',NULL,'2017-07-06 18:27:50',NULL,'2017-07-06 12:57:53',NULL,'user',882,NULL,'N',NULL,'Y'),(895,177,74,6,'VIKRAM KUMAR',NULL,NULL,'8874065043','','VIKRAM KUMAR','123456','506','513',NULL,'off','off',NULL,'2017-07-06 18:27:50',NULL,'2017-07-06 12:57:53',NULL,'user',883,NULL,'N',NULL,'Y'),(896,177,74,6,'BALI RAWAT',NULL,NULL,'8294369585','','BALI RAWAT','123456','506','513',NULL,'off','off',NULL,'2017-07-06 18:27:50',NULL,'2017-07-06 12:57:53',NULL,'user',884,NULL,'N',NULL,'Y'),(897,177,74,6,'ABHISHEK SONI',NULL,NULL,'9826665829','','ABHISHEK SONI','123456','506','513',NULL,'off','off',NULL,'2017-07-06 18:27:50',NULL,'2017-07-06 12:57:53',NULL,'user',885,NULL,'N',NULL,'Y'),(898,177,74,6,'ENJAPELLY NARESH',NULL,NULL,'9154474173','','ENJAPELLY NARESH','123456','506','536',NULL,'off','off',NULL,'2017-07-06 18:27:50',NULL,'2017-07-06 12:57:53',NULL,'user',886,NULL,'N',NULL,'Y'),(899,177,74,6,'PARMAR PANKAJ BHAI HARJIBHAI',NULL,NULL,'8980918082','','PARMAR PANKAJ BHAI HARJIBHAI','123456','506','513',NULL,'off','off',NULL,'2017-07-06 18:27:50',NULL,'2017-07-06 12:57:53',NULL,'user',887,NULL,'N',NULL,'Y'),(900,177,74,6,'CHAUDHRI HASMUK BHAI DEVANA BHAI',NULL,NULL,'9913639586','','CHAUDHRI HASMUK BHAI DEVANA BHAI','123456','506','530',NULL,'off','off',NULL,'2017-07-06 18:27:50',NULL,'2017-07-06 12:57:53',NULL,'user',888,NULL,'N',NULL,'Y'),(901,177,74,6,'VINEET KUMAR SHUKLA',NULL,NULL,'8000046449','','VINEET KUMAR SHUKLA','123456','506','532',NULL,'off','off',NULL,'2017-07-06 18:27:50',NULL,'2017-07-06 12:57:53',NULL,'user',889,NULL,'N',NULL,'Y'),(902,177,74,6,'KANJIBHAI KHIMAJI BHAI SOLANKI',NULL,NULL,'9924590654','','KANJIBHAI KHIMAJI BHAI SOLANKI','123456','506','513',NULL,'off','off',NULL,'2017-07-06 18:27:50',NULL,'2017-07-06 12:57:53',NULL,'user',890,NULL,'N',NULL,'Y'),(903,177,74,6,'BHARUCHA PRANAV KUMAR',NULL,NULL,'9104469463','','BHARUCHA PRANAV KUMAR','123456','506','513',NULL,'off','off',NULL,'2017-07-06 18:27:50',NULL,'2017-07-06 12:57:53',NULL,'user',891,NULL,'N',NULL,'Y'),(904,177,74,6,'SOLANKI MAHENDRA BHAI',NULL,NULL,'8238600134','','SOLANKI MAHENDRA BHAI','123456','506','513',NULL,'off','off',NULL,'2017-07-06 18:27:50',NULL,'2017-07-06 12:57:53',NULL,'user',892,NULL,'N',NULL,'Y'),(905,177,74,6,'ROShAN  PRASAD',NULL,NULL,'9327152194','','ROShAN  PRASAD','123456','506','513',NULL,'off','off',NULL,'2017-07-06 18:27:50',NULL,'2017-07-06 12:57:53',NULL,'user',893,NULL,'N',NULL,'Y'),(906,177,74,6,'SONU SAHEBRAO PATIL',NULL,NULL,'9662275689','','SONU SAHEBRAO PATIL','123456','506','513',NULL,'off','off',NULL,'2017-07-06 18:27:50',NULL,'2017-07-06 12:57:53',NULL,'user',894,NULL,'N',NULL,'Y'),(907,177,74,6,'SHENVA ASHOK BHAI',NULL,NULL,'9638789447','','SHENVA ASHOK BHAI','123456','506','513',NULL,'off','off',NULL,'2017-07-06 18:27:50',NULL,'2017-07-06 12:57:53',NULL,'user',895,NULL,'N',NULL,'Y'),(908,177,74,6,'Babu  muni',NULL,NULL,'8401034140','','Babu  muni','123456','506','513',NULL,'off','off',NULL,'2017-07-06 18:27:50',NULL,'2017-07-06 12:57:53',NULL,'user',896,NULL,'N',NULL,'Y'),(909,177,74,6,'Vala Kamlesh Kumar',NULL,NULL,'9104351686','','Vala Kamlesh Kumar','123456','506','513',NULL,'off','off',NULL,'2017-07-06 18:27:50',NULL,'2017-07-06 12:57:54',NULL,'user',897,NULL,'N',NULL,'Y'),(910,177,74,6,'Rathod Yogesh bhai Mukeshbhai',NULL,NULL,'9979419643','','Rathod Yogesh bhai Mukeshbhai','123456','506','513',NULL,'off','off',NULL,'2017-07-06 18:27:50',NULL,'2017-07-06 12:57:54',NULL,'user',898,NULL,'N',NULL,'Y'),(911,177,74,6,'RATHOD JIGAR',NULL,NULL,'8141431349','','RATHOD JIGAR','123456','506','513',NULL,'off','off',NULL,'2017-07-06 18:27:51',NULL,'2017-07-06 12:57:54',NULL,'user',899,NULL,'N',NULL,'Y'),(912,177,74,6,'BHAVESH KIRIT BHAI SOLANKI',NULL,NULL,'9512787478','','BHAVESH KIRIT BHAI SOLANKI','123456','506','513',NULL,'off','off',NULL,'2017-07-06 18:27:51',NULL,'2017-07-06 12:57:54',NULL,'user',900,NULL,'N',NULL,'Y'),(913,177,74,6,'JAYSWAL RAKESH HANUMAN PRASAD',NULL,NULL,'9558366538','','JAYSWAL RAKESH HANUMAN PRASAD','123456','506','530',NULL,'off','off',NULL,'2017-07-06 18:27:51',NULL,'2017-07-06 12:57:54',NULL,'user',901,NULL,'N',NULL,'Y'),(914,177,74,6,'VIKRAM',NULL,NULL,'7285815570','','VIKRAM','123456','506','513',NULL,'off','off',NULL,'2017-07-06 18:27:51',NULL,'2017-07-06 12:57:54',NULL,'user',902,NULL,'N',NULL,'Y'),(915,177,74,6,'RAMESHVAR',NULL,NULL,'8980396312','','RAMESHVAR','123456','506','513',NULL,'off','off',NULL,'2017-07-06 18:27:51',NULL,'2017-07-06 12:57:54',NULL,'user',903,NULL,'N',NULL,'Y'),(916,177,74,6,'PRAVIN HILAL PENDHARKAR',NULL,NULL,'8238244833','','PRAVIN HILAL PENDHARKAR','123456','506','513',NULL,'off','off',NULL,'2017-07-06 18:27:51',NULL,'2017-07-06 12:57:54',NULL,'user',904,NULL,'N',NULL,'Y'),(917,177,74,6,'Kalu',NULL,NULL,'7383422908','','Kalu','123456','506','513',NULL,'off','off',NULL,'2017-07-06 18:27:51',NULL,'2017-07-06 12:57:54',NULL,'user',905,NULL,'N',NULL,'Y'),(918,177,74,6,'Narsingh A Sheral',NULL,NULL,'9637204139','','Narsingh A Sheral','123456','506','513',NULL,'off','off',NULL,'2017-07-06 18:27:51',NULL,'2017-07-06 12:57:54',NULL,'user',906,NULL,'N',NULL,'Y'),(919,177,74,6,'Suraj B Dasavadkar',NULL,NULL,'8806727358','','Suraj B Dasavadkar','123456','506','513',NULL,'off','off',NULL,'2017-07-06 18:27:51',NULL,'2017-07-06 12:57:54',NULL,'user',907,NULL,'N',NULL,'Y'),(920,177,74,6,'Sumit Suresh Gaikwad',NULL,NULL,'8691860983','','Sumit Suresh Gaikwad','123456','506','513',NULL,'off','off',NULL,'2017-07-06 18:27:51',NULL,'2017-07-06 12:57:54',NULL,'user',908,NULL,'N',NULL,'Y'),(921,177,74,6,'Babu Soma Jadhav',NULL,NULL,'8879265552','','Babu Soma Jadhav','123456','506','513',NULL,'off','off',NULL,'2017-07-06 18:27:51',NULL,'2017-07-06 12:57:54',NULL,'user',909,NULL,'N',NULL,'Y'),(922,177,74,6,'AVINASH NARSAYYA AARSHID',NULL,NULL,'9096677160','','AVINASH NARSAYYA AARSHID','123456','506','513',NULL,'off','off',NULL,'2017-07-06 18:27:51',NULL,'2017-07-06 12:57:54',NULL,'user',910,NULL,'N',NULL,'Y'),(923,177,74,6,'RANILA KUMARI',NULL,NULL,'9048701079','','RANILA KUMARI','123456','506','533',NULL,'off','off',NULL,'2017-07-06 18:27:51',NULL,'2017-07-06 12:57:54',NULL,'user',911,NULL,'N',NULL,'Y'),(924,177,74,6,'RAJESH R LALAMBE',NULL,NULL,'9764981068','','RAJESH R LALAMBE','123456','506','513',NULL,'off','off',NULL,'2017-07-06 18:27:51',NULL,'2017-07-06 12:57:54',NULL,'user',912,NULL,'N',NULL,'Y'),(925,177,74,6,'VISHAL K MARATHE',NULL,NULL,'8007209111','','VISHAL K MARATHE','123456','506','513',NULL,'off','off',NULL,'2017-07-06 18:27:51',NULL,'2017-07-06 12:57:54',NULL,'user',913,NULL,'N',NULL,'Y'),(926,177,74,6,'KARUPPAIYA',NULL,NULL,'9787437779','','KARUPPAIYA','123456','506','536',NULL,'off','off',NULL,'2017-07-06 18:27:51',NULL,'2017-07-06 12:57:54',NULL,'user',914,NULL,'N',NULL,'Y'),(927,177,74,6,'VIKAS',NULL,NULL,'9983621129','','VIKAS','123456','506','513',NULL,'off','off',NULL,'2017-07-06 18:27:51',NULL,'2017-07-06 12:57:55',NULL,'user',915,NULL,'N',NULL,'Y'),(928,177,74,6,'LAXMAN LAL GAMETI',NULL,NULL,'9799186996','','LAXMAN LAL GAMETI','123456','506','513',NULL,'off','off',NULL,'2017-07-06 18:27:51',NULL,'2017-07-06 12:57:55',NULL,'user',916,NULL,'N',NULL,'Y'),(929,177,74,6,'MANJEET SINGH',NULL,NULL,'8290247079','','MANJEET SINGH','123456','506','513',NULL,'off','off',NULL,'2017-07-06 18:27:52',NULL,'2017-07-06 12:57:55',NULL,'user',917,NULL,'N',NULL,'Y'),(930,177,74,6,'Kiran ShanBhag',NULL,NULL,'9060494323','','Kiran ShanBhag','123456','506','536',NULL,'off','off',NULL,'2017-07-06 18:27:52',NULL,'2017-07-06 12:57:55',NULL,'user',918,NULL,'N',NULL,'Y'),(931,177,74,6,'SANJEEVI',NULL,NULL,'8124074154','','SANJEEVI','123456','506','513',NULL,'off','off',NULL,'2017-07-06 18:27:52',NULL,'2017-07-06 12:57:55',NULL,'user',919,NULL,'N',NULL,'Y'),(932,177,74,6,'Sunil Z Wankhede',NULL,NULL,'8828249114','','Sunil Z Wankhede','123456','506','513',NULL,'off','off',NULL,'2017-07-06 18:27:52',NULL,'2017-07-06 12:57:55',NULL,'user',920,NULL,'N',NULL,'Y'),(933,177,74,6,'A.srinivas',NULL,NULL,'7659966083','','A.srinivas','123456','506','536',NULL,'off','off',NULL,'2017-07-06 18:27:52',NULL,'2017-07-06 12:57:55',NULL,'user',921,NULL,'N',NULL,'Y'),(934,177,74,6,'Kumar',NULL,NULL,'8050910266','','Kumar','123456','506','536',NULL,'off','off',NULL,'2017-07-06 18:27:52',NULL,'2017-07-06 12:57:55',NULL,'user',922,NULL,'N',NULL,'Y'),(935,177,74,6,'parthasarathy',NULL,NULL,'7204794587','','parthasarathy','123456','506','536',NULL,'off','off',NULL,'2017-07-06 18:27:52',NULL,'2017-07-06 12:57:55',NULL,'user',923,NULL,'N',NULL,'Y'),(936,177,74,6,'Vijay',NULL,NULL,'8143055870','','Vijay','123456','506','536',NULL,'off','off',NULL,'2017-07-06 18:27:52',NULL,'2017-07-06 12:57:55',NULL,'user',924,NULL,'N',NULL,'Y'),(937,177,74,6,'PALANI',NULL,NULL,'9677705292','','PALANI','123456','506','513',NULL,'off','off',NULL,'2017-07-06 18:27:52',NULL,'2017-07-06 12:57:55',NULL,'user',925,NULL,'N',NULL,'Y'),(938,177,74,6,'RAJENDRA KUMAR NEGI',NULL,NULL,'9892216994','','RAJENDRA KUMAR NEGI','123456','506','513',NULL,'off','off',NULL,'2017-07-06 18:27:52',NULL,'2017-07-06 12:57:55',NULL,'user',926,NULL,'N',NULL,'Y'),(939,177,74,6,'Mahesh',NULL,NULL,'8722554139','','Mahesh','123456','506','536',NULL,'off','off',NULL,'2017-07-06 18:27:52',NULL,'2017-07-06 12:57:55',NULL,'user',927,NULL,'N',NULL,'Y'),(940,177,74,6,'H M ravi Kumar',NULL,NULL,'8884965164','','H M ravi Kumar','123456','506','536',NULL,'off','off',NULL,'2017-07-06 18:27:52',NULL,'2017-07-06 12:57:55',NULL,'user',928,NULL,'N',NULL,'Y'),(941,177,74,6,'Balachandra',NULL,NULL,'8050294072','','Balachandra','123456','506','536',NULL,'off','off',NULL,'2017-07-06 18:27:52',NULL,'2017-07-06 12:57:55',NULL,'user',929,NULL,'N',NULL,'Y'),(942,177,74,6,'BABU LAL',NULL,NULL,'9828946887','','BABU LAL','123456','506','513',NULL,'off','off',NULL,'2017-07-06 18:27:52',NULL,'2017-07-06 12:57:55',NULL,'user',930,NULL,'N',NULL,'Y'),(943,177,74,6,'BALAJI MADDEWAD',NULL,NULL,'9175446220','','BALAJI MADDEWAD','123456','506','526',NULL,'off','off',NULL,'2017-07-06 18:27:52',NULL,'2017-07-06 12:57:55',NULL,'user',931,NULL,'N',NULL,'Y'),(944,177,74,6,'CHINTAM KALYAN',NULL,NULL,'7569923219','','CHINTAM KALYAN','123456','506','513',NULL,'off','off',NULL,'2017-07-06 18:27:52',NULL,'2017-07-06 12:57:55',NULL,'user',932,NULL,'N',NULL,'Y'),(945,177,74,6,'Thatikayala saraiah',NULL,NULL,'9059444606','','Thatikayala saraiah','123456','506','513',NULL,'off','off',NULL,'2017-07-06 18:27:52',NULL,'2017-07-06 12:57:56',NULL,'user',933,NULL,'N',NULL,'Y'),(946,177,74,6,'UMAKANT MAROTRAO MAHATME',NULL,NULL,'9823595242','','UMAKANT MAROTRAO MAHATME','123456','506','513',NULL,'off','off',NULL,'2017-07-06 18:27:52',NULL,'2017-07-06 12:57:56',NULL,'user',934,NULL,'N',NULL,'Y'),(947,177,74,6,'MAYUR KESHAVRAO HATWAR',NULL,NULL,'7030478956','','MAYUR KESHAVRAO HATWAR','123456','506','513',NULL,'off','off',NULL,'2017-07-06 18:27:53',NULL,'2017-07-06 12:57:56',NULL,'user',935,NULL,'N',NULL,'Y'),(948,177,74,6,'Ravi Kumar',NULL,NULL,'9950157204','ravi.cool.funny@gmail.com','Ravi Kumar','123456','506','552',NULL,'off','off',NULL,'2017-07-06 18:27:53',NULL,'2017-07-06 12:57:56',NULL,'user',936,NULL,'N',NULL,'Y'),(949,177,74,6,'Satish Rajawat',NULL,NULL,'9314266201','','Satish Rajawat','123456','506','513',NULL,'off','off',NULL,'2017-07-06 18:27:53',NULL,'2017-07-06 12:57:56',NULL,'user',937,NULL,'N',NULL,'Y'),(950,177,74,6,'Ammu A',NULL,NULL,'9945735226','','Ammu A','123456','506','513',NULL,'off','off',NULL,'2017-07-06 18:27:53',NULL,'2017-07-06 12:57:56',NULL,'user',938,NULL,'N',NULL,'Y'),(951,177,74,6,'Tanu Biswas',NULL,NULL,'8123210089','','Tanu Biswas','123456','506','513',NULL,'off','off',NULL,'2017-07-06 18:27:53',NULL,'2017-07-06 12:57:56',NULL,'user',939,NULL,'N',NULL,'Y'),(952,177,74,6,'Sharadha R',NULL,NULL,'8095347061','','Sharadha R','123456','506','513',NULL,'off','off',NULL,'2017-07-06 18:27:53',NULL,'2017-07-06 12:57:56',NULL,'user',940,NULL,'N',NULL,'Y'),(953,177,74,6,'M Mahendra',NULL,NULL,'9663032983','','M Mahendra','123456','506','513',NULL,'off','off',NULL,'2017-07-06 18:27:53',NULL,'2017-07-06 12:57:56',NULL,'user',941,NULL,'N',NULL,'Y'),(954,177,74,6,'Fokrul',NULL,NULL,'9066331679','','Fokrul','123456','506','513',NULL,'off','off',NULL,'2017-07-06 18:27:53',NULL,'2017-07-06 12:57:56',NULL,'user',942,NULL,'N',NULL,'Y'),(955,177,74,6,'BANUMATHI M',NULL,NULL,'9952475570','','BANUMATHI M','123456','506','513',NULL,'off','off',NULL,'2017-07-06 18:27:53',NULL,'2017-07-06 12:57:56',NULL,'user',943,NULL,'N',NULL,'Y'),(956,177,74,6,'AJITHKUMAR',NULL,NULL,'9790247497','','AJITHKUMAR','123456','506','513',NULL,'off','off',NULL,'2017-07-06 18:27:53',NULL,'2017-07-06 12:57:57',NULL,'user',944,NULL,'N',NULL,'Y'),(957,177,74,6,'SATHISH KUMAR C',NULL,NULL,'9600051849','','SATHISH KUMAR C','123456','506','513',NULL,'off','off',NULL,'2017-07-06 18:27:53',NULL,'2017-07-06 12:57:57',NULL,'user',945,NULL,'N',NULL,'Y'),(958,177,74,6,'AMUDHA S',NULL,NULL,'8608007870','','AMUDHA S','123456','506','513',NULL,'off','off',NULL,'2017-07-06 18:27:54',NULL,'2017-07-06 12:57:57',NULL,'user',946,NULL,'N',NULL,'Y'),(959,177,74,6,'MEENAKSHI V',NULL,NULL,'7550150354','','MEENAKSHI V','123456','506','513',NULL,'off','off',NULL,'2017-07-06 18:27:54',NULL,'2017-07-06 12:57:57',NULL,'user',947,NULL,'N',NULL,'Y'),(960,177,74,6,'K. CHANDRA SHEKAR',NULL,NULL,'9912951993','','K. CHANDRA SHEKAR','123456','506','513',NULL,'off','off',NULL,'2017-07-06 18:27:54',NULL,'2017-07-06 12:57:57',NULL,'user',948,NULL,'N',NULL,'Y'),(961,177,74,6,'MUKKANI RENUKU',NULL,NULL,'9618251535','','MUKKANI RENUKU','123456','506','513',NULL,'off','off',NULL,'2017-07-06 18:27:54',NULL,'2017-07-06 12:57:57',NULL,'user',949,NULL,'N',NULL,'Y'),(962,177,74,6,'MOHAN JAKKULA',NULL,NULL,'74166300087','','MOHAN JAKKULA','123456','506','513',NULL,'off','off',NULL,'2017-07-06 18:27:54',NULL,'2017-07-06 12:57:57',NULL,'user',950,NULL,'N',NULL,'Y'),(963,177,74,6,'MANI TENNETY',NULL,NULL,'9505317812','','MANI TENNETY','123456','506','513',NULL,'off','off',NULL,'2017-07-06 18:27:54',NULL,'2017-07-06 12:57:57',NULL,'user',951,NULL,'N',NULL,'Y'),(964,177,74,6,'GORLA VISWANATH',NULL,NULL,'7702455462','','GORLA VISWANATH','123456','506','513',NULL,'off','off',NULL,'2017-07-06 18:27:54',NULL,'2017-07-06 12:57:57',NULL,'user',952,NULL,'N',NULL,'Y'),(965,177,74,6,'D. KESAVA RAO',NULL,NULL,'8008263557','','D. KESAVA RAO','123456','506','513',NULL,'off','off',NULL,'2017-07-06 18:27:54',NULL,'2017-07-06 12:57:57',NULL,'user',953,NULL,'N',NULL,'Y'),(966,177,74,6,'Mr.Selvam',NULL,NULL,'9940516427','','Mr.Selvam','123456','506','513',NULL,'off','off',NULL,'2017-07-06 18:27:54',NULL,'2017-07-06 12:57:57',NULL,'user',954,NULL,'N',NULL,'Y'),(967,177,74,6,'Mr.Ravi',NULL,NULL,'9884630318','','Mr.Ravi','123456','506','513',NULL,'off','off',NULL,'2017-07-06 18:27:54',NULL,'2017-07-06 12:57:57',NULL,'user',955,NULL,'N',NULL,'Y'),(968,177,74,6,'Mr.Arulmathan',NULL,NULL,'8939534898','','Mr.Arulmathan','123456','506','513',NULL,'off','off',NULL,'2017-07-06 18:27:54',NULL,'2017-07-06 12:57:57',NULL,'user',956,NULL,'N',NULL,'Y'),(969,177,74,6,'Mr.Gobi',NULL,NULL,'7094054028','','Mr.Gobi','123456','506','513',NULL,'off','off',NULL,'2017-07-06 18:27:54',NULL,'2017-07-06 12:57:57',NULL,'user',957,NULL,'N',NULL,'Y'),(970,177,74,6,'Mr.Balakumar',NULL,NULL,'9962150601','','Mr.Balakumar','123456','506','513',NULL,'off','off',NULL,'2017-07-06 18:27:54',NULL,'2017-07-06 12:57:57',NULL,'user',958,NULL,'N',NULL,'Y'),(971,177,74,6,'Mr.Parthasarathy',NULL,NULL,'9551662937','','Mr.Parthasarathy','123456','506','513',NULL,'off','off',NULL,'2017-07-06 18:27:54',NULL,'2017-07-06 12:57:57',NULL,'user',959,NULL,'N',NULL,'Y'),(972,177,74,6,'Mr.Murali sathish',NULL,NULL,'7092933710','','Mr.Murali sathish','123456','506','513',NULL,'off','off',NULL,'2017-07-06 18:27:54',NULL,'2017-07-06 12:57:57',NULL,'user',960,NULL,'N',NULL,'Y'),(973,177,74,6,'Mrs.Geetha',NULL,NULL,'9042938856','','Mrs.Geetha','123456','506','533',NULL,'off','off',NULL,'2017-07-06 18:27:54',NULL,'2017-07-06 12:57:58',NULL,'user',961,NULL,'N',NULL,'Y'),(974,177,74,6,'Mr.Subair p p',NULL,NULL,'8156881862','','Mr.Subair p p','123456','506','513',NULL,'off','off',NULL,'2017-07-06 18:27:54',NULL,'2017-07-06 12:57:58',NULL,'user',962,NULL,'N',NULL,'Y'),(975,177,74,6,'Yakub','Khan',NULL,'9167498163','','Yakub Khan','123456','506','534',NULL,'off','off',NULL,'2017-07-06 18:27:55',NULL,'2017-08-01 10:42:02',NULL,'user',963,NULL,'N','cca2gLcvoUE:APA91bFAp6-HBzUEN1i0s08Tw2AoXG3G0YzYHW2UTiTQLIpJK9y00k1DJbi0IrQVFb851vkkMzRULwhwqnHOftEX9F1vfVzVQp0MqfG_DeNGZm1FdnYDnlXaUI2BXiFCQSlrF0bkCevc','Y'),(976,177,74,6,'Pradeep','Dhekle',NULL,'7506732895','','Pradeep Dhekle','123456','506','534',NULL,'off','off',NULL,'2017-07-06 18:27:55',NULL,'2017-08-01 07:58:51',NULL,'user',964,NULL,'N',NULL,'Y'),(977,177,74,6,'Rahul Dhafda',NULL,NULL,'8291858308','','Rahul Dhafda','123456','506','534',NULL,'off','off',NULL,'2017-07-06 18:27:55',NULL,'2017-08-26 06:18:04',NULL,'user',965,NULL,'N','d9UqihyQw3I:APA91bHMEkKYXfK_nxLuAbzEcAkf74t2telZ_Oz5snxOs4FOkRZy7QyE_QM5AXceGaQKWhRt7gZ-J3V5nIqw-nPl5l1RKkECusWttk5gFg81ZlHaYvGlPmgUNlxuit88ze2yGUgPzgsJ','Y'),(978,177,74,6,'Santosh Sawant',NULL,NULL,'9930534421','','Santosh Sawant','123456','506','534',NULL,'off','off',NULL,'2017-07-06 18:27:55',NULL,'2017-08-01 12:42:48',NULL,'user',966,NULL,'N','cUFHAO1N2y0:APA91bEtRhLHpk6W_uMfxvnKB3EzJyzaJnTmJM_z3V_R6aAnYsxbDo82cJG4wyNQzOngdYtPVsRgtqDZDSmnlJvRM7Z_1uRzVuK2LjQxcvSLjbubNduV_KL26ek9FviZB71rYiyNfn1P','Y'),(979,177,74,6,'Sachitra','Behera',NULL,'9167498164','','Sachitra Behera','123456','506','534',NULL,'off','off',NULL,'2017-07-06 18:27:55',NULL,'2017-08-01 07:58:24',NULL,'user',967,NULL,'N','eADOYtlLE9w:APA91bGd5uipWq3bWE_s3eYEEzW9vwYQwKjQZvVmJRoPUfbDq111GxHcv0grYJb4L0e3ily1ElVcIXSk-zhY7for4DyuTUcmSCmx4R02tEgmRd4dEqjFRIV2W8KVFlgkPPJi0MkF0g6y','Y'),(980,177,74,6,'Satyabrata Soor',NULL,NULL,'9810415205','','Satyabrata Soor','123456','506','513',NULL,'off','off',NULL,'2017-07-11 16:10:46',NULL,'2017-07-11 10:40:48',NULL,'user',968,NULL,'N',NULL,'Y'),(981,177,74,6,'lokesh','lokesh',NULL,'987654329','lokeshtest@codecube.com','lokesh','123456','506','536',NULL,'on','off',NULL,'2017-07-19 13:36:03',NULL,'2017-07-20 09:01:03',NULL,'Employee',978,NULL,'N',NULL,'Y'),(982,177,74,6,'Dhramendra','Chintda',NULL,'9972840495','dharmendra.chintada@tenonservices.com','Dhramendra Chintda','123456','506','519',NULL,'off','off',NULL,'2017-07-20 06:22:07',NULL,'2017-08-09 10:39:29',NULL,'Employee',977,NULL,'N','e6PpCIp-ZVc:APA91bGvC_6eHeElXaIFqsFrClfU-9MGPUaJxwegqG5FlJXn5jPaDejoU1eCAFKJNzKjt-PPu-fddmuGDR6FOg63kcbHJdDDmNozQXuHbfA1NnS-JHgP6mb2cr9XDGM-A3ylG9iktbaE','Y'),(983,177,74,6,'Ashish','Panda',NULL,'8790155353','','Ashish Panda','123456','506','553',NULL,'on','on',NULL,'2017-07-20 06:25:36',NULL,'2017-07-20 09:41:36',NULL,'Employee',969,NULL,'N',NULL,'Y'),(984,177,74,6,'Ashish','Panda',NULL,'8790155353','','Ashish Panda','123456','506','553',NULL,'on','on',NULL,'2017-07-20 06:59:58',NULL,'2017-07-20 09:37:31',NULL,'Employee',979,NULL,'N','fWJr73AbxBg:APA91bF2zg9Arn6LXGZidTqtQrhH1uuqM6OQnUdVMB9ponmsvC5hWs8aRuGXVZu-mXfd0TGk38FNWNxQa8pRycS1j9KhxGky3kKQ8B59ljwCzhZi5xH8Pr2VySA-fYJSOYC5RGyitUnR','Y'),(985,174,71,5,'codecube ','Testing',NULL,'codecubeAdmin',NULL,NULL,'123456',NULL,NULL,NULL,'off','off',NULL,'2017-07-20 13:05:07',NULL,'2017-07-20 07:35:33',NULL,NULL,NULL,NULL,'N',NULL,'Y'),(986,174,71,6,'Lokesh','Lokesh',NULL,'9582525293','test@gmail.com','Lokesh','123456','463','470',NULL,'off','off',NULL,'2017-07-20 07:38:19',NULL,'2017-09-14 10:26:39',NULL,'Employee',980,NULL,'N','123456','Y'),(987,177,74,6,'Rahul','Rahul',NULL,'8299353793','','Rahul','123456','506','513',NULL,'off','off',NULL,'2017-07-20 08:35:08',NULL,'2017-08-04 04:40:03',NULL,'Employee',981,NULL,'N','enxBQNfhNdI:APA91bGs74HrDew5IU71xYz94HumUKgY0EMC8e5fCk9BQc9HuSa9jjl5ealTbO7XTkqPVCi59bABDaYhpUHq0SA2Y_F5Jm2msklLSTWC1-dvhhkvm47OUgfLC00SDkWKFeL6kPHtrxfK','Y'),(988,177,74,6,'Sanjay','Bharti',NULL,'8858629375','','Sanjay Kumar Bharti','123456','506','535',NULL,'off','off',NULL,'2017-07-20 08:39:31',NULL,'2017-07-21 05:02:10',NULL,'Employee',982,NULL,'N','fOJ6XJF4j2w:APA91bFCBPi52XNF5-CwE8hoGmS6zL9B6Qe41459e_1ObiuNnZJNQ7ypMhz9631M-blFNNFouySqjBiOtILxGvqQgQcQQ3GRBYkPtYPmMqX6E3_x6o0pK_ojPdFXmaqmMnSvsvwjQP3j','Y'),(989,177,74,6,'Code','test2',NULL,'9866722322','test@codecube.com','Code cube test2','123456','548','549',NULL,'off','on',NULL,'2017-07-20 09:22:57',NULL,'2017-07-20 09:25:43',NULL,'Employee',983,NULL,'N',NULL,'Y'),(990,177,74,6,'Code','test',NULL,'9866722322','teewest@codecube.com','Code cube test','123456','506','536',NULL,'off','off',NULL,'2017-07-20 09:27:04',NULL,'2017-07-20 09:27:04',NULL,'Employee',984,NULL,'N',NULL,'Y'),(991,177,74,6,'Ashish','Panda',NULL,'8790155353','','Ashish Panda','123456','506','553',NULL,'off','off',NULL,'2017-07-20 10:19:55',NULL,'2017-09-19 16:33:23',NULL,'Employee',985,NULL,'N','d2aAi3jUbpg:APA91bEwbOjYEFEta6vypMGHzSSbw60Ry6lW9qM9l4CGo_Ec4cU8aBfCCTB6488YFSYYDbIEmXR4BldmEiKJTicaeiQHVpnReAq-kJSN0NxBq62BjqNpsqZXAI7XBk_uMRSvOvT-bGKY','Y'),(992,177,74,6,'Mayank Dixit test',NULL,NULL,'9650851234','mayank.dixit@tenonservices.com','Mayank Dixit test','123456','506','556',NULL,'off','off',NULL,'2017-07-20 16:14:02',NULL,'2017-07-25 12:00:12',NULL,'user',986,NULL,'N','dzhdaKOROSE:APA91bEw5Iceuvw5VvvrjVPIOHfgKkAuJ6HtcgWTRBQWMW-9MOHLp-kKM3CDX7z66BieFv-Fib4-HYhLO8odUMvEpgzGGHJcWItPw5TCc-FH10sCpEaTkhLH-gGS3OWPy-Fq45IU5c8J','Y'),(993,177,74,6,'Manoj Singh test',NULL,NULL,'9560694412','manoj.singh@tenonservices.com','Manoj Singh test','123456','506','555',NULL,'off','off',NULL,'2017-07-20 16:14:02',NULL,'2017-07-20 10:44:05',NULL,'user',987,NULL,'N',NULL,'Y'),(994,177,74,6,'Alok Rout test',NULL,NULL,'7506794033','Alok.rout@tenonservices.com','Alok Rout test','123456','506','555',NULL,'off','off',NULL,'2017-07-20 16:14:02',NULL,'2017-07-20 10:44:05',NULL,'user',988,NULL,'N',NULL,'Y'),(995,177,74,6,'Bedabrata Rath test',NULL,NULL,'9650796193','bedabrata.rath@tenonservices.com','Bedabrata Rath test','123456','506','554',NULL,'off','off',NULL,'2017-07-20 16:14:02',NULL,'2017-07-20 10:44:05',NULL,'user',989,NULL,'N',NULL,'Y'),(996,177,74,6,'Ashish Dixit test',NULL,NULL,'8187221000','ashish.dixit@tenonservices.com','Ashish Dixit test','123456','506','554',NULL,'off','off',NULL,'2017-07-20 16:14:02',NULL,'2017-07-20 10:44:05',NULL,'user',990,NULL,'N',NULL,'Y'),(997,177,74,6,'OBALDUR RAHMAN test',NULL,NULL,'7833345935','','OBALDUR RAHMAN test','123456','506','513',NULL,'off','off',NULL,'2017-07-20 16:14:02',NULL,'2017-07-20 10:44:05',NULL,'user',991,NULL,'N',NULL,'Y'),(998,177,74,6,'NAWSHAD SEKH test',NULL,NULL,'7061229441','','NAWSHAD SEKH test','123456','506','513',NULL,'off','off',NULL,'2017-07-20 16:14:02',NULL,'2017-07-20 10:44:05',NULL,'user',992,NULL,'N',NULL,'Y'),(999,177,74,6,'MINARUL ISLAM test',NULL,NULL,'8373322494','','MINARUL ISLAM test','123456','506','531',NULL,'off','off',NULL,'2017-07-20 16:14:02',NULL,'2017-07-20 10:44:06',NULL,'user',993,NULL,'N',NULL,'Y'),(1000,177,74,6,'test','1',NULL,'9810012345','','test 1','123456','548','554',NULL,'off','off',NULL,'2017-07-20 10:56:59',NULL,'2017-07-20 10:56:59',NULL,'Employee',994,NULL,'N',NULL,'Y'),(1001,177,74,6,'Test','2',NULL,'9810010000','eupepeo@foij.com','Test 2','123456','506','556',NULL,'off','off',NULL,'2017-07-20 10:58:59',NULL,'2017-07-20 10:58:59',NULL,'Employee',995,NULL,'N',NULL,'Y'),(1002,177,74,6,'ewewqe/qwe909&^*&^*&^','ewewqe/qwe909&^*&^*&^',NULL,'9810011111','owowieuoiewu@dwokdo.com','ewewqe/qwe909&^*&^*&^','123456','558','560',NULL,'off','off',NULL,'2017-07-20 11:01:23',NULL,'2017-07-20 11:01:23',NULL,'Employee',996,NULL,'N',NULL,'Y'),(1004,177,74,6,'Gopi','Reddy',NULL,'8790136688','mardisuryareddy@gmail.com','Gopi Reddy','123456','506','532',NULL,'off','off',NULL,'2017-07-25 07:55:57',NULL,'2017-08-11 05:06:15',NULL,'Employee',998,NULL,'N','d-RHQ0NkioQ:APA91bEESDURFs3I_0nGbtKqxe4SMIonSiK-YlhF51n_gcw3ayKlvdGgBhNx6bRqAgNBHRQNzQCEqNmvOALEpoK2PKsa5kJHzGidQE3FCj_UbZf1bvCXCpQnCoSAS6Cb_EJOEmfuMK1D','Y'),(1005,177,74,6,'lokesh','Test1',NULL,'9582525294','test1@codecube.com','lokesh Test1','123456','548','554',NULL,'off','off',NULL,'2017-07-25 09:20:50',NULL,'2017-07-25 09:20:50',NULL,'Employee',999,NULL,'N',NULL,'Y'),(1006,177,74,6,'Code','test2',NULL,'9582525295','test2@codecube.com','Code cube test2','123456','548','556',NULL,'off','off',NULL,'2017-07-25 10:40:52',NULL,'2017-08-30 06:35:40',NULL,'Employee',1000,NULL,'N','dP20e0OtxgY:APA91bH392bZ1g_8D600YkVDwfGfpTJMN4wxQYuNPMNHERkHCJim3yFofx5F7umwxf06y7HenNtmT028PnJXjjrYJFoE4oNgCYJFLyIddf0LFvEWBoGwWlCNHLUwNxnUh-SRtB0NwIhu','Y'),(1007,177,74,6,'Code','test3',NULL,'9582525296','test3@codecube.com','Code cube test3','123456','506','549',NULL,'off','off',NULL,'2017-07-25 10:44:21',NULL,'2017-07-25 10:44:21',NULL,'Employee',1001,NULL,'N',NULL,'Y'),(1008,177,74,6,'BASAVARAJA','KATHARKI',NULL,'9611164685','','BASAVARAJA KATHARKI','123456','506','528',NULL,'off','off',NULL,'2017-07-28 06:16:15',NULL,'2017-07-28 06:16:15',NULL,'Employee',1054,NULL,'N',NULL,'Y'),(1009,177,74,6,'PRASAD BABU',NULL,NULL,'9900942835','','PRASAD BABU','123456','506','513',NULL,'off','off',NULL,'2017-07-28 11:46:24',NULL,'2017-07-28 06:16:28',NULL,'user',1055,NULL,'N',NULL,'Y'),(1010,177,74,6,'MANOJ MAHARANA',NULL,NULL,'9066458896','','MANOJ MAHARANA','123456','506','551',NULL,'off','off',NULL,'2017-07-28 11:46:24',NULL,'2017-07-28 06:16:28',NULL,'user',1056,NULL,'N',NULL,'Y'),(1011,177,74,6,'PRABHAKAR HADAPAD',NULL,NULL,'9972595565','','PRABHAKAR HADAPAD','123456','506','551',NULL,'off','off',NULL,'2017-07-28 11:46:24',NULL,'2017-07-28 06:16:28',NULL,'user',1057,NULL,'N',NULL,'Y'),(1012,177,74,6,'RAVIKUMARA M',NULL,NULL,'9900875605','','RAVIKUMARA M','123456','506','551',NULL,'off','off',NULL,'2017-07-28 11:46:24',NULL,'2017-07-28 06:16:28',NULL,'user',1058,NULL,'N',NULL,'Y'),(1013,177,74,6,'SHAILA',NULL,NULL,'9845100426','','SHAILA','123456','506','533',NULL,'off','off',NULL,'2017-07-28 11:46:25',NULL,'2017-07-28 06:16:28',NULL,'user',1059,NULL,'N',NULL,'Y'),(1014,177,74,6,'DAMBARUDHAR SETHI',NULL,NULL,'9741432029','','DAMBARUDHAR SETHI','123456','506','551',NULL,'off','off',NULL,'2017-07-28 11:46:25',NULL,'2017-07-28 06:16:28',NULL,'user',1060,NULL,'N',NULL,'Y'),(1015,177,74,6,'KRISHNAPPA',NULL,NULL,'7760997286','','KRISHNAPPA','123456','506','513',NULL,'off','off',NULL,'2017-07-28 11:46:25',NULL,'2017-07-28 06:16:28',NULL,'user',1061,NULL,'N',NULL,'Y'),(1016,177,74,6,'MANJUNATHA',NULL,NULL,'9164453032','','MANJUNATHA','123456','506','513',NULL,'off','off',NULL,'2017-07-28 11:46:25',NULL,'2017-07-28 06:16:28',NULL,'user',1062,NULL,'N',NULL,'Y'),(1017,177,74,6,'KM MUNIRAJU',NULL,NULL,'9164608242','','KM MUNIRAJU','123456','506','513',NULL,'off','off',NULL,'2017-07-28 11:46:25',NULL,'2017-07-28 06:16:28',NULL,'user',1063,NULL,'N',NULL,'Y'),(1018,177,74,6,'K NARASHIMAMURTHY',NULL,NULL,'8050335468','','K NARASHIMAMURTHY','123456','506','532',NULL,'off','off',NULL,'2017-07-28 11:46:25',NULL,'2017-07-28 06:16:28',NULL,'user',1064,NULL,'N',NULL,'Y'),(1019,177,74,6,'SURESH HADAGALI',NULL,NULL,'9686167080','','SURESH HADAGALI','123456','506','551',NULL,'off','off',NULL,'2017-07-28 11:46:25',NULL,'2017-07-28 06:16:28',NULL,'user',1065,NULL,'N',NULL,'Y'),(1020,177,74,6,'RAMU NATH',NULL,NULL,'7204545269','','RAMU NATH','123456','506','513',NULL,'off','off',NULL,'2017-07-28 11:46:25',NULL,'2017-07-28 06:16:28',NULL,'user',1066,NULL,'N',NULL,'Y'),(1021,177,74,6,'MONDAL NIRUPADA',NULL,NULL,'8123999695','','MONDAL NIRUPADA','123456','506','513',NULL,'off','off',NULL,'2017-07-28 11:46:25',NULL,'2017-07-28 06:16:28',NULL,'user',1067,NULL,'N',NULL,'Y'),(1022,177,74,6,'GOPAL SARDAR',NULL,NULL,'9972475397','','GOPAL SARDAR','123456','506','513',NULL,'off','off',NULL,'2017-07-28 11:46:25',NULL,'2017-07-28 06:16:29',NULL,'user',1068,NULL,'N',NULL,'Y'),(1023,177,74,6,'KALIPADA NATH',NULL,NULL,'8904100319','','KALIPADA NATH','123456','506','513',NULL,'off','off',NULL,'2017-07-28 11:46:25',NULL,'2017-07-28 06:16:29',NULL,'user',1069,NULL,'N',NULL,'Y'),(1024,177,74,6,'TAPAN JALI',NULL,NULL,'8861536416','','TAPAN JALI','123456','506','513',NULL,'off','off',NULL,'2017-07-28 11:46:25',NULL,'2017-07-28 06:16:29',NULL,'user',1070,NULL,'N',NULL,'Y'),(1025,177,74,6,'KRISHNA MURTHY',NULL,NULL,'9742213566','','KRISHNA MURTHY','123456','506','513',NULL,'off','off',NULL,'2017-07-28 11:46:25',NULL,'2017-07-28 06:16:29',NULL,'user',1071,NULL,'N',NULL,'Y'),(1026,177,74,6,'HANUMANTHAPPA',NULL,NULL,'9902686705','','HANUMANTHAPPA','123456','506','513',NULL,'off','off',NULL,'2017-07-28 11:46:25',NULL,'2017-07-28 06:16:29',NULL,'user',1072,NULL,'N',NULL,'Y'),(1027,177,74,6,'Shivaraju',NULL,NULL,'9844024072','','Shivaraju','123456','506','551',NULL,'off','off',NULL,'2017-07-28 11:46:25',NULL,'2017-07-28 06:16:29',NULL,'user',1073,NULL,'N',NULL,'Y'),(1028,177,74,6,'Hanumantarayappa',NULL,NULL,'9901472838','','Hanumantarayappa','123456','506','513',NULL,'off','off',NULL,'2017-07-28 11:46:25',NULL,'2017-07-28 06:16:29',NULL,'user',1074,NULL,'N',NULL,'Y'),(1029,177,74,6,'Dasappa',NULL,NULL,'9591826615','','Dasappa','123456','506','513',NULL,'off','off',NULL,'2017-07-28 11:46:25',NULL,'2017-07-28 06:16:29',NULL,'user',1075,NULL,'N',NULL,'Y'),(1030,177,74,6,'P Vijay Kumar',NULL,NULL,'9491878432','','P Vijay Kumar','123456','506','552',NULL,'off','off',NULL,'2017-07-28 11:46:25',NULL,'2017-07-28 06:16:29',NULL,'user',1076,NULL,'N',NULL,'Y'),(1031,177,74,6,'Krishnappa',NULL,NULL,'9741394289','','Krishnappa','123456','506','513',NULL,'off','off',NULL,'2017-07-28 11:46:26',NULL,'2017-07-28 06:16:29',NULL,'user',1077,NULL,'N',NULL,'Y'),(1032,177,74,6,'Amarnath',NULL,NULL,'8431337041','','Amarnath','123456','506','527',NULL,'off','off',NULL,'2017-07-28 11:46:26',NULL,'2017-07-28 06:16:29',NULL,'user',1078,NULL,'N',NULL,'Y'),(1033,177,74,6,'Hanumantharay',NULL,NULL,'8105633301','','Hanumantharay','123456','506','513',NULL,'off','off',NULL,'2017-07-28 11:46:26',NULL,'2017-07-28 06:16:29',NULL,'user',1079,NULL,'N',NULL,'Y'),(1034,177,74,6,'B ADINARAYANA',NULL,NULL,'9008661895','','B ADINARAYANA','123456','506','513',NULL,'off','off',NULL,'2017-07-28 11:46:26',NULL,'2017-07-28 06:16:29',NULL,'user',1080,NULL,'N',NULL,'Y'),(1035,177,74,6,'MUNIRAJAPPA',NULL,NULL,'7090456679','','MUNIRAJAPPA','123456','506','513',NULL,'off','off',NULL,'2017-07-28 11:46:26',NULL,'2017-07-28 06:16:29',NULL,'user',1081,NULL,'N',NULL,'Y'),(1036,177,74,6,'MUNIRAJU',NULL,NULL,'9513294930','','MUNIRAJU','123456','506','513',NULL,'off','off',NULL,'2017-07-28 11:46:26',NULL,'2017-07-28 06:16:29',NULL,'user',1082,NULL,'N',NULL,'Y'),(1037,177,74,6,'Murthy',NULL,NULL,'8861426822','','Murthy','123456','506','513',NULL,'off','off',NULL,'2017-07-28 11:46:26',NULL,'2017-07-28 06:16:29',NULL,'user',1083,NULL,'N',NULL,'Y'),(1038,177,74,6,'Thimmarayappa',NULL,NULL,'9741253584','','Thimmarayappa','123456','506','532',NULL,'off','off',NULL,'2017-07-28 11:46:26',NULL,'2017-07-28 06:16:30',NULL,'user',1084,NULL,'N',NULL,'Y'),(1039,177,74,6,'Narayana Swamy K',NULL,NULL,'8495905932','','Narayana Swamy K','123456','506','513',NULL,'off','off',NULL,'2017-07-28 11:46:26',NULL,'2017-07-28 06:16:30',NULL,'user',1085,NULL,'N',NULL,'Y'),(1040,177,74,6,'M.D Alimuddin',NULL,NULL,'8892561480','','M.D Alimuddin','123456','506','535',NULL,'off','off',NULL,'2017-07-28 11:46:26',NULL,'2017-07-28 06:16:30',NULL,'user',1086,NULL,'N',NULL,'Y'),(1041,177,74,6,'Chandramohan C',NULL,NULL,'9740744245','','Chandramohan C','123456','506','513',NULL,'off','off',NULL,'2017-07-28 11:46:26',NULL,'2017-07-28 06:16:30',NULL,'user',1087,NULL,'N',NULL,'Y'),(1042,177,74,6,'B.R. Rajgopal',NULL,NULL,'9741408716','','B.R. Rajgopal','123456','506','513',NULL,'off','off',NULL,'2017-07-28 11:46:26',NULL,'2017-07-28 06:16:30',NULL,'user',1088,NULL,'N',NULL,'Y'),(1043,177,74,6,'SADASIVAM',NULL,NULL,'81228341114','','SADASIVAM','123456','506','513',NULL,'off','on',NULL,'2017-07-28 15:35:44',NULL,'2017-07-28 10:15:03',NULL,'user',1089,NULL,'N',NULL,'Y'),(1044,177,74,6,'SARAVANAN  M',NULL,NULL,'7871712597','','SARAVANAN  M','123456','506','513',NULL,'off','on',NULL,'2017-07-28 15:35:44',NULL,'2017-07-28 10:15:03',NULL,'user',1090,NULL,'N',NULL,'Y'),(1045,177,74,6,'RAJAKUMARI',NULL,NULL,'9176374029','','RAJAKUMARI','123456','506','533',NULL,'off','on',NULL,'2017-07-28 15:35:44',NULL,'2017-07-28 10:15:03',NULL,'user',1091,NULL,'N',NULL,'Y'),(1046,177,74,6,'SEKAR',NULL,NULL,'9551545981','','SEKAR','123456','506','513',NULL,'off','on',NULL,'2017-07-28 15:35:44',NULL,'2017-07-28 10:15:03',NULL,'user',1092,NULL,'N',NULL,'Y'),(1047,177,74,6,'R.SARAVANAN',NULL,NULL,'9710453628','','R.SARAVANAN','123456','506','513',NULL,'off','on',NULL,'2017-07-28 15:35:44',NULL,'2017-07-28 10:15:03',NULL,'user',1093,NULL,'N',NULL,'Y'),(1048,177,74,6,'ARUMUGAM S',NULL,NULL,'9841555873','','ARUMUGAM S','123456','506','513',NULL,'off','on',NULL,'2017-07-28 15:35:44',NULL,'2017-07-28 10:15:03',NULL,'user',1094,NULL,'N',NULL,'Y'),(1049,177,74,6,'VINODKUMAR',NULL,NULL,'9514451705','','VINODKUMAR','123456','506','513',NULL,'off','on',NULL,'2017-07-28 15:35:44',NULL,'2017-07-28 10:15:03',NULL,'user',1095,NULL,'N',NULL,'Y'),(1050,177,74,6,'MUTHULAKSHMI',NULL,NULL,'9176144681','','MUTHULAKSHMI','123456','506','533',NULL,'off','on',NULL,'2017-07-28 15:35:44',NULL,'2017-07-28 10:15:03',NULL,'user',1096,NULL,'N',NULL,'Y'),(1051,177,74,6,'GUNASEKARAN K',NULL,NULL,'9941850375','','GUNASEKARAN K','123456','506','513',NULL,'off','on',NULL,'2017-07-28 15:35:44',NULL,'2017-07-28 10:15:03',NULL,'user',1097,NULL,'N',NULL,'Y'),(1052,177,74,6,'SHANMUGAM',NULL,NULL,'8680043183','','SHANMUGAM','123456','506','513',NULL,'off','on',NULL,'2017-07-28 15:35:44',NULL,'2017-07-28 10:15:03',NULL,'user',1098,NULL,'N',NULL,'Y'),(1053,177,74,6,'R DHARMALINGAM',NULL,NULL,'9176064400','','R DHARMALINGAM','123456','506','513',NULL,'off','on',NULL,'2017-07-28 15:35:44',NULL,'2017-07-28 10:15:03',NULL,'user',1099,NULL,'N',NULL,'Y'),(1054,177,74,6,'VINOTHKUMAR K',NULL,NULL,'7338700881','','VINOTHKUMAR K','123456','506','513',NULL,'off','on',NULL,'2017-07-28 15:35:44',NULL,'2017-07-28 10:15:03',NULL,'user',1100,NULL,'N',NULL,'Y'),(1055,177,74,6,'C KANNAN',NULL,NULL,'988440070','','C KANNAN','123456','506','531',NULL,'off','on',NULL,'2017-07-28 15:35:44',NULL,'2017-07-28 10:15:03',NULL,'user',1101,NULL,'N',NULL,'Y'),(1056,177,74,6,'K. MUNIYANDI',NULL,NULL,'8681950718','','K. MUNIYANDI','123456','506','513',NULL,'off','on',NULL,'2017-07-28 15:35:44',NULL,'2017-07-28 10:15:03',NULL,'user',1102,NULL,'N',NULL,'Y'),(1057,177,74,6,'THIRUPATHI',NULL,NULL,'9025335765','','THIRUPATHI','123456','506','513',NULL,'off','on',NULL,'2017-07-28 15:35:45',NULL,'2017-07-28 10:15:03',NULL,'user',1103,NULL,'N',NULL,'Y'),(1058,177,74,6,'G.MUNIYARAJAPANDIAN-',NULL,NULL,'8883949001','','G.MUNIYARAJAPANDIAN-','123456','506','536',NULL,'off','on',NULL,'2017-07-28 15:35:45',NULL,'2017-07-28 10:15:03',NULL,'user',1104,NULL,'N',NULL,'Y'),(1059,177,74,6,'SIVAKUMAR V',NULL,NULL,'8428140746','','SIVAKUMAR V','123456','506','536',NULL,'off','on',NULL,'2017-07-28 15:35:45',NULL,'2017-07-28 10:15:03',NULL,'user',1105,NULL,'N',NULL,'Y'),(1060,177,74,6,'SURENDAR R',NULL,NULL,'9500741017','','SURENDAR R','123456','506','536',NULL,'off','on',NULL,'2017-07-28 15:35:45',NULL,'2017-07-28 10:15:03',NULL,'user',1106,NULL,'N',NULL,'Y'),(1061,177,74,6,'M. RAJ',NULL,NULL,'7092515197','','M. RAJ','123456','506','513',NULL,'off','on',NULL,'2017-07-28 15:35:45',NULL,'2017-07-28 10:15:03',NULL,'user',1107,NULL,'N',NULL,'Y'),(1062,177,74,6,'BENJAMIN GEORGE GONSALVEZ',NULL,NULL,'9486452299','','BENJAMIN GEORGE GONSALVEZ','123456','506','536',NULL,'off','on',NULL,'2017-07-28 15:35:45',NULL,'2017-07-28 10:15:03',NULL,'user',1108,NULL,'N',NULL,'Y'),(1063,177,74,6,'SAMINATHAN R',NULL,NULL,'9486139482','','SAMINATHAN R','123456','506','513',NULL,'off','on',NULL,'2017-07-28 15:35:45',NULL,'2017-07-28 10:15:03',NULL,'user',1109,NULL,'N',NULL,'Y'),(1064,177,74,6,'PHILOMINA R',NULL,NULL,'9976903557','','PHILOMINA R','123456','506','533',NULL,'off','on',NULL,'2017-07-28 15:35:45',NULL,'2017-07-28 10:15:03',NULL,'user',1110,NULL,'N',NULL,'Y'),(1065,177,74,6,'KARUPPUSAMY S',NULL,NULL,'9788707231','','KARUPPUSAMY S','123456','506','513',NULL,'off','on',NULL,'2017-07-28 15:35:45',NULL,'2017-07-28 10:15:03',NULL,'user',1111,NULL,'N',NULL,'Y'),(1066,177,74,6,'ARUMUGAM',NULL,NULL,'9677804327','','ARUMUGAM','123456','506','513',NULL,'off','on',NULL,'2017-07-28 15:35:45',NULL,'2017-07-28 10:15:03',NULL,'user',1112,NULL,'N',NULL,'Y'),(1067,177,74,6,'SRINIVASAN  KANAGARAJ',NULL,NULL,'9715251821','','SRINIVASAN  KANAGARAJ','123456','506','536',NULL,'off','on',NULL,'2017-07-28 15:35:45',NULL,'2017-07-28 10:15:03',NULL,'user',1113,NULL,'N',NULL,'Y'),(1068,177,74,6,'RAMAN',NULL,NULL,'7708433842','','RAMAN','123456','506','513',NULL,'off','on',NULL,'2017-07-28 15:35:45',NULL,'2017-07-28 10:15:03',NULL,'user',1114,NULL,'N',NULL,'Y'),(1069,177,74,6,'NESAMANI DURAIRAJ',NULL,NULL,'9965344436','','NESAMANI DURAIRAJ','123456','506','513',NULL,'off','on',NULL,'2017-07-28 15:35:45',NULL,'2017-07-28 10:15:03',NULL,'user',1115,NULL,'N',NULL,'Y'),(1070,177,74,6,'DOMNIC SAVIO FRANCIS',NULL,NULL,'9677213305','','DOMNIC SAVIO FRANCIS','123456','506','536',NULL,'off','on',NULL,'2017-07-28 15:35:45',NULL,'2017-07-28 10:15:03',NULL,'user',1116,NULL,'N',NULL,'Y'),(1071,177,74,6,'SANMUGAPRIYAN',NULL,NULL,'7502629017','','SANMUGAPRIYAN','123456','506','536',NULL,'off','on',NULL,'2017-07-28 15:35:45',NULL,'2017-07-28 10:15:03',NULL,'user',1117,NULL,'N',NULL,'Y'),(1072,177,74,6,'SURESH',NULL,NULL,'9842445766','','SURESH','123456','506','536',NULL,'off','on',NULL,'2017-07-28 15:35:45',NULL,'2017-07-28 10:15:03',NULL,'user',1118,NULL,'N',NULL,'Y'),(1073,177,74,6,'SASI KUMAR',NULL,NULL,'8508533269','','SASI KUMAR','123456','506','536',NULL,'off','on',NULL,'2017-07-28 15:35:45',NULL,'2017-07-28 10:15:03',NULL,'user',1119,NULL,'N',NULL,'Y'),(1074,177,74,6,'C RAVI',NULL,NULL,'9787116160','','C RAVI','123456','506','536',NULL,'off','on',NULL,'2017-07-28 15:35:46',NULL,'2017-07-28 10:15:03',NULL,'user',1120,NULL,'N',NULL,'Y'),(1075,177,74,6,'VIJAYAKUMAR',NULL,NULL,'9003854689','','VIJAYAKUMAR','123456','506','513',NULL,'off','on',NULL,'2017-07-28 15:35:46',NULL,'2017-07-28 10:15:03',NULL,'user',1121,NULL,'N',NULL,'Y'),(1076,177,74,6,'SUTHISH KUMAR',NULL,NULL,'9524327923','','SUTHISH KUMAR','123456','506','536',NULL,'off','on',NULL,'2017-07-28 15:35:46',NULL,'2017-07-28 10:15:03',NULL,'user',1122,NULL,'N',NULL,'Y'),(1077,177,74,6,'GOPAL M',NULL,NULL,'9442152834','','GOPAL M','123456','506','513',NULL,'off','on',NULL,'2017-07-28 15:35:46',NULL,'2017-07-28 10:15:03',NULL,'user',1123,NULL,'N',NULL,'Y'),(1078,177,74,6,'R MOHAN KUMAR',NULL,NULL,'9791513827','','R MOHAN KUMAR','123456','506','513',NULL,'off','on',NULL,'2017-07-28 15:35:46',NULL,'2017-07-28 10:15:03',NULL,'user',1124,NULL,'N',NULL,'Y'),(1079,177,74,6,'M SATHISH KUMAR',NULL,NULL,'8807763087','','M SATHISH KUMAR','123456','506','513',NULL,'off','on',NULL,'2017-07-28 15:35:46',NULL,'2017-07-28 10:15:03',NULL,'user',1125,NULL,'N',NULL,'Y'),(1080,177,74,6,'A SILAMBARASAN',NULL,NULL,'7200205560','','A SILAMBARASAN','123456','506','513',NULL,'off','on',NULL,'2017-07-28 15:35:46',NULL,'2017-07-28 10:15:03',NULL,'user',1126,NULL,'N',NULL,'Y'),(1081,177,74,6,'ANANDHARAJ R',NULL,NULL,'7708344702','','ANANDHARAJ R','123456','506','513',NULL,'off','on',NULL,'2017-07-28 15:35:46',NULL,'2017-07-28 10:15:03',NULL,'user',1127,NULL,'N',NULL,'Y'),(1082,177,74,6,'SARAVANAKUMAR  A',NULL,NULL,'8148892502','','SARAVANAKUMAR  A','123456','506','536',NULL,'off','on',NULL,'2017-07-28 15:35:46',NULL,'2017-07-28 10:15:03',NULL,'user',1128,NULL,'N',NULL,'Y'),(1083,177,74,6,'ARUL ARUMUGAM',NULL,NULL,'9444936892','','ARUL ARUMUGAM','123456','506','536',NULL,'off','on',NULL,'2017-07-28 15:35:46',NULL,'2017-07-28 10:15:03',NULL,'user',1129,NULL,'N',NULL,'Y'),(1084,177,74,6,'KAPILDEV P',NULL,NULL,'9751723905','','KAPILDEV P','123456','506','536',NULL,'off','on',NULL,'2017-07-28 15:35:46',NULL,'2017-07-28 10:15:03',NULL,'user',1130,NULL,'N',NULL,'Y'),(1085,177,74,6,'CHANDARASEKAR NAMACHIVAYAN',NULL,NULL,'9500387763','','CHANDARASEKAR NAMACHIVAYAN','123456','506','536',NULL,'off','on',NULL,'2017-07-28 15:35:46',NULL,'2017-07-28 10:15:03',NULL,'user',1131,NULL,'N',NULL,'Y'),(1086,177,74,6,'VISHNUVARDHAN',NULL,NULL,'8883338833','','VISHNUVARDHAN','123456','506','545',NULL,'off','on',NULL,'2017-07-28 15:35:46',NULL,'2017-07-28 10:15:03',NULL,'user',1132,NULL,'N',NULL,'Y'),(1087,177,74,6,'S BALAJI',NULL,NULL,'8428546863','','S BALAJI','123456','506','545',NULL,'off','on',NULL,'2017-07-28 15:35:46',NULL,'2017-07-28 10:15:03',NULL,'user',1133,NULL,'N',NULL,'Y'),(1088,177,74,6,'RAGAVENDHIRAN',NULL,NULL,'8940033507','','RAGAVENDHIRAN','123456','506','545',NULL,'off','on',NULL,'2017-07-28 15:35:46',NULL,'2017-07-28 10:15:03',NULL,'user',1134,NULL,'N',NULL,'Y'),(1089,177,74,6,'SUSAIRAJ J',NULL,NULL,'9840680522','','SUSAIRAJ J','123456','506','545',NULL,'off','on',NULL,'2017-07-28 15:35:46',NULL,'2017-07-28 10:15:03',NULL,'user',1135,NULL,'N',NULL,'Y'),(1090,177,74,6,'ANANDHAKUMAR T',NULL,NULL,'9543534933','','ANANDHAKUMAR T','123456','506','545',NULL,'off','on',NULL,'2017-07-28 15:35:46',NULL,'2017-07-28 10:15:03',NULL,'user',1136,NULL,'N',NULL,'Y'),(1091,177,74,6,'R SURESH KUMAR',NULL,NULL,'9812809070','','R SURESH KUMAR','123456','506','545',NULL,'off','on',NULL,'2017-07-28 15:35:47',NULL,'2017-07-28 10:15:03',NULL,'user',1137,NULL,'N',NULL,'Y'),(1092,177,74,6,'GL VIGNESHWARAN',NULL,NULL,'7373530930','','GL VIGNESHWARAN','123456','506','545',NULL,'off','on',NULL,'2017-07-28 15:35:47',NULL,'2017-07-28 10:15:03',NULL,'user',1138,NULL,'N',NULL,'Y'),(1093,177,74,6,'SELVARAJ K',NULL,NULL,'9841906675','','SELVARAJ K','123456','506','545',NULL,'off','on',NULL,'2017-07-28 15:35:47',NULL,'2017-07-28 10:15:03',NULL,'user',1139,NULL,'N',NULL,'Y'),(1094,177,74,6,'SADASIVAM',NULL,NULL,'81228341114','','SADASIVAM','123456','506','513',NULL,'off','off',NULL,'2017-07-29 09:52:24',NULL,'2017-07-29 04:22:24',NULL,'user',1140,NULL,'N',NULL,'Y'),(1095,177,74,6,'SARAVANAN  M',NULL,NULL,'7871712597','','SARAVANAN  M','123456','506','513',NULL,'off','off',NULL,'2017-07-29 09:52:24',NULL,'2017-07-29 04:22:24',NULL,'user',1141,NULL,'N',NULL,'Y'),(1096,177,74,6,'RAJAKUMARI',NULL,NULL,'9176374029','','RAJAKUMARI','123456','506','533',NULL,'off','off',NULL,'2017-07-29 09:52:24',NULL,'2017-08-02 10:32:42',NULL,'user',1142,NULL,'N','eDlYJjOq9Y0:APA91bHIHKvr-IyTI0dbteZIRgHjkRFBK3C4pZvqmAr-0Sh-ACdWiNjH2Smvpdype18Bg3xAaAqWi9_q6Thh8Y8O3sLhzP8jQo8UtSgdhPRlXUd3Q6y8sHGS0x8jjFY1X6ALLbBSgZBo','Y'),(1097,177,74,6,'SEKAR',NULL,NULL,'9551545981','','SEKAR','123456','506','513',NULL,'off','off',NULL,'2017-07-29 09:52:24',NULL,'2017-07-29 04:22:24',NULL,'user',1143,NULL,'N',NULL,'Y'),(1098,177,74,6,'R.SARAVANAN','R.SARAVANAN',NULL,'9710453628','','R.SARAVANAN','123456','506','545',NULL,'off','off',NULL,'2017-07-29 09:52:24',NULL,'2017-08-23 05:32:57',NULL,'user',1144,NULL,'N','eDlYJjOq9Y0:APA91bHIHKvr-IyTI0dbteZIRgHjkRFBK3C4pZvqmAr-0Sh-ACdWiNjH2Smvpdype18Bg3xAaAqWi9_q6Thh8Y8O3sLhzP8jQo8UtSgdhPRlXUd3Q6y8sHGS0x8jjFY1X6ALLbBSgZBo','Y'),(1099,177,74,6,'ARUMUGAM S',NULL,NULL,'9841555873','','ARUMUGAM S','123456','506','513',NULL,'off','off',NULL,'2017-07-29 09:52:24',NULL,'2017-07-29 04:22:24',NULL,'user',1145,NULL,'N',NULL,'Y'),(1100,177,74,6,'VINODKUMAR',NULL,NULL,'9514451705','','VINODKUMAR','123456','506','513',NULL,'off','off',NULL,'2017-07-29 09:52:24',NULL,'2017-07-29 04:22:25',NULL,'user',1146,NULL,'N',NULL,'Y'),(1101,177,74,6,'MUTHULAKSHMI',NULL,NULL,'9176144681','','MUTHULAKSHMI','123456','506','533',NULL,'off','off',NULL,'2017-07-29 09:52:24',NULL,'2017-07-29 04:22:25',NULL,'user',1147,NULL,'N',NULL,'Y'),(1102,177,74,6,'GUNASEKARAN K',NULL,NULL,'9941850375','','GUNASEKARAN K','123456','506','513',NULL,'off','off',NULL,'2017-07-29 09:52:24',NULL,'2017-07-29 04:22:25',NULL,'user',1148,NULL,'N',NULL,'Y'),(1103,177,74,6,'SHANMUGAM',NULL,NULL,'8680043183','','SHANMUGAM','123456','506','513',NULL,'off','off',NULL,'2017-07-29 09:52:25',NULL,'2017-07-29 04:22:25',NULL,'user',1149,NULL,'N',NULL,'Y'),(1104,177,74,6,'R DHARMALINGAM',NULL,NULL,'9176064400','','R DHARMALINGAM','123456','506','513',NULL,'off','off',NULL,'2017-07-29 09:52:25',NULL,'2017-07-29 04:22:25',NULL,'user',1150,NULL,'N',NULL,'Y'),(1105,177,74,6,'VINOTHKUMAR K',NULL,NULL,'7338700881','','VINOTHKUMAR K','123456','506','513',NULL,'off','off',NULL,'2017-07-29 09:52:25',NULL,'2017-07-29 04:22:25',NULL,'user',1151,NULL,'N',NULL,'Y'),(1106,177,74,6,'C KANNAN',NULL,NULL,'988440070','','C KANNAN','123456','506','531',NULL,'off','off',NULL,'2017-07-29 09:52:25',NULL,'2017-07-29 04:22:25',NULL,'user',1152,NULL,'N',NULL,'Y'),(1107,177,74,6,'K. MUNIYANDI',NULL,NULL,'8681950718','','K. MUNIYANDI','123456','506','513',NULL,'off','off',NULL,'2017-07-29 09:52:25',NULL,'2017-07-29 04:22:25',NULL,'user',1153,NULL,'N',NULL,'Y'),(1108,177,74,6,'THIRUPATHI',NULL,NULL,'9025335765','','THIRUPATHI','123456','506','513',NULL,'off','off',NULL,'2017-07-29 09:52:25',NULL,'2017-07-29 04:22:25',NULL,'user',1154,NULL,'N',NULL,'Y'),(1109,177,74,6,'G.MUNIYARAJAPANDIAN-',NULL,NULL,'8883949001','','G.MUNIYARAJAPANDIAN-','123456','506','536',NULL,'off','off',NULL,'2017-07-29 09:52:25',NULL,'2017-07-29 04:22:25',NULL,'user',1155,NULL,'N',NULL,'Y'),(1110,177,74,6,'SIVAKUMAR V',NULL,NULL,'8428140746','','SIVAKUMAR V','123456','506','536',NULL,'off','off',NULL,'2017-07-29 09:52:25',NULL,'2017-07-29 04:22:25',NULL,'user',1156,NULL,'N',NULL,'Y'),(1111,177,74,6,'SURENDAR R',NULL,NULL,'9500741017','','SURENDAR R','123456','506','536',NULL,'off','off',NULL,'2017-07-29 09:52:25',NULL,'2017-07-29 04:22:25',NULL,'user',1157,NULL,'N',NULL,'Y'),(1112,177,74,6,'M. RAJ',NULL,NULL,'7092515197','','M. RAJ','123456','506','513',NULL,'off','off',NULL,'2017-07-29 09:52:25',NULL,'2017-07-29 04:22:25',NULL,'user',1158,NULL,'N',NULL,'Y'),(1113,177,74,6,'BENJAMIN GEORGE GONSALVEZ',NULL,NULL,'9486452299','','BENJAMIN GEORGE GONSALVEZ','123456','506','536',NULL,'off','off',NULL,'2017-07-29 09:52:25',NULL,'2017-07-29 04:22:25',NULL,'user',1159,NULL,'N',NULL,'Y'),(1114,177,74,6,'SAMINATHAN R',NULL,NULL,'9486139482','','SAMINATHAN R','123456','506','513',NULL,'off','off',NULL,'2017-07-29 09:52:25',NULL,'2017-07-29 04:22:25',NULL,'user',1160,NULL,'N',NULL,'Y'),(1115,177,74,6,'PHILOMINA R',NULL,NULL,'9976903557','','PHILOMINA R','123456','506','533',NULL,'off','off',NULL,'2017-07-29 09:52:25',NULL,'2017-07-29 04:22:25',NULL,'user',1161,NULL,'N',NULL,'Y'),(1116,177,74,6,'KARUPPUSAMY S',NULL,NULL,'9788707231','','KARUPPUSAMY S','123456','506','513',NULL,'off','off',NULL,'2017-07-29 09:52:25',NULL,'2017-07-29 04:22:25',NULL,'user',1162,NULL,'N',NULL,'Y'),(1117,177,74,6,'ARUMUGAM',NULL,NULL,'9677804327','','ARUMUGAM','123456','506','513',NULL,'off','off',NULL,'2017-07-29 09:52:25',NULL,'2017-07-29 04:22:26',NULL,'user',1163,NULL,'N',NULL,'Y'),(1118,177,74,6,'SRINIVASAN  KANAGARAJ',NULL,NULL,'9715251821','','SRINIVASAN  KANAGARAJ','123456','506','536',NULL,'off','off',NULL,'2017-07-29 09:52:25',NULL,'2017-07-29 04:22:26',NULL,'user',1164,NULL,'N',NULL,'Y'),(1119,177,74,6,'RAMAN',NULL,NULL,'7708433842','','RAMAN','123456','506','513',NULL,'off','off',NULL,'2017-07-29 09:52:25',NULL,'2017-07-29 04:22:26',NULL,'user',1165,NULL,'N',NULL,'Y'),(1120,177,74,6,'NESAMANI DURAIRAJ',NULL,NULL,'9965344436','','NESAMANI DURAIRAJ','123456','506','513',NULL,'off','off',NULL,'2017-07-29 09:52:26',NULL,'2017-08-25 17:38:38',NULL,'user',1166,NULL,'N','fGEEJBW9UzA:APA91bFQXyitRSn92VpIzBz9dzFCfMdxqYJcSduptYeGMbPdAojHT-z4TuLg6ZR0cbudleMaqSTw6IjSnz1GO8_prA2I9trLl5s7c2M2kGkzKg0D_E7TgfZJTxW243y1Q-Zg8mmlv72A','Y'),(1121,177,74,6,'DOMNIC SAVIO FRANCIS',NULL,NULL,'9677213305','','DOMNIC SAVIO FRANCIS','123456','506','536',NULL,'off','off',NULL,'2017-07-29 09:52:26',NULL,'2017-07-29 04:22:26',NULL,'user',1167,NULL,'N',NULL,'Y'),(1122,177,74,6,'SANMUGAPRIYAN',NULL,NULL,'7502629017','','SANMUGAPRIYAN','123456','506','536',NULL,'off','off',NULL,'2017-07-29 09:52:26',NULL,'2017-07-29 04:22:26',NULL,'user',1168,NULL,'N',NULL,'Y'),(1123,177,74,6,'SURESH',NULL,NULL,'9842445766','','SURESH','123456','506','536',NULL,'off','off',NULL,'2017-07-29 09:52:26',NULL,'2017-07-29 04:22:26',NULL,'user',1169,NULL,'N',NULL,'Y'),(1124,177,74,6,'SASI KUMAR',NULL,NULL,'8508533269','','SASI KUMAR','123456','506','536',NULL,'off','off',NULL,'2017-07-29 09:52:26',NULL,'2017-07-29 04:22:26',NULL,'user',1170,NULL,'N',NULL,'Y'),(1125,177,74,6,'C RAVI',NULL,NULL,'9787116160','','C RAVI','123456','506','536',NULL,'off','off',NULL,'2017-07-29 09:52:26',NULL,'2017-07-29 04:22:26',NULL,'user',1171,NULL,'N',NULL,'Y'),(1126,177,74,6,'VIJAYAKUMAR',NULL,NULL,'9003854689','','VIJAYAKUMAR','123456','506','513',NULL,'off','off',NULL,'2017-07-29 09:52:26',NULL,'2017-07-29 04:22:26',NULL,'user',1172,NULL,'N',NULL,'Y'),(1127,177,74,6,'SUTHISH KUMAR',NULL,NULL,'9524327923','','SUTHISH KUMAR','123456','506','536',NULL,'off','off',NULL,'2017-07-29 09:52:26',NULL,'2017-07-29 04:22:26',NULL,'user',1173,NULL,'N',NULL,'Y'),(1128,177,74,6,'GOPAL M',NULL,NULL,'9442152834','','GOPAL M','123456','506','513',NULL,'off','off',NULL,'2017-07-29 09:52:26',NULL,'2017-07-29 04:22:26',NULL,'user',1174,NULL,'N',NULL,'Y'),(1129,177,74,6,'R MOHAN KUMAR',NULL,NULL,'9791513827','','R MOHAN KUMAR','123456','506','513',NULL,'off','off',NULL,'2017-07-29 09:52:26',NULL,'2017-07-29 04:22:26',NULL,'user',1175,NULL,'N',NULL,'Y'),(1130,177,74,6,'M SATHISH KUMAR',NULL,NULL,'8807763087','','M SATHISH KUMAR','123456','506','513',NULL,'off','off',NULL,'2017-07-29 09:52:26',NULL,'2017-07-29 04:22:26',NULL,'user',1176,NULL,'N',NULL,'Y'),(1131,177,74,6,'A SILAMBARASAN',NULL,NULL,'7200205560','','A SILAMBARASAN','123456','506','513',NULL,'off','off',NULL,'2017-07-29 09:52:26',NULL,'2017-07-29 04:22:26',NULL,'user',1177,NULL,'N',NULL,'Y'),(1132,177,74,6,'ANANDHARAJ R',NULL,NULL,'7708344702','','ANANDHARAJ R','123456','506','513',NULL,'off','off',NULL,'2017-07-29 09:52:26',NULL,'2017-07-29 04:22:26',NULL,'user',1178,NULL,'N',NULL,'Y'),(1133,177,74,6,'SARAVANAKUMAR  A',NULL,NULL,'8148892502','','SARAVANAKUMAR  A','123456','506','536',NULL,'off','off',NULL,'2017-07-29 09:52:26',NULL,'2017-07-29 04:22:26',NULL,'user',1179,NULL,'N',NULL,'Y'),(1134,177,74,6,'ARUL ARUMUGAM',NULL,NULL,'9444936892','','ARUL ARUMUGAM','123456','506','536',NULL,'off','off',NULL,'2017-07-29 09:52:26',NULL,'2017-07-29 04:22:27',NULL,'user',1180,NULL,'N',NULL,'Y'),(1135,177,74,6,'KAPILDEV P',NULL,NULL,'9751723905','','KAPILDEV P','123456','506','536',NULL,'off','off',NULL,'2017-07-29 09:52:26',NULL,'2017-07-29 04:22:27',NULL,'user',1181,NULL,'N',NULL,'Y'),(1136,177,74,6,'CHANDARASEKAR NAMACHIVAYAN',NULL,NULL,'9500387763','','CHANDARASEKAR NAMACHIVAYAN','123456','506','536',NULL,'off','off',NULL,'2017-07-29 09:52:26',NULL,'2017-07-29 04:22:27',NULL,'user',1182,NULL,'N',NULL,'Y'),(1137,177,74,6,'VISHNUVARDHAN','VISHNUVARDHAN',NULL,'8883338833','','VISHNUVARDHAN','123456','506','545',NULL,'off','off',NULL,'2017-07-29 09:52:27',NULL,'2017-08-23 05:34:02',NULL,'user',1183,NULL,'N',NULL,'Y'),(1138,177,74,6,'S','BALAJI',NULL,'8428546863','','S BALAJI','123456','506','545',NULL,'off','off',NULL,'2017-07-29 09:52:27',NULL,'2017-10-10 04:28:55',NULL,'user',1184,NULL,'N','cvjpfB5xsf0:APA91bGCFGlLO8CHTcTWlu2n9Uj6gN-MMeyH22v6ZYgBSIg1z2phpleP0jrqcR1rjOdnlUWLjC4bFyMQGqxSjUX5dJ4APv5onLRop7Tq7GtTVbagMZSVQ6joxVHPmXquuJZWI4L3aEo8','Y'),(1139,177,74,6,'RAGAVENDHIRAN','RAGAVENDHIRAN',NULL,'8940033507','','RAGAVENDHIRAN','123456','506','545',NULL,'off','off',NULL,'2017-07-29 09:52:27',NULL,'2017-10-13 06:22:04',NULL,'user',1185,NULL,'N','f6qNl4VZucI:APA91bFu-opELI6sy_51iSiaKvjJLjVW-cOSR-L-2Xih7HYRMjqtKFXwrIGa_Hc3XJaoZ-1SLexfrM2Fz2Ji6YiBzTgx5Nc-D-QnjRFGylAAwqFscIXdulWxNq4YN8jWxSRh9KkxUuKI','Y'),(1140,177,74,6,'SUSAIRAJ','J',NULL,'9840680522','','SUSAIRAJ J','123456','506','545',NULL,'off','off',NULL,'2017-07-29 09:52:27',NULL,'2017-08-23 05:36:15',NULL,'user',1186,NULL,'N',NULL,'Y'),(1141,177,74,6,'ANANDHAKUMAR','T',NULL,'9543534933','','ANANDHAKUMAR T','123456','506','545',NULL,'off','off',NULL,'2017-07-29 09:52:27',NULL,'2017-08-23 05:36:47',NULL,'user',1187,NULL,'N',NULL,'Y'),(1142,177,74,6,'R','KUMAR',NULL,'9812809070','','R SURESH KUMAR','123456','506','545',NULL,'off','off',NULL,'2017-07-29 09:52:27',NULL,'2017-09-20 03:53:38',NULL,'user',1188,NULL,'N','e7CLsew3PjY:APA91bFobCjeW_tqns3Gc-acfashUbWQUc-BSgvnpFqBgmUuCU3seMp6T8GGoOUsUctCOYcdZk632_Tttmd7CoTxNq2VT5hQnEvT-Femq2N_lmzXsdduvdYcJR5U7rnUlHowB5cPA1Bp','Y'),(1143,177,74,6,'GL','VIGNESHWARAN',NULL,'7373530930','','GL VIGNESHWARAN','123456','506','545',NULL,'off','off',NULL,'2017-07-29 09:52:27',NULL,'2017-09-20 11:30:17',NULL,'user',1189,NULL,'N','ezYsOrwNHHw:APA91bHMzf1HdCMaqQQzkMM7r5vbebPgzCEwueO13CkAGaO0pZ9mL6JOff84ExDAs4N3ctfA4U3wOS_F1XSaFWfJNYttvE9oJ-L6g4rhNFwlGgG8T8zFJq2wKqzGLL0mzZ2FaHK1Oaje','Y'),(1144,177,74,6,'SELVARAJ','K',NULL,'9841906675','','SELVARAJ K','123456','506','545',NULL,'off','off',NULL,'2017-07-29 09:52:27',NULL,'2017-09-26 15:18:54',NULL,'user',1190,NULL,'N','fr0wkFfoLk8:APA91bGwDl1Sf4GKl5_19cQsw0adcSIDcFIAUPxqwT7avoLZbus7q9xPKuKHb0N62ZZsmM7CHMnLNcH-x56pBqmfAtHWGWVe_3rHW-T0HNgIZeV35a9zAIfmiVgF8I7FyRcMJP2AxBr8','Y'),(1145,177,74,6,'Nageswara','Rao',NULL,'8297311880','nanaji.guruju274@gmail.com','Nageswara Rao','gopinath','506','532',NULL,'off','off',NULL,'2017-07-29 05:21:22',NULL,'2017-09-19 12:21:17',NULL,'Employee',975,NULL,'N','eAED1_-w5M0:APA91bFZLAnNrbP5IkPHZu6adcmSigvhJfNwNXgk6oOLj1gtwlkZZj-Bhu3G8jrnWXGtj0wcWXhllu63SfOIJUuebMpQMi5opOAGY5u05rmt1gW-Bt6WK6CshqxSUuDVBACCb_NTX19C','Y'),(1146,177,74,6,'R.','Kumar',NULL,'8790147799','pramaneti@gmail.com','R. Prem Kumar','123456','506','532',NULL,'off','off',NULL,'2017-07-29 05:40:41',NULL,'2017-07-29 05:40:41',NULL,'Employee',976,NULL,'N',NULL,'Y'),(1147,161,58,5,'Peregrine','Admin',NULL,'PeregrineAdmin',NULL,'PeregrineAdmin','123456',NULL,NULL,NULL,'off','off',NULL,'2017-08-03 19:19:21',NULL,'2017-08-03 14:14:55',NULL,NULL,NULL,NULL,'N',NULL,'Y'),(1148,0,0,NULL,NULL,NULL,NULL,NULL,NULL,NULL,NULL,NULL,NULL,NULL,'on','off',NULL,'2017-08-03 13:46:49',NULL,'2017-08-03 13:46:49',NULL,NULL,NULL,NULL,'N',NULL,'Y'),(1149,177,74,6,'ACHYUTANANDA','RAUT',NULL,'7042215227','','ACHYUTANANDA RAUT','123456','506','534',NULL,'off','off',NULL,'2017-08-04 06:40:42',NULL,'2017-09-15 09:14:48',NULL,'Employee',1191,NULL,'N','eyG5Az14HsY:APA91bHtnrMpgBv7tCxsYKEDm0FkoOAc-IqD70ij2B5fegttYkB0TK5vLs5TjGyHIfCeYaU9chpOFVq2NRdacJxkWJEDfjIiBnV7lXkCb1K3YRBl4RRg-7PEQm8Tb-jtT4bq52xHflxo','Y'),(1150,177,74,6,'Manoj','Manoj',NULL,'8686227127','','Manoj','123456','506','532',NULL,'off','off',NULL,'2017-08-04 08:25:00',NULL,'2017-08-18 08:58:09',NULL,'Employee',973,NULL,'N','eVPkbELJuYc:APA91bGzAhcy71ZdiBhQqRa91cm3Ho3hrgT69Mr_SsnoDBUbIOCFkqZ-nRU3E8dPIyAt_sShDa_UEak3TbeQqDrTYwzrbkSKBRTvgG8XEpyHYWxc5Z_C8Y-H4-O73Xbom92XOXsQ_I7A','Y'),(1151,177,74,6,'Satish Palaparthi',NULL,NULL,'7995357985','','Satish Palaparthi','123456','506','545',NULL,'off','off',NULL,'2017-08-07 13:32:49',NULL,'2017-08-07 08:02:50',NULL,'user',1192,NULL,'N',NULL,'Y'),(1152,161,58,6,'Aman Dahiya',NULL,NULL,'9205186876','test@test.com','Aman Dahiya','123456','114','113',NULL,'off','off',NULL,'2017-08-08 11:52:48',NULL,'2017-08-08 06:22:50',NULL,'user',1193,NULL,'N',NULL,'Y'),(1153,161,58,6,'Sunil Malik',NULL,NULL,'9818670023','test@test.com','Sunil Malik','123456','114','112',NULL,'off','off',NULL,'2017-08-08 11:52:48',NULL,'2017-08-08 06:22:50',NULL,'user',1194,NULL,'N',NULL,'Y'),(1154,161,58,6,'Jaiveer Lamba',NULL,NULL,'8800097208','test@test.com','Jaiveer Lamba','123456','114','112',NULL,'off','off',NULL,'2017-08-08 11:52:48',NULL,'2017-08-08 06:22:50',NULL,'user',1195,NULL,'N',NULL,'Y'),(1155,161,58,6,'Bharat Singh',NULL,NULL,'9599381501','test@test.com','Bharat Singh','123456','114','113',NULL,'off','off',NULL,'2017-08-08 11:52:48',NULL,'2017-08-08 06:22:50',NULL,'user',1196,NULL,'N',NULL,'Y'),(1156,161,58,6,'Ramesh Pradhan',NULL,NULL,'7042391151','test@test.com','Ramesh Pradhan','123456','114','111',NULL,'off','off',NULL,'2017-08-08 11:52:48',NULL,'2017-08-08 06:22:50',NULL,'user',1197,NULL,'N',NULL,'Y'),(1157,177,74,6,'Rooplal','Rooplal',NULL,'8074868235','','Rooplal','123456','506','532',NULL,'off','off',NULL,'2017-08-11 07:41:41',NULL,'2017-08-11 09:18:07',NULL,'Employee',970,NULL,'N',NULL,'Y'),(1158,177,74,6,'Shiva','JI',NULL,'7660038336','','Shiva JI','123456','506','532',NULL,'off','off',NULL,'2017-08-11 07:42:18',NULL,'2017-08-11 09:17:19',NULL,'Employee',971,NULL,'N',NULL,'Y'),(1159,177,74,6,'Pandu','Pandu',NULL,'7330681118','','Pandu','123456','506','532',NULL,'off','off',NULL,'2017-08-11 07:43:00',NULL,'2017-08-21 06:41:18',NULL,'Employee',972,NULL,'N','dmoNP1E7zBA:APA91bGVmQF9JVpGzoLguV0J1YIW10llNFoSrfKyUk5hlMbIJTtw8mbghqmB6DBk4csb676YMChhMYVFgVRFy6xeMEbmlyNG6RAM9T56C9LP8z1AmyldoF8sPz19Bd0f-WYGmu_mGAeL','Y'),(1160,177,74,6,'Gurunathan','M',NULL,'8056708783','guru.aps123@yahoo.com','Gurunathan M','123456','506','545',NULL,'off','off',NULL,'2017-08-11 10:06:30',NULL,'2017-08-22 14:08:08',NULL,'Employee',1198,NULL,'N','eq9r-CRmQG0:APA91bEkPJyTY4vgWPtoJ779MpEqPXtvnmZT8-HpQrkXiTKf5LLUt1p6FP9lfFNz4GdrP3ONNT2kevuulkIvZI7HsVZCsJVr3cUxluXncv34auh0inSUzIATN9QvO-rCf5-UzP0IsNK6','Y'),(1161,0,0,8,'Super','Admin',NULL,'superAdmin',NULL,NULL,'superAdmin@4321',NULL,NULL,NULL,'off','off',NULL,'2017-08-17 12:59:49',NULL,'2017-08-18 14:16:58',NULL,NULL,NULL,NULL,'N',NULL,'Y'),(1162,178,75,5,'CRM','ADMIN',NULL,'crmdemo','raman@codecube.in','crmdemo','123456',NULL,NULL,NULL,'off','off',NULL,'2017-08-18 11:27:59',NULL,'2017-08-18 05:59:12',NULL,NULL,NULL,NULL,'N',NULL,'Y'),(1164,178,75,6,'Sonam','gupta',NULL,'9958692878','sonam@vartulz.com','Sonam gupta','123456','566','567',NULL,'off','off',NULL,'2017-08-18 10:28:54',NULL,'2017-08-21 06:40:07',NULL,'Employee',1199,NULL,'N','dmoNP1E7zBA:APA91bGVmQF9JVpGzoLguV0J1YIW10llNFoSrfKyUk5hlMbIJTtw8mbghqmB6DBk4csb676YMChhMYVFgVRFy6xeMEbmlyNG6RAM9T56C9LP8z1AmyldoF8sPz19Bd0f-WYGmu_mGAeL','Y'),(1165,178,75,6,'Lata','Singh',NULL,'9876000122','','Lata Singh','123456','','',NULL,'off','off',NULL,'2017-08-24 06:46:00',NULL,'2017-08-24 06:46:00',NULL,'Employee',1200,NULL,'N',NULL,'Y'),(1166,181,78,5,'Bharat','Nanda',NULL,'BharatNanda','info@codecube.in','BharatNanda','123456',NULL,NULL,NULL,'off','off',NULL,'2017-08-25 12:57:14',NULL,'2017-08-25 12:57:14',NULL,NULL,NULL,NULL,'N',NULL,'Y'),(1167,181,78,6,'Bharat','Nanda',NULL,'9810056789','','Bharat Nanda','123456','573','571',NULL,'off','off',NULL,'2017-08-25 13:51:21',NULL,'2017-08-25 13:51:21',NULL,'Employee',1201,NULL,'N',NULL,'Y'),(1168,181,78,6,'Chandu','Chandu',NULL,'6567701831','chandu@moashkinvest.com','Chandu','123456','573','572',NULL,'off','off',NULL,'2017-08-27 04:23:03',NULL,'2017-08-27 04:23:03',NULL,'Employee',1202,NULL,'N',NULL,'Y'),(1169,181,78,6,'Nowsath','Nowsath',NULL,'6643188200','nowsath@moashkinvest.com','Nowsath','123456','573','572',NULL,'off','off',NULL,'2017-08-27 04:25:12',NULL,'2017-08-27 04:25:12',NULL,'Employee',1203,NULL,'N',NULL,'Y'),(1170,181,78,6,'Ravi','Ravi',NULL,'6634132500','ravi@moashkinvest.com','Ravi','123456','573','572',NULL,'off','off',NULL,'2017-08-27 04:26:14',NULL,'2017-08-27 04:26:14',NULL,'Employee',1204,NULL,'N',NULL,'Y'),(1171,181,78,6,'Najmuddin','Najmuddin',NULL,'6708071800','najmuddin@moashkinvest.com','Najmuddin','123456','573','572',NULL,'off','off',NULL,'2017-08-27 04:28:08',NULL,'2017-08-27 04:28:08',NULL,'Employee',1205,NULL,'N',NULL,'Y'),(1172,174,71,6,'lokefsd','lokefsd',NULL,'2222222222','test@hhjd.con','lokefsd','123456','382','409',NULL,'off','off',NULL,'2017-08-29 11:10:03',NULL,'2017-10-28 11:26:00',NULL,'Employee',997,NULL,'N','diYBvQ9wivo:APA91bGUrTr5CRLMu5WLMkSusbQnw3GcGYFGRPiV9joUx03UJrq9KeLop7EBeWjd-Hp0l1c2Nno9OLoOcAKa5lOK4Fqhh7eLwvrB6bqzmMHGJQln2LBFmq0dIwMMI66ErJ1ycR2HZnZJ','Y'),(1175,183,81,5,'check user','l name check user',NULL,'ouCheck@gmail.com','ouCheck@gmail.com','ouCheck@gmail.com','123456',NULL,NULL,NULL,'off','off',NULL,'2017-09-06 06:01:34',NULL,'2017-09-06 06:01:34',NULL,NULL,NULL,NULL,'N',NULL,'Y'),(1176,184,82,5,'bgfdresdfghbn','mnhbgvfdsdb',NULL,'testUserLogin@gmail.com','testUserLogin@gmail.com','testUserLogin@gmail.com','123456',NULL,NULL,NULL,'off','off',NULL,'2017-09-12 09:59:37',NULL,'2017-09-12 10:02:22',NULL,NULL,NULL,NULL,'N',NULL,'Y'),(1177,185,83,5,'Test','superadmin',NULL,'test@gmail.com','test@gmail.com','test@gmail.com','123456',NULL,NULL,NULL,'off','off',NULL,'2017-09-13 06:51:21',NULL,'2017-09-13 06:51:53',NULL,NULL,NULL,NULL,'N',NULL,'Y'),(1178,166,84,11,'Test','Test',NULL,'testbu@test.com','testbu@test.com','testbu@test.com','123456',NULL,NULL,NULL,'off','off',1161,'2017-09-13 07:00:26',NULL,'2017-09-13 07:00:26',NULL,NULL,NULL,NULL,'N',NULL,'Y'),(1179,186,85,5,'ghtrtrtr','superAdmin',NULL,'testOrgNew@gmail.com','testOrgNew@gmail.com','testOrgNew@gmail.com','superAdmin@4321',NULL,NULL,NULL,'off','off',NULL,'2017-09-15 05:51:22',NULL,'2017-09-15 05:51:22',NULL,NULL,NULL,NULL,'N',NULL,'Y'),(1180,187,86,5,'hsgyhTSYT','superAdmin',NULL,'testOurOrg@gmail.com','testOurOrg@gmail.com','testOurOrg@gmail.com','superAdmin@4321',NULL,NULL,NULL,'off','off',NULL,'2017-09-15 05:53:21',NULL,'2017-09-15 05:53:21',NULL,NULL,NULL,NULL,'N',NULL,'Y');

/* Procedure structure for procedure `proc_app_role_screen_mapping` */

/*!50003 DROP PROCEDURE IF EXISTS  `proc_app_role_screen_mapping` */;

DELIMITER $$

/*!50003 CREATE DEFINER=`sanjiv`@`%` PROCEDURE `proc_app_role_screen_mapping`(
	p_mode INT(10),
	p_ouId TEXT,
	p_buId TEXT,
	p_roleId TEXT,
	p_moduleMappingId TEXT,
	p_menuId TEXT,
	p_screenId TEXT,
	p_limit INT(10)
    
    )
BEGIN
	
	IF p_mode=0
	   THEN
	   	   DROP  TABLE IF EXISTS `tmp_app_role_screen_mapping`;
	   CREATE  TABLE tmp_app_role_screen_mapping
	   (
	   ouId VARCHAR(250),
	   buId VARCHAR(250),
	   roleId VARCHAR(250),
	   roleView VARCHAR(250),
	   moduleMappingId VARCHAR(250),
	   menuId VARCHAR(350),
	   screenId VARCHAR(250)
	   );
	   INSERT  INTO tmp_app_role_screen_mapping(ouId,buId,roleId,roleView,moduleMappingId,menuId,screenId)
	   SELECT p_ouId,p_buId,p_roleId,'on',p_moduleMappingId,TRIM(SUBSTRING_INDEX(SUBSTRING_INDEX(p_menuId, ',', n.n), ',', -1)),
	      TRIM(SUBSTRING_INDEX(SUBSTRING_INDEX(p_screenId, ',', n.n), ',', -1))
	     
	    FROM
	    (    
	   SELECT a.N + b.N * 10 + 1 n
	    FROM
	   (SELECT 0 AS N UNION ALL SELECT 1 UNION ALL SELECT 2 UNION ALL SELECT 3 UNION ALL SELECT 4 UNION ALL SELECT 5 UNION ALL SELECT 6 UNION ALL SELECT 7 UNION ALL SELECT 8 UNION ALL SELECT 9) a
	  ,(SELECT 0 AS N UNION ALL SELECT 1 UNION ALL SELECT 2 UNION ALL SELECT 3 UNION ALL SELECT 4 UNION ALL SELECT 5 UNION ALL SELECT 6 UNION ALL SELECT 7 UNION ALL SELECT 8 UNION ALL SELECT 9) b
	   ORDER BY n
	) n
	WHERE n.n <= 1 + (LENGTH(p_screenId) - LENGTH(REPLACE(p_screenId, ',', '')))
	AND TRIM(SUBSTRING_INDEX(SUBSTRING_INDEX(p_screenId, ',', n.n), ',', -1));
	INSERT INTO `tbl_app_role_mapping` (ouId,buId,roleId,roleView,moduleMappingId,appMenuId,appScreenId)
	SELECT * FROM tmp_app_role_screen_mapping
	WHERE screenId NOT IN (SELECT appScreenId FROM `tbl_app_role_mapping` WHERE tbl_app_role_mapping.appScreenId=tmp_app_role_screen_mapping.screenId AND 
	tbl_app_role_mapping.appMenuId=tmp_app_role_screen_mapping.menuId AND tbl_app_role_mapping.moduleMappingId=tmp_app_role_screen_mapping.moduleMappingId 
	AND tbl_app_role_mapping.roleId=tmp_app_role_screen_mapping.roleId  );
	  UPDATE tbl_app_role_mapping
	JOIN
	tmp_app_role_screen_mapping
	ON tbl_app_role_mapping.appScreenId=tmp_app_role_screen_mapping.screenId 
	AND tbl_app_role_mapping.appMenuId=tmp_app_role_screen_mapping.menuId
	AND
	tbl_app_role_mapping.moduleMappingId=tmp_app_role_screen_mapping.moduleMappingId
	SET 
		tbl_app_role_mapping.ouId=IFNULL(NULLIF(tmp_app_role_screen_mapping.ouId,''),tbl_app_role_mapping.ouId),
		tbl_app_role_mapping.buId=IFNULL(NULLIF(tmp_app_role_screen_mapping.buId,''),tbl_app_role_mapping.buId),
		tbl_app_role_mapping.roleId=IFNULL(NULLIF(tmp_app_role_screen_mapping.roleId,''),tbl_app_role_mapping.roleId),
		tbl_app_role_mapping.roleView=tmp_app_role_screen_mapping.roleView,
		tbl_app_role_mapping.moduleMappingId=IFNULL(NULLIF(tmp_app_role_screen_mapping.moduleMappingId,''),tbl_app_role_mapping.moduleMappingId),
		tbl_app_role_mapping.appMenuId=IFNULL(NULLIF(tmp_app_role_screen_mapping.menuId,''),tbl_app_role_mapping.appMenuId),
		tbl_app_role_mapping.appScreenId=IFNULL(NULLIF(tmp_app_role_screen_mapping.screenId,''),tbl_app_role_mapping.appScreenId)
		
		
		WHERE tbl_app_role_mapping.appScreenId=tmp_app_role_screen_mapping.screenId and tbl_app_role_mapping.moduleMappingId=tmp_app_role_screen_mapping.moduleMappingId
		and tbl_app_role_mapping.roleId=tmp_app_role_screen_mapping.roleId;
	  UPDATE tbl_app_role_mapping
          SET 
		tbl_app_role_mapping.roleView='off'
		
		WHERE tbl_app_role_mapping.appScreenId NOT IN(
		SELECT screenId FROM `tmp_app_role_screen_mapping` WHERE tbl_app_role_mapping.appScreenId=tmp_app_role_screen_mapping.screenId AND 
	tbl_app_role_mapping.roleId=tmp_app_role_screen_mapping.roleId AND tbl_app_role_mapping.moduleMappingId=tmp_app_role_screen_mapping.moduleMappingId )
	AND roleId=p_roleId AND moduleMappingId=p_moduleMappingId;
		SELECT 'aa';
	END IF;
	
	IF p_mode=3
	THEN
	SELECT t1.*,t2.roleName,t3.screenName,t4.ouname,t5.buname,t7.moduleName 
	FROM `tbl_app_role_mapping`t1
	LEFT JOIN `role` t2 ON t1.roleId=t2.roleId
	LEFT JOIN `tbl_app_screen` t3 ON t1.appScreenId=t3.appScreenId
	LEFT JOIN `ou` t4 ON t1.ouId=t4.ouId
	LEFT JOIN `bu` t5 ON t1.buId=t5.buId
	LEFT JOIN `tbl_ou_bu_module_mapping` t6 ON t1.moduleMappingId=t6.moduleMappingId
	LEFT JOIN  `tbl_module` t7 ON t7.moduleId=t6.moduleId
	WHERE roleView='on' LIMIT p_limit,10;
	END IF;
	
    END */$$
DELIMITER ;

/* Procedure structure for procedure `proc_bu_iud` */

/*!50003 DROP PROCEDURE IF EXISTS  `proc_bu_iud` */;

DELIMITER $$

/*!50003 CREATE DEFINER=`sanjiv`@`%` PROCEDURE `proc_bu_iud`(
	p_mode INT(10),
	p_ouId INT(10),
	p_buId INT(10),
	p_buname VARCHAR(250),
	p_email VARCHAR(250),
	p_limit INT(10),p_address1 VARCHAR(255),
	p_address2 VARCHAR(255),
	p_city VARCHAR(255),
	p_state VARCHAR(255),
	p_country VARCHAR(255),
	p_pin VARCHAR(255), 
	p_mobile VARCHAR(255),
	p_password VARCHAR(255),
	p_firstName VARCHAR(255), 
	p_lastName VARCHAR(255), 
	p_userId INT(11),
	p_offset INT(10)
    )
BEGIN
	IF p_mode=0
	THEN
	
	INSERT INTO `mykmetalivenew`.`bu` (`ouId`, `buname`, `mobile`, `email`, `country`, `state`, `city`, 
	`pin`, `address1`, `address2`, `status`, `createdBy`)
	VALUES(p_ouId,p_buname,p_mobile,p_email,p_country,p_state,p_city,p_pin,
	p_address1,p_address2,'on',p_userId);
	
	INSERT INTO `users`(ouId,buId,roleId,firstName,lastName,mobile,userName,`password`,email,createdBy)
	VALUES(
	(SELECT ouId FROM bu WHERE buId=(SELECT MAX(buId) FROM bu)),
	(SELECT MAX(buId) FROM `bu`),11,p_firstName,p_lastName,p_email,p_email,p_password,p_email,p_userId);
	
	INSERT INTO `mykbizlivenew`.`tbl_employee`(ouId,buId,employeeName,address,city,state,country,email,createdBy)
	VALUES((SELECT ouId FROM bu WHERE buId=(SELECT MAX(buId) FROM bu)),(SELECT MAX(buId) FROM `bu`),CONCAT(p_firstName,' ',p_lastName),
	p_address1,p_city,p_state,p_country,p_email,p_userId
	);
	
	SELECT 'aa';
	END IF;
	
	
	
	IF p_mode=3
	THEN
	SELECT t1.*,IFNULL(t2.ouname,'')ouname,t3.name countryName,t5.name stateName,
	(SELECT CONCAT(IFNULL(firstName,''),' ',IFNULL(lastName,'')) FROM users	WHERE users.roleId=11 AND users.buId=t1.buId)userName FROM `bu` t1
	LEFT JOIN ou t2 ON t1.ouId=t2.ouId 
	LEFT JOIN `mykbizlivenew`.`countries`t3 ON t3.id=t1.country 
	LEFT JOIN `mykbizlivenew`.`states`t5 ON t5.id=t1.state  ORDER BY createdDate DESC  LIMIT p_limit,10;
	END IF;
	
	IF p_mode=1
	THEN
	-- UPDATE bu SET buname=p_buname,email=p_email,ouId=p_ouId WHERE  buId=p_buId;
	
	UPDATE `mykmetalivenew`.`bu` SET `ouId` = p_ouId , `buname` = p_buname , 
	`mobile` = p_mobile, `email` = p_email, `country` = p_country, `state` = p_state, 
	`city` = p_city, `pin` = p_pin, `address1` = p_address1, `address2` = p_address2,
	`updatedBy` = p_userId , `updatedDate` = NOW() WHERE`buId` =p_buId ;
	
	UPDATE users SET firstName=p_firstName,lastName=p_lastName,mobile=p_email,
	`password`=p_password,userName=p_email WHERE buId=p_buId AND roleId=11;
	
	SELECT 'aa';
	END IF;
	
	
	IF p_mode=2
	THEN
	SELECT `t1`.*,`t3`.`firstName`, `t3`.`lastName` ,t3.password
	FROM `bu` `t1` 
	LEFT JOIN `users` `t3` ON `t3`.`ouId` = `t1`.`ouId` AND t3.buId=t1.buId AND roleId=11
	LEFT JOIN `mykbizlivenew`.`countries` `t4` ON `t4`.`id` = `t1`.`country` 
	LEFT JOIN `mykbizlivenew`.`states` `t5` ON `t5`.`id` = `t1`.`state` 
	WHERE `t1`.`buId` =p_buId;
	END IF;
    END */$$
DELIMITER ;

/* Procedure structure for procedure `proc_oubu_iud` */

/*!50003 DROP PROCEDURE IF EXISTS  `proc_oubu_iud` */;

DELIMITER $$

/*!50003 CREATE DEFINER=`sanjiv`@`%` PROCEDURE `proc_oubu_iud`(
	 p_mode INT(10),
	 p_ouId INT(10),
	 p_ouname VARCHAR(50),
	 p_address1 VARCHAR(50),
	 p_address2 VARCHAR(50),
	 p_city VARCHAR(50),
	 p_state VARCHAR(50),
	 p_country VARCHAR(50),
	 p_pin VARCHAR(50),
	 p_emailid VARCHAR(50),
	 p_mobile VARCHAR(50),
	 p_oulogo VARCHAR(50),
	 p_password VARCHAR(50),
	 p_firstName VARCHAR(50),
	 p_lastName VARCHAR(50),
	 p_deleted VARCHAR(50),
	 p_blocked VARCHAR(50),
	 p_limit INT(10)
    
    )
BEGIN
	IF p_mode=0
	THEN
	INSERT INTO `ou`(`ouname`,`address1`, `address2`,`city`,`state`,`country`,`pin`,`emailid`,phone,`oulogo`,`deleted`,`blocked`
	)
	VALUES
	(p_ouname,p_address1,p_address2,p_city,p_state,p_country,p_pin,p_emailid,p_mobile,p_oulogo,p_deleted,p_blocked);
	
	INSERT INTO `bu`(ouId,buname,email,`address1`, `address2`,`city`,`state`,`country`,`pin`) 
	VALUES((SELECT MAX(ouId) FROM ou),'Site Admin',p_emailid,p_address1,p_address2,p_city,p_state,p_country,p_pin);
	
	INSERT INTO `mykbizlivenew`.`tbl_employee`(ouId,buId,employeeName,address,city,state,country,email)
	VALUES((SELECT MAX(ouId) FROM ou),(SELECT MAX(buId) FROM bu WHERE ouId=(SELECT MAX(ouId) FROM ou)),CONCAT(p_firstName,' ',p_lastName),
	p_address1,p_city,p_state,p_country,p_emailid
	);
	INSERT INTO `users`(ouId,buId,roleId,firstName,lastName,mobile,userName,`password`,email)
	VALUES(
	(SELECT MAX(ouId) FROM `ou`),
	(SELECT MAX(buId) FROM `bu`),5,p_firstName,p_lastName,p_emailid,p_emailid,p_password,p_emailid);
	SELECT 'aa';
	END IF;
	
	IF p_mode=3
	THEN
	SELECT t1.*,DATE_FORMAT(t1.createdDate,'%d-%m-%Y')`date`,t3.name countryName,t4.name cityName,t5.name stateName,
	(SELECT buname FROM bu WHERE buId=(SELECT MAX(buId) FROM bu WHERE ouId=t1.ouId))buName,t1.deleted ouDeleted,
	(SELECT CONCAT(firstName,' ',lastName) FROM users WHERE roleId='5' AND users.ouId=t1.ouId AND users.buId=(SELECT MAX(buId) FROM bu WHERE ouId=t1.ouId))userName
	FROM `ou` t1
	LEFT JOIN `mykbizlivenew`.`countries`t3 ON t3.id=t1.country 
	LEFT JOIN `mykbizlivenew`.`cities`t4 ON t4.id=t1.city 
	LEFT JOIN `mykbizlivenew`.`states`t5 ON t5.id=t1.state  ORDER BY createdDate DESC LIMIT p_limit,10;
	END IF;
	
	IF p_mode=1
	THEN
	UPDATE ou SET ouname=p_ouname,address1=p_address1,address2=p_address2,city=p_city,state=p_state,country=p_country,pin=p_pin,emailId=p_emailid
	,oulogo=p_oulogo,phone=p_mobile WHERE ouId=p_ouId;
	-- update bu set email=p_emailid where buId=(select a.buId from(SELECT MAX(buId) buid FROM bu WHERE ouId=p_ouId)a);
	UPDATE users SET firstName=p_firstName,lastName=p_lastName,mobile=p_emailid,`password`=p_password,userName=p_emailid WHERE ouId=p_ouId AND roleId=5;
	SELECT 'aa';
	END IF;
    END */$$
DELIMITER ;

/* Procedure structure for procedure `proc_oubu_module_mapping_iud` */

/*!50003 DROP PROCEDURE IF EXISTS  `proc_oubu_module_mapping_iud` */;

DELIMITER $$

/*!50003 CREATE DEFINER=`sanjiv`@`%` PROCEDURE `proc_oubu_module_mapping_iud`(
	 p_mode INT(10),
	 p_ouId INT(10),
	 p_buId INT(10),
	 p_moduleId INT(10),
	 p_moduleMappingId INT(10),
	 p_limit INT(10)
	
    
    )
BEGIN
	IF p_mode=0
	THEN
	IF NOT EXISTS(SELECT * FROM `tbl_ou_bu_module_mapping` WHERE ouId=p_ouId AND buId=p_buId AND moduleId=p_moduleId AND deleted='off')
	THEN 
	INSERT INTO `tbl_ou_bu_module_mapping`(ouId,buId,moduleId) VALUES(p_ouId,p_buId,p_moduleId);
	SELECT 'OU-BU module mapping added successfully' response;
	ELSE
	SELECT 'This ou-bu module mapping already exists.' response;
	END IF;
	END IF;
	
	IF p_mode=2
	THEN
	SELECT * FROM `tbl_ou_bu_module_mapping` WHERE moduleMappingId=p_moduleMappingId;
	END IF;
	
	IF p_mode=1
	THEN
	UPDATE `tbl_ou_bu_module_mapping` SET ouId=p_ouId,buId=p_buId,moduleId=p_moduleId WHERE moduleMappingId=p_moduleMappingId;
	SELECT 'aa';
	END IF;
	
	IF p_mode=3
	THEN
	SELECT t1.*,t2.ouname,t3.buname,t4.ModuleName,((SELECT COUNT(moduleMappingId) FROM `tbl_web_role_screen_mapping` WHERE moduleMappingId=t1.moduleMappingId)+
		(SELECT COUNT(moduleMappingId) FROM `tbl_app_role_mapping` WHERE moduleMappingId=t1.moduleMappingId))mappingCount FROM `tbl_ou_bu_module_mapping` t1 
	LEFT JOIN `ou` t2 ON t1.ouId=t2.ouId
	LEFT JOIN `bu` t3 ON t1.buId=t3.buId 
	LEFT JOIN `tbl_module` t4 ON t1.moduleId=t4.moduleId  WHERE t1.deleted ='off' LIMIT p_limit,10;
	END IF;
	
    END */$$
DELIMITER ;

/* Procedure structure for procedure `proc_web_role_screen_mapping` */

/*!50003 DROP PROCEDURE IF EXISTS  `proc_web_role_screen_mapping` */;

DELIMITER $$

/*!50003 CREATE DEFINER=`sanjiv`@`%` PROCEDURE `proc_web_role_screen_mapping`(
	p_mode INT(10),
	p_ouId TEXT,
	p_buId TEXT,
	p_roleId TEXT,
	p_moduleMappingId TEXT,
	p_menuId TEXT,
	p_screenId TEXT,
	p_limit INT(10)
    
    )
BEGIN
	
	IF p_mode=0
	   THEN
	   DROP  TABLE IF EXISTS `tmp_web_role_screen_mapping`;
	   CREATE  TABLE tmp_web_role_screen_mapping
	   (
	   roleId VARCHAR(250),
	   roleView VARCHAR(250),
	   moduleMappingId VARCHAR(250),
	   menuId VARCHAR(350),
	   screenId VARCHAR(250)
	   );
	   INSERT  INTO tmp_web_role_screen_mapping(roleId,roleView,moduleMappingId,menuId,screenId)
	   SELECT p_roleId,'on',p_moduleMappingId,TRIM(SUBSTRING_INDEX(SUBSTRING_INDEX(p_menuId, ',', n.n), ',', -1)),
	      TRIM(SUBSTRING_INDEX(SUBSTRING_INDEX(p_screenId, ',', n.n), ',', -1))
	     
	    FROM
	    (    
	   SELECT a.N + b.N * 10 + 1 n
	    FROM
	   (SELECT 0 AS N UNION ALL SELECT 1 UNION ALL SELECT 2 UNION ALL SELECT 3 UNION ALL SELECT 4 UNION ALL SELECT 5 UNION ALL SELECT 6 UNION ALL SELECT 7 UNION ALL SELECT 8 UNION ALL SELECT 9) a
	  ,(SELECT 0 AS N UNION ALL SELECT 1 UNION ALL SELECT 2 UNION ALL SELECT 3 UNION ALL SELECT 4 UNION ALL SELECT 5 UNION ALL SELECT 6 UNION ALL SELECT 7 UNION ALL SELECT 8 UNION ALL SELECT 9) b
	   ORDER BY n
	) n
	WHERE n.n <= 1 + (LENGTH(p_screenId) - LENGTH(REPLACE(p_screenId, ',', '')))
	AND TRIM(SUBSTRING_INDEX(SUBSTRING_INDEX(p_screenId, ',', n.n), ',', -1));
	INSERT INTO `tbl_web_role_screen_mapping` (roleId,roleView,moduleMappingId,menuId,screenId)
	SELECT * FROM tmp_web_role_screen_mapping
	WHERE screenId NOT IN (SELECT screenId FROM `tbl_web_role_screen_mapping` WHERE tbl_web_role_screen_mapping.screenId=tmp_web_role_screen_mapping.screenId AND 
	tbl_web_role_screen_mapping.menuId=tmp_web_role_screen_mapping.menuId AND tbl_web_role_screen_mapping.moduleMappingId=tmp_web_role_screen_mapping.moduleMappingId  
	AND tbl_web_role_screen_mapping.roleId=tmp_web_role_screen_mapping.roleId  );
	  UPDATE tbl_web_role_screen_mapping
	JOIN
	tmp_web_role_screen_mapping
	ON tbl_web_role_screen_mapping.screenId=tmp_web_role_screen_mapping.screenId 
	AND tbl_web_role_screen_mapping.menuId=tmp_web_role_screen_mapping.menuId
	AND
	tbl_web_role_screen_mapping.moduleMappingId=tmp_web_role_screen_mapping.moduleMappingId
	SET 
		tbl_web_role_screen_mapping.roleId=IFNULL(NULLIF(tmp_web_role_screen_mapping.roleId,''),tbl_web_role_screen_mapping.roleId),
		tbl_web_role_screen_mapping.roleView=tmp_web_role_screen_mapping.roleView,
		tbl_web_role_screen_mapping.moduleMappingId=IFNULL(NULLIF(tmp_web_role_screen_mapping.moduleMappingId,''),tbl_web_role_screen_mapping.moduleMappingId),
		tbl_web_role_screen_mapping.menuId=IFNULL(NULLIF(tmp_web_role_screen_mapping.menuId,''),tbl_web_role_screen_mapping.menuId),
		tbl_web_role_screen_mapping.screenId=IFNULL(NULLIF(tmp_web_role_screen_mapping.screenId,''),tbl_web_role_screen_mapping.screenId)
		
		
		WHERE tbl_web_role_screen_mapping.screenId=tmp_web_role_screen_mapping.screenId and tbl_web_role_screen_mapping.roleId=tmp_web_role_screen_mapping.roleId  and 
		tbl_web_role_screen_mapping.moduleMappingId=tmp_web_role_screen_mapping.moduleMappingId;
	  UPDATE tbl_web_role_screen_mapping
          SET 
		tbl_web_role_screen_mapping.roleView='off'
		
		WHERE tbl_web_role_screen_mapping.screenId NOT IN(
		SELECT screenId FROM `tmp_web_role_screen_mapping` WHERE tbl_web_role_screen_mapping.screenId=tmp_web_role_screen_mapping.screenId AND 
	tbl_web_role_screen_mapping.roleId=tmp_web_role_screen_mapping.roleId AND tbl_web_role_screen_mapping.moduleMappingId=tmp_web_role_screen_mapping.moduleMappingId )
	AND roleId=p_roleId AND moduleMappingId=p_moduleMappingId;
		SELECT 'aa';
	END IF;
	
	IF p_mode=3
	THEN
	SELECT t1.*,t2.roleName,t3.screenName ,t5.ouname,t6.buname,t7.moduleName
	FROM `tbl_web_role_screen_mapping` t1
	LEFT JOIN `role` t2 ON t1.roleId=t2.roleId
	LEFT JOIN `tbl_web_screen` t3 ON t1.screenId=t3.screenId
	LEFT JOIN `tbl_ou_bu_module_mapping` t4 ON t1.moduleMappingId=t4.moduleMappingId
	LEFT JOIN `ou` t5 ON t4.ouId=t5.ouId
	LEFT JOIN `bu` t6 ON t4.buId=t6.buId
	LEFT JOIN `tbl_module` t7 ON t4.moduleId=t7.moduleId WHERE roleView='on' LIMIT p_limit,10;
	END IF;
	
    END */$$
DELIMITER ;

/*!40101 SET SQL_MODE=@OLD_SQL_MODE */;
/*!40014 SET FOREIGN_KEY_CHECKS=@OLD_FOREIGN_KEY_CHECKS */;
/*!40014 SET UNIQUE_CHECKS=@OLD_UNIQUE_CHECKS */;
/*!40111 SET SQL_NOTES=@OLD_SQL_NOTES */;
